MAG_AΩX01_3	UniRef100_X01_3~K03595	96.4	249	249	100.0	249	0.0	2e-104	747	98	249	249	2e-104
MAG_AΩX01_6	UniRef100_X01_6~K01534	96.4	381	381	100.0	381	0.0	2e-104	1143	98	381	381	2e-104
MAG_AΩX01_7	UniRef100_X01_7~K07483	96.4	298	298	100.0	298	0.0	2e-104	894	98	298	298	2e-104
MAG_AΩX01_11	UniRef100_X01_11~K00882	96.4	391	391	100.0	391	0.0	2e-104	1173	98	391	391	2e-104
MAG_AΩX01_13	UniRef100_X01_13~K03897	96.4	332	332	100.0	332	0.0	2e-104	996	98	332	332	2e-104
MAG_AΩX01_17	UniRef100_X01_17~K10947	96.4	245	245	100.0	245	0.0	2e-104	735	98	245	245	2e-104
MAG_AΩX01_18	UniRef100_X01_18~K00606	96.4	248	248	100.0	248	0.0	2e-104	744	98	248	248	2e-104
MAG_AΩX01_22	UniRef100_X01_22~K02335	96.4	302	302	100.0	302	0.0	2e-104	906	98	302	302	2e-104
MAG_AΩX01_26	UniRef100_X01_26~K00758	96.4	341	341	100.0	341	0.0	2e-104	1023	98	341	341	2e-104
MAG_AΩX01_28	UniRef100_X01_28~K02892	96.4	348	348	100.0	348	0.0	2e-104	1044	98	348	348	2e-104
MAG_AΩX01_30	UniRef100_X01_30~K03217	96.4	255	255	100.0	255	0.0	2e-104	765	98	255	255	2e-104
MAG_AΩX01_32	UniRef100_X01_32~K06888	96.4	279	279	100.0	279	0.0	2e-104	837	98	279	279	2e-104
MAG_AΩX01_33	UniRef100_X01_33~K00252	96.4	269	269	100.0	269	0.0	2e-104	807	98	269	269	2e-104
MAG_AΩX01_38	UniRef100_X01_38~K01992	96.4	347	347	100.0	347	0.0	2e-104	1041	98	347	347	2e-104
MAG_AΩX01_42	UniRef100_X01_42~K01756	96.4	294	294	100.0	294	0.0	2e-104	882	98	294	294	2e-104
MAG_AΩX01_44	UniRef100_X01_44~K06994	96.4	340	340	100.0	340	0.0	2e-104	1020	98	340	340	2e-104
MAG_AΩX01_45	UniRef100_X01_45~K01804	96.4	288	288	100.0	288	0.0	2e-104	864	98	288	288	2e-104
MAG_AΩX02_2	UniRef100_X02_2~K01735	96.4	293	293	100.0	293	0.0	2e-104	879	98	293	293	2e-104
MAG_AΩX02_3	UniRef100_X02_3~K09940	96.4	341	341	100.0	341	0.0	2e-104	1023	98	341	341	2e-104
MAG_AΩX02_7	UniRef100_X02_7~K01534	96.4	386	386	100.0	386	0.0	2e-104	1158	98	386	386	2e-104
MAG_AΩX02_13	UniRef100_X02_13~K16014	96.4	212	212	100.0	212	0.0	2e-104	636	98	212	212	2e-104
MAG_AΩX02_18	UniRef100_X02_18~K00995	96.4	252	252	100.0	252	0.0	2e-104	756	98	252	252	2e-104
MAG_AΩX02_23	UniRef100_X02_23~K03453	96.4	345	345	100.0	345	0.0	2e-104	1035	98	345	345	2e-104
MAG_AΩX02_25	UniRef100_X02_25~K02440	96.4	254	254	100.0	254	0.0	2e-104	762	98	254	254	2e-104
MAG_AΩX02_29	UniRef100_X02_29~K00604	96.4	236	236	100.0	236	0.0	2e-104	708	98	236	236	2e-104
MAG_AΩX02_32	UniRef100_X02_32~K11928	96.4	357	357	100.0	357	0.0	2e-104	1071	98	357	357	2e-104
MAG_AΩX02_33	UniRef100_X02_33~K01626	96.4	256	256	100.0	256	0.0	2e-104	768	98	256	256	2e-104
MAG_AΩX02_34	UniRef100_X02_34~K09005	96.4	250	250	100.0	250	0.0	2e-104	750	98	250	250	2e-104
MAG_AΩX02_35	UniRef100_X02_35~K00363	96.4	348	348	100.0	348	0.0	2e-104	1044	98	348	348	2e-104
MAG_AΩX02_38	UniRef100_X02_38~K00153	96.4	240	240	100.0	240	0.0	2e-104	720	98	240	240	2e-104
MAG_AΩX02_40	UniRef100_X02_40~K00891	96.4	334	334	100.0	334	0.0	2e-104	1002	98	334	334	2e-104
MAG_AΩX02_41	UniRef100_X02_41~K03710	96.4	212	212	100.0	212	0.0	2e-104	636	98	212	212	2e-104
MAG_AΩX02_42	UniRef100_X02_42~K01191	96.4	324	324	100.0	324	0.0	2e-104	972	98	324	324	2e-104
MAG_AΩX02_50	UniRef100_X02_50~K03928	96.4	260	260	100.0	260	0.0	2e-104	780	98	260	260	2e-104
MAG_AΩX02_52	UniRef100_X02_52~K01425	96.4	383	383	100.0	383	0.0	2e-104	1149	98	383	383	2e-104
MAG_AΩX02_57	UniRef100_X02_57~K06148	96.4	369	369	100.0	369	0.0	2e-104	1107	98	369	369	2e-104
MAG_AΩX02_61	UniRef100_X02_61~K00627	96.4	296	296	100.0	296	0.0	2e-104	888	98	296	296	2e-104
MAG_AΩX02_64	UniRef100_X02_64~K11414	96.4	361	361	100.0	361	0.0	2e-104	1083	98	361	361	2e-104
MAG_AΩX02_66	UniRef100_X02_66~K15580	96.4	321	321	100.0	321	0.0	2e-104	963	98	321	321	2e-104
MAG_AΩX02_68	UniRef100_X02_68~K15866	96.4	370	370	100.0	370	0.0	2e-104	1110	98	370	370	2e-104
MAG_AΩX02_70	UniRef100_X02_70~K09167	96.4	323	323	100.0	323	0.0	2e-104	969	98	323	323	2e-104
MAG_AΩX02_72	UniRef100_X02_72~K01885	96.4	246	246	100.0	246	0.0	2e-104	738	98	246	246	2e-104
MAG_AΩX02_73	UniRef100_X02_73~K06158	96.4	277	277	100.0	277	0.0	2e-104	831	98	277	277	2e-104
MAG_AΩX02_79	UniRef100_X02_79~K00103	96.4	406	406	100.0	406	0.0	2e-104	1218	98	406	406	2e-104
MAG_AΩX02_82	UniRef100_X02_82~K03470	96.4	400	400	100.0	400	0.0	2e-104	1200	98	400	400	2e-104
MAG_AΩX02_84	UniRef100_X02_84~K01069	96.4	319	319	100.0	319	0.0	2e-104	957	98	319	319	2e-104
MAG_AΩX02_85	UniRef100_X02_85~K03709	96.4	368	368	100.0	368	0.0	2e-104	1104	98	368	368	2e-104
MAG_AΩX02_86	UniRef100_X02_86~K02613	96.4	274	274	100.0	274	0.0	2e-104	822	98	274	274	2e-104
MAG_AΩX02_88	UniRef100_X02_88~K01874	96.4	327	327	100.0	327	0.0	2e-104	981	98	327	327	2e-104
MAG_AΩX02_89	UniRef100_X02_89~K03639	96.4	205	205	100.0	205	0.0	2e-104	615	98	205	205	2e-104
MAG_AΩX02_90	UniRef100_X02_90~K06998	96.4	278	278	100.0	278	0.0	2e-104	834	98	278	278	2e-104
MAG_AΩX02_91	UniRef100_X02_91~K03596	96.4	270	270	100.0	270	0.0	2e-104	810	98	270	270	2e-104
MAG_AΩX02_94	UniRef100_X02_94~K07154	96.4	321	321	100.0	321	0.0	2e-104	963	98	321	321	2e-104
MAG_AΩX02_95	UniRef100_X02_95~K02002	96.4	230	230	100.0	230	0.0	2e-104	690	98	230	230	2e-104
MAG_AΩX02_100	UniRef100_X02_100~K01867	96.4	285	285	100.0	285	0.0	2e-104	855	98	285	285	2e-104
MAG_AΩX02_102	UniRef100_X02_102~K09015	96.4	186	186	100.0	186	0.0	2e-104	558	98	186	186	2e-104
MAG_AΩX02_103	UniRef100_X02_103~K01805	96.4	260	260	100.0	260	0.0	2e-104	780	98	260	260	2e-104
MAG_AΩX02_104	UniRef100_X02_104~K02552	96.4	328	328	100.0	328	0.0	2e-104	984	98	328	328	2e-104
MAG_AΩX02_106	UniRef100_X02_106~K07729	96.4	337	337	100.0	337	0.0	2e-104	1011	98	337	337	2e-104
MAG_AΩX02_109	UniRef100_X02_109~K07684	96.4	221	221	100.0	221	0.0	2e-104	663	98	221	221	2e-104
MAG_AΩX02_110	UniRef100_X02_110~K00983	96.4	308	308	100.0	308	0.0	2e-104	924	98	308	308	2e-104
MAG_AΩX02_111	UniRef100_X02_111~K00134	96.4	280	280	100.0	280	0.0	2e-104	840	98	280	280	2e-104
MAG_AΩX02_112	UniRef100_X02_112~K03724	96.4	227	227	100.0	227	0.0	2e-104	681	98	227	227	2e-104
MAG_AΩX02_114	UniRef100_X02_114~K02475	96.4	254	254	100.0	254	0.0	2e-104	762	98	254	254	2e-104
MAG_AΩX02_116	UniRef100_X02_116~K02611	96.4	362	362	100.0	362	0.0	2e-104	1086	98	362	362	2e-104
MAG_AΩX02_118	UniRef100_X02_118~K06997	96.4	331	331	100.0	331	0.0	2e-104	993	98	331	331	2e-104
MAG_AΩX02_119	UniRef100_X02_119~K00615	96.4	306	306	100.0	306	0.0	2e-104	918	98	306	306	2e-104
MAG_AΩX02_120	UniRef100_X02_120~K07140	96.4	242	242	100.0	242	0.0	2e-104	726	98	242	242	2e-104
MAG_AΩX02_122	UniRef100_X02_122~K01631	96.4	382	382	100.0	382	0.0	2e-104	1146	98	382	382	2e-104
MAG_AΩX02_126	UniRef100_X02_126~K05786	96.4	268	268	100.0	268	0.0	2e-104	804	98	268	268	2e-104
MAG_AΩX02_129	UniRef100_X02_129~K00845	96.4	297	297	100.0	297	0.0	2e-104	891	98	297	297	2e-104
MAG_AΩX02_132	UniRef100_X02_132~K07071	96.4	385	385	100.0	385	0.0	2e-104	1155	98	385	385	2e-104
MAG_AΩX02_133	UniRef100_X02_133~K18955	96.4	293	293	100.0	293	0.0	2e-104	879	98	293	293	2e-104
MAG_AΩX02_134	UniRef100_X02_134~K07101	96.4	350	350	100.0	350	0.0	2e-104	1050	98	350	350	2e-104
MAG_AΩX02_136	UniRef100_X02_136~K07240	96.4	240	240	100.0	240	0.0	2e-104	720	98	240	240	2e-104
MAG_AΩX02_140	UniRef100_X02_140~K07260	96.4	303	303	100.0	303	0.0	2e-104	909	98	303	303	2e-104
MAG_AΩX02_142	UniRef100_X02_142~K15733	96.4	373	373	100.0	373	0.0	2e-104	1119	98	373	373	2e-104
MAG_AΩX02_144	UniRef100_X02_144~K10805	96.4	265	265	100.0	265	0.0	2e-104	795	98	265	265	2e-104
MAG_AΩX02_146	UniRef100_X02_146~K06147	96.4	330	330	100.0	330	0.0	2e-104	990	98	330	330	2e-104
MAG_AΩX02_147	UniRef100_X02_147~K15738	96.4	308	308	100.0	308	0.0	2e-104	924	98	308	308	2e-104
MAG_AΩX02_148	UniRef100_X02_148~K07177	96.4	362	362	100.0	362	0.0	2e-104	1086	98	362	362	2e-104
MAG_AΩX02_150	UniRef100_X02_150~K03727	96.4	260	260	100.0	260	0.0	2e-104	780	98	260	260	2e-104
MAG_AΩX02_153	UniRef100_X02_153~K01897	96.4	285	285	100.0	285	0.0	2e-104	855	98	285	285	2e-104
MAG_AΩX02_156	UniRef100_X02_156~K05794	96.4	208	208	100.0	208	0.0	2e-104	624	98	208	208	2e-104
MAG_AΩX02_157	UniRef100_X02_157~K09692	96.4	330	330	100.0	330	0.0	2e-104	990	98	330	330	2e-104
MAG_AΩX02_159	UniRef100_X02_159~K19784	96.4	261	261	100.0	261	0.0	2e-104	783	98	261	261	2e-104
MAG_AΩX02_161	UniRef100_X02_161~K09019	96.4	217	217	100.0	217	0.0	2e-104	651	98	217	217	2e-104
MAG_AΩX02_163	UniRef100_X02_163~K06998	96.4	310	310	100.0	310	0.0	2e-104	930	98	310	310	2e-104
MAG_AΩX03_1	UniRef100_X03_1~K03762	96.4	276	276	100.0	276	0.0	2e-104	828	98	276	276	2e-104
MAG_AΩX03_2	UniRef100_X03_2~K01652	96.4	297	297	100.0	297	0.0	2e-104	891	98	297	297	2e-104
MAG_AΩX03_8	UniRef100_X03_8~K01081	96.4	216	216	100.0	216	0.0	2e-104	648	98	216	216	2e-104
MAG_AΩX03_9	UniRef100_X03_9~K03827	96.4	267	267	100.0	267	0.0	2e-104	801	98	267	267	2e-104
MAG_AΩX03_11	UniRef100_X03_11~K02484	96.4	348	348	100.0	348	0.0	2e-104	1044	98	348	348	2e-104
MAG_AΩX03_22	UniRef100_X03_22~K10117	96.4	258	258	100.0	258	0.0	2e-104	774	98	258	258	2e-104
MAG_AΩX03_25	UniRef100_X03_25~K02483	96.4	379	379	100.0	379	0.0	2e-104	1137	98	379	379	2e-104
MAG_AΩX03_28	UniRef100_X03_28~K00059	96.4	346	346	100.0	346	0.0	2e-104	1038	98	346	346	2e-104
MAG_AΩX03_29	UniRef100_X03_29~K02071	96.4	274	274	100.0	274	0.0	2e-104	822	98	274	274	2e-104
MAG_AΩX03_30	UniRef100_X03_30~K02434	96.4	285	285	100.0	285	0.0	2e-104	855	98	285	285	2e-104
MAG_AΩX03_35	UniRef100_X03_35~K03327	96.4	274	274	100.0	274	0.0	2e-104	822	98	274	274	2e-104
MAG_AΩX03_36	UniRef100_X03_36~K01744	96.4	306	306	100.0	306	0.0	2e-104	918	98	306	306	2e-104
MAG_AΩX03_37	UniRef100_X03_37~K02073	96.4	289	289	100.0	289	0.0	2e-104	867	98	289	289	2e-104
MAG_AΩX03_38	UniRef100_X03_38~K01354	96.4	311	311	100.0	311	0.0	2e-104	933	98	311	311	2e-104
MAG_AΩX03_39	UniRef100_X03_39~K00627	96.4	353	353	100.0	353	0.0	2e-104	1059	98	353	353	2e-104
MAG_AΩX03_42	UniRef100_X03_42~K02476	96.4	318	318	100.0	318	0.0	2e-104	954	98	318	318	2e-104
MAG_AΩX03_43	UniRef100_X03_43~K01921	96.4	272	272	100.0	272	0.0	2e-104	816	98	272	272	2e-104
MAG_AΩX03_45	UniRef100_X03_45~K03574	96.4	306	306	100.0	306	0.0	2e-104	918	98	306	306	2e-104
MAG_AΩX03_46	UniRef100_X03_46~K06949	96.4	354	354	100.0	354	0.0	2e-104	1062	98	354	354	2e-104
MAG_AΩX03_48	UniRef100_X03_48~K12506	96.4	184	184	100.0	184	0.0	2e-104	552	98	184	184	2e-104
MAG_AΩX03_51	UniRef100_X03_51~K03719	96.4	274	274	100.0	274	0.0	2e-104	822	98	274	274	2e-104
MAG_AΩX03_52	UniRef100_X03_52~K01745	96.4	266	266	100.0	266	0.0	2e-104	798	98	266	266	2e-104
MAG_AΩX03_54	UniRef100_X03_54~K01935	96.4	359	359	100.0	359	0.0	2e-104	1077	98	359	359	2e-104
MAG_AΩX03_55	UniRef100_X03_55~K03101	96.4	315	315	100.0	315	0.0	2e-104	945	98	315	315	2e-104
MAG_AΩX03_57	UniRef100_X03_57~K02916	96.4	294	294	100.0	294	0.0	2e-104	882	98	294	294	2e-104
MAG_AΩX03_58	UniRef100_X03_58~K09471	96.4	347	347	100.0	347	0.0	2e-104	1041	98	347	347	2e-104
MAG_AΩX03_60	UniRef100_X03_60~K00794	96.4	389	389	100.0	389	0.0	2e-104	1167	98	389	389	2e-104
MAG_AΩX03_61	UniRef100_X03_61~K07458	96.4	370	370	100.0	370	0.0	2e-104	1110	98	370	370	2e-104
MAG_AΩX03_62	UniRef100_X03_62~K04518	96.4	214	214	100.0	214	0.0	2e-104	642	98	214	214	2e-104
MAG_AΩX03_63	UniRef100_X03_63~K00681	96.4	319	319	100.0	319	0.0	2e-104	957	98	319	319	2e-104
MAG_AΩX03_65	UniRef100_X03_65~K02029	96.4	393	393	100.0	393	0.0	2e-104	1179	98	393	393	2e-104
MAG_AΩX03_66	UniRef100_X03_66~K15581	96.4	288	288	100.0	288	0.0	2e-104	864	98	288	288	2e-104
MAG_AΩX03_67	UniRef100_X03_67~K01046	96.4	290	290	100.0	290	0.0	2e-104	870	98	290	290	2e-104
MAG_AΩX03_69	UniRef100_X03_69~K02358	96.4	357	357	100.0	357	0.0	2e-104	1071	98	357	357	2e-104
MAG_AΩX03_70	UniRef100_X03_70~K01439	96.4	272	272	100.0	272	0.0	2e-104	816	98	272	272	2e-104
MAG_AΩX03_72	UniRef100_X03_72~K00766	96.4	249	249	100.0	249	0.0	2e-104	747	98	249	249	2e-104
MAG_AΩX03_73	UniRef100_X03_73~K06187	96.4	255	255	100.0	255	0.0	2e-104	765	98	255	255	2e-104
MAG_AΩX03_80	UniRef100_X03_80~K09796	96.4	368	368	100.0	368	0.0	2e-104	1104	98	368	368	2e-104
MAG_AΩX03_81	UniRef100_X03_81~K06217	96.4	235	235	100.0	235	0.0	2e-104	705	98	235	235	2e-104
MAG_AΩX03_83	UniRef100_X03_83~K03118	96.4	344	344	100.0	344	0.0	2e-104	1032	98	344	344	2e-104
MAG_AΩX03_85	UniRef100_X03_85~K01470	96.4	338	338	100.0	338	0.0	2e-104	1014	98	338	338	2e-104
MAG_AΩX03_86	UniRef100_X03_86~K00971	96.4	356	356	100.0	356	0.0	2e-104	1068	98	356	356	2e-104
MAG_AΩX03_90	UniRef100_X03_90~K06024	96.4	274	274	100.0	274	0.0	2e-104	822	98	274	274	2e-104
MAG_AΩX03_91	UniRef100_X03_91~K00761	96.4	276	276	100.0	276	0.0	2e-104	828	98	276	276	2e-104
MAG_AΩX03_92	UniRef100_X03_92~K06886	96.4	245	245	100.0	245	0.0	2e-104	735	98	245	245	2e-104
MAG_AΩX03_93	UniRef100_X03_93~K02879	96.4	196	196	100.0	196	0.0	2e-104	588	98	196	196	2e-104
MAG_AΩX03_95	UniRef100_X03_95~K03629	96.4	383	383	100.0	383	0.0	2e-104	1149	98	383	383	2e-104
MAG_AΩX03_96	UniRef100_X03_96~K02039	96.4	337	337	100.0	337	0.0	2e-104	1011	98	337	337	2e-104
MAG_AΩX03_98	UniRef100_X03_98~K04768	96.4	265	265	100.0	265	0.0	2e-104	795	98	265	265	2e-104
MAG_AΩX03_100	UniRef100_X03_100~K06994	96.4	310	310	100.0	310	0.0	2e-104	930	98	310	310	2e-104
MAG_AΩX03_101	UniRef100_X03_101~K00805	96.4	380	380	100.0	380	0.0	2e-104	1140	98	380	380	2e-104
MAG_AΩX03_102	UniRef100_X03_102~K01679	96.4	299	299	100.0	299	0.0	2e-104	897	98	299	299	2e-104
MAG_AΩX03_103	UniRef100_X03_103~K01990	96.4	355	355	100.0	355	0.0	2e-104	1065	98	355	355	2e-104
MAG_AΩX03_104	UniRef100_X03_104~K03579	96.4	325	325	100.0	325	0.0	2e-104	975	98	325	325	2e-104
MAG_AΩX03_105	UniRef100_X03_105~K07100	96.4	242	242	100.0	242	0.0	2e-104	726	98	242	242	2e-104
MAG_AΩX03_107	UniRef100_X03_107~K01689	96.4	313	313	100.0	313	0.0	2e-104	939	98	313	313	2e-104
MAG_AΩX03_108	UniRef100_X03_108~K00762	96.4	399	399	100.0	399	0.0	2e-104	1197	98	399	399	2e-104
MAG_AΩX03_111	UniRef100_X03_111~K07052	96.4	430	430	100.0	430	0.0	2e-104	1290	98	430	430	2e-104
MAG_AΩX03_113	UniRef100_X03_113~K09013	96.4	340	340	100.0	340	0.0	2e-104	1020	98	340	340	2e-104
MAG_AΩX03_114	UniRef100_X03_114~K02314	96.4	362	362	100.0	362	0.0	2e-104	1086	98	362	362	2e-104
MAG_AΩX03_116	UniRef100_X03_116~K07045	96.4	283	283	100.0	283	0.0	2e-104	849	98	283	283	2e-104
MAG_AΩX03_119	UniRef100_X03_119~K13482	96.4	269	269	100.0	269	0.0	2e-104	807	98	269	269	2e-104
MAG_AΩX03_121	UniRef100_X03_121~K00931	96.4	303	303	100.0	303	0.0	2e-104	909	98	303	303	2e-104
MAG_AΩX03_126	UniRef100_X03_126~K19542	96.4	379	379	100.0	379	0.0	2e-104	1137	98	379	379	2e-104
MAG_AΩX03_130	UniRef100_X03_130~K03457	96.4	328	328	100.0	328	0.0	2e-104	984	98	328	328	2e-104
MAG_AΩX03_131	UniRef100_X03_131~K06867	96.4	310	310	100.0	310	0.0	2e-104	930	98	310	310	2e-104
MAG_AΩX03_134	UniRef100_X03_134~K02878	96.4	203	203	100.0	203	0.0	2e-104	609	98	203	203	2e-104
MAG_AΩX03_135	UniRef100_X03_135~K16785	96.4	302	302	100.0	302	0.0	2e-104	906	98	302	302	2e-104
MAG_AΩX03_136	UniRef100_X03_136~K07175	96.4	354	354	100.0	354	0.0	2e-104	1062	98	354	354	2e-104
MAG_AΩX03_138	UniRef100_X03_138~K02057	96.4	270	270	100.0	270	0.0	2e-104	810	98	270	270	2e-104
MAG_AΩX03_140	UniRef100_X03_140~K02040	96.4	348	348	100.0	348	0.0	2e-104	1044	98	348	348	2e-104
MAG_AΩX03_141	UniRef100_X03_141~K01992	96.4	258	258	100.0	258	0.0	2e-104	774	98	258	258	2e-104
MAG_AΩX03_142	UniRef100_X03_142~K01681	96.4	310	310	100.0	310	0.0	2e-104	930	98	310	310	2e-104
MAG_AΩX03_143	UniRef100_X03_143~K07214	96.4	275	275	100.0	275	0.0	2e-104	825	98	275	275	2e-104
MAG_AΩX03_145	UniRef100_X03_145~K06442	96.4	257	257	100.0	257	0.0	2e-104	771	98	257	257	2e-104
MAG_AΩX03_147	UniRef100_X03_147~K15554	96.4	256	256	100.0	256	0.0	2e-104	768	98	256	256	2e-104
MAG_AΩX03_148	UniRef100_X03_148~K03168	96.4	321	321	100.0	321	0.0	2e-104	963	98	321	321	2e-104
MAG_AΩX03_150	UniRef100_X03_150~K07483	96.4	305	305	100.0	305	0.0	2e-104	915	98	305	305	2e-104
MAG_AΩX03_151	UniRef100_X03_151~K07156	96.4	287	287	100.0	287	0.0	2e-104	861	98	287	287	2e-104
MAG_AΩX03_152	UniRef100_X03_152~K04078	96.4	305	305	100.0	305	0.0	2e-104	915	98	305	305	2e-104
MAG_AΩX03_154	UniRef100_X03_154~K01252	96.4	282	282	100.0	282	0.0	2e-104	846	98	282	282	2e-104
MAG_AΩX03_155	UniRef100_X03_155~K01739	96.4	309	309	100.0	309	0.0	2e-104	927	98	309	309	2e-104
MAG_AΩX03_156	UniRef100_X03_156~K07058	96.4	469	469	100.0	469	0.0	2e-104	1407	98	469	469	2e-104
MAG_AΩX03_157	UniRef100_X03_157~K09748	96.4	371	371	100.0	371	0.0	2e-104	1113	98	371	371	2e-104
MAG_AΩX03_158	UniRef100_X03_158~K07493	96.4	312	312	100.0	312	0.0	2e-104	936	98	312	312	2e-104
MAG_AΩX03_160	UniRef100_X03_160~K06048	96.4	175	175	100.0	175	0.0	2e-104	525	98	175	175	2e-104
MAG_AΩX03_163	UniRef100_X03_163~K00652	96.4	268	268	100.0	268	0.0	2e-104	804	98	268	268	2e-104
MAG_AΩX03_165	UniRef100_X03_165~K02033	96.4	227	227	100.0	227	0.0	2e-104	681	98	227	227	2e-104
MAG_AΩX03_166	UniRef100_X03_166~K01713	96.4	363	363	100.0	363	0.0	2e-104	1089	98	363	363	2e-104
MAG_AΩX03_172	UniRef100_X03_172~K03733	96.4	332	332	100.0	332	0.0	2e-104	996	98	332	332	2e-104
MAG_AΩX03_174	UniRef100_X03_174~K07483	96.4	332	332	100.0	332	0.0	2e-104	996	98	332	332	2e-104
MAG_AΩX03_177	UniRef100_X03_177~K16784	96.4	215	215	100.0	215	0.0	2e-104	645	98	215	215	2e-104
MAG_AΩX03_179	UniRef100_X03_179~K03762	96.4	334	334	100.0	334	0.0	2e-104	1002	98	334	334	2e-104
MAG_AΩX03_182	UniRef100_X03_182~K03969	96.4	353	353	100.0	353	0.0	2e-104	1059	98	353	353	2e-104
MAG_AΩX03_184	UniRef100_X03_184~K07497	96.4	243	243	100.0	243	0.0	2e-104	729	98	243	243	2e-104
MAG_AΩX03_185	UniRef100_X03_185~K03651	96.4	251	251	100.0	251	0.0	2e-104	753	98	251	251	2e-104
MAG_AΩX03_187	UniRef100_X03_187~K00857	96.4	282	282	100.0	282	0.0	2e-104	846	98	282	282	2e-104
MAG_AΩX03_188	UniRef100_X03_188~K11737	96.4	267	267	100.0	267	0.0	2e-104	801	98	267	267	2e-104
MAG_AΩX03_189	UniRef100_X03_189~K03782	96.4	214	214	100.0	214	0.0	2e-104	642	98	214	214	2e-104
MAG_AΩX03_190	UniRef100_X03_190~K01784	96.4	331	331	100.0	331	0.0	2e-104	993	98	331	331	2e-104
MAG_AΩX03_191	UniRef100_X03_191~K06173	96.4	360	360	100.0	360	0.0	2e-104	1080	98	360	360	2e-104
MAG_AΩX03_194	UniRef100_X03_194~K01714	96.4	344	344	100.0	344	0.0	2e-104	1032	98	344	344	2e-104
MAG_AΩX03_197	UniRef100_X03_197~K00082	96.4	309	309	100.0	309	0.0	2e-104	927	98	309	309	2e-104
MAG_AΩX03_198	UniRef100_X03_198~K01776	96.4	295	295	100.0	295	0.0	2e-104	885	98	295	295	2e-104
MAG_AΩX03_199	UniRef100_X03_199~K02015	96.4	336	336	100.0	336	0.0	2e-104	1008	98	336	336	2e-104
MAG_AΩX03_200	UniRef100_X03_200~K03469	96.4	280	280	100.0	280	0.0	2e-104	840	98	280	280	2e-104
MAG_AΩX03_201	UniRef100_X03_201~K07448	96.4	320	320	100.0	320	0.0	2e-104	960	98	320	320	2e-104
MAG_AΩX03_205	UniRef100_X03_205~K02072	96.4	244	244	100.0	244	0.0	2e-104	732	98	244	244	2e-104
MAG_AΩX03_206	UniRef100_X03_206~K03427	96.4	388	388	100.0	388	0.0	2e-104	1164	98	388	388	2e-104
MAG_AΩX03_208	UniRef100_X03_208~K02335	96.4	327	327	100.0	327	0.0	2e-104	981	98	327	327	2e-104
MAG_AΩX03_209	UniRef100_X03_209~K02016	96.4	289	289	100.0	289	0.0	2e-104	867	98	289	289	2e-104
MAG_AΩX03_210	UniRef100_X03_210~K02470	96.4	251	251	100.0	251	0.0	2e-104	753	98	251	251	2e-104
MAG_AΩX03_211	UniRef100_X03_211~K01840	96.4	415	415	100.0	415	0.0	2e-104	1245	98	415	415	2e-104
MAG_AΩX03_212	UniRef100_X03_212~K10947	96.4	267	267	100.0	267	0.0	2e-104	801	98	267	267	2e-104
MAG_AΩX03_214	UniRef100_X03_214~K06020	96.4	313	313	100.0	313	0.0	2e-104	939	98	313	313	2e-104
MAG_AΩX03_215	UniRef100_X03_215~K00655	96.4	318	318	100.0	318	0.0	2e-104	954	98	318	318	2e-104
MAG_AΩX03_216	UniRef100_X03_216~K09781	96.4	296	296	100.0	296	0.0	2e-104	888	98	296	296	2e-104
MAG_AΩX03_217	UniRef100_X03_217~K07460	96.4	323	323	100.0	323	0.0	2e-104	969	98	323	323	2e-104
MAG_AΩX03_218	UniRef100_X03_218~K01817	96.4	374	374	100.0	374	0.0	2e-104	1122	98	374	374	2e-104
MAG_AΩX03_219	UniRef100_X03_219~K02034	96.4	413	413	100.0	413	0.0	2e-104	1239	98	413	413	2e-104
MAG_AΩX03_222	UniRef100_X03_222~K02049	96.4	293	293	100.0	293	0.0	2e-104	879	98	293	293	2e-104
MAG_AΩX03_223	UniRef100_X03_223~K02529	96.4	155	155	100.0	155	0.0	2e-104	465	98	155	155	2e-104
MAG_AΩX03_224	UniRef100_X03_224~K01937	96.4	226	226	100.0	226	0.0	2e-104	678	98	226	226	2e-104
MAG_AΩX03_226	UniRef100_X03_226~K01082	96.4	308	308	100.0	308	0.0	2e-104	924	98	308	308	2e-104
MAG_AΩX03_228	UniRef100_X03_228~K03088	96.4	255	255	100.0	255	0.0	2e-104	765	98	255	255	2e-104
MAG_AΩX03_233	UniRef100_X03_233~K02283	96.4	256	256	100.0	256	0.0	2e-104	768	98	256	256	2e-104
MAG_AΩX03_239	UniRef100_X03_239~K00382	96.4	135	135	100.0	135	0.0	2e-104	405	98	135	135	2e-104
MAG_AΩX03_240	UniRef100_X03_240~K16164	96.4	249	249	100.0	249	0.0	2e-104	747	98	249	249	2e-104
MAG_AΩX03_248	UniRef100_X03_248~K02647	96.4	258	258	100.0	258	0.0	2e-104	774	98	258	258	2e-104
MAG_AΩX03_251	UniRef100_X03_251~K03685	96.4	271	271	100.0	271	0.0	2e-104	813	98	271	271	2e-104
MAG_AΩX03_252	UniRef100_X03_252~K11603	96.4	281	281	100.0	281	0.0	2e-104	843	98	281	281	2e-104
MAG_AΩX03_256	UniRef100_X03_256~K01409	96.4	274	274	100.0	274	0.0	2e-104	822	98	274	274	2e-104
MAG_AΩX03_258	UniRef100_X03_258~K00847	96.4	300	300	100.0	300	0.0	2e-104	900	98	300	300	2e-104
MAG_AΩX03_259	UniRef100_X03_259~K07485	96.4	331	331	100.0	331	0.0	2e-104	993	98	331	331	2e-104
MAG_AΩX03_260	UniRef100_X03_260~K02500	96.4	265	265	100.0	265	0.0	2e-104	795	98	265	265	2e-104
MAG_AΩX03_261	UniRef100_X03_261~K03381	96.4	206	206	100.0	206	0.0	2e-104	618	98	206	206	2e-104
MAG_AΩX03_262	UniRef100_X03_262~K02075	96.4	352	352	100.0	352	0.0	2e-104	1056	98	352	352	2e-104
MAG_AΩX03_263	UniRef100_X03_263~K03076	96.4	262	262	100.0	262	0.0	2e-104	786	98	262	262	2e-104
MAG_AΩX03_265	UniRef100_X03_265~K03637	96.4	319	319	100.0	319	0.0	2e-104	957	98	319	319	2e-104
MAG_AΩX03_267	UniRef100_X03_267~K15735	96.4	225	225	100.0	225	0.0	2e-104	675	98	225	225	2e-104
MAG_AΩX03_271	UniRef100_X03_271~K01174	96.4	284	284	100.0	284	0.0	2e-104	852	98	284	284	2e-104
MAG_AΩX03_273	UniRef100_X03_273~K02913	96.4	353	353	100.0	353	0.0	2e-104	1059	98	353	353	2e-104
MAG_AΩX03_275	UniRef100_X03_275~K02283	96.4	315	315	100.0	315	0.0	2e-104	945	98	315	315	2e-104
MAG_AΩX03_278	UniRef100_X03_278~K07497	96.4	375	375	100.0	375	0.0	2e-104	1125	98	375	375	2e-104
MAG_AΩX03_279	UniRef100_X03_279~K00161	96.4	320	320	100.0	320	0.0	2e-104	960	98	320	320	2e-104
MAG_AΩX03_281	UniRef100_X03_281~K09762	96.4	251	251	100.0	251	0.0	2e-104	753	98	251	251	2e-104
MAG_AΩX03_282	UniRef100_X03_282~K07483	96.4	284	284	100.0	284	0.0	2e-104	852	98	284	284	2e-104
MAG_AΩX03_283	UniRef100_X03_283~K05346	96.4	289	289	100.0	289	0.0	2e-104	867	98	289	289	2e-104
MAG_AΩX03_284	UniRef100_X03_284~K02316	96.4	250	250	100.0	250	0.0	2e-104	750	98	250	250	2e-104
MAG_AΩX03_285	UniRef100_X03_285~K18816	96.4	188	188	100.0	188	0.0	2e-104	564	98	188	188	2e-104
MAG_AΩX03_286	UniRef100_X03_286~K02532	96.4	358	358	100.0	358	0.0	2e-104	1074	98	358	358	2e-104
MAG_AΩX03_287	UniRef100_X03_287~K01608	96.4	285	285	100.0	285	0.0	2e-104	855	98	285	285	2e-104
MAG_AΩX03_291	UniRef100_X03_291~K03789	96.4	364	364	100.0	364	0.0	2e-104	1092	98	364	364	2e-104
MAG_AΩX03_293	UniRef100_X03_293~K03380	96.4	282	282	100.0	282	0.0	2e-104	846	98	282	282	2e-104
MAG_AΩX03_295	UniRef100_X03_295~K00014	96.4	295	295	100.0	295	0.0	2e-104	885	98	295	295	2e-104
MAG_AΩX03_296	UniRef100_X03_296~K00783	96.4	336	336	100.0	336	0.0	2e-104	1008	98	336	336	2e-104
MAG_AΩX03_297	UniRef100_X03_297~K02950	96.4	297	297	100.0	297	0.0	2e-104	891	98	297	297	2e-104
MAG_AΩX03_299	UniRef100_X03_299~K03072	96.4	413	413	100.0	413	0.0	2e-104	1239	98	413	413	2e-104
MAG_AΩX03_302	UniRef100_X03_302~K03340	96.4	348	348	100.0	348	0.0	2e-104	1044	98	348	348	2e-104
MAG_AΩX03_304	UniRef100_X03_304~K03299	96.4	296	296	100.0	296	0.0	2e-104	888	98	296	296	2e-104
MAG_AΩX04_1	UniRef100_X04_1~K02492	96.4	274	274	100.0	274	0.0	2e-104	822	98	274	274	2e-104
MAG_AΩX04_2	UniRef100_X04_2~K09959	96.4	290	290	100.0	290	0.0	2e-104	870	98	290	290	2e-104
MAG_AΩX04_3	UniRef100_X04_3~K02906	96.4	353	353	100.0	353	0.0	2e-104	1059	98	353	353	2e-104
MAG_AΩX04_4	UniRef100_X04_4~K02484	96.4	286	286	100.0	286	0.0	2e-104	858	98	286	286	2e-104
MAG_AΩX04_5	UniRef100_X04_5~K10027	96.4	278	278	100.0	278	0.0	2e-104	834	98	278	278	2e-104
MAG_AΩX04_8	UniRef100_X04_8~K02899	96.4	420	420	100.0	420	0.0	2e-104	1260	98	420	420	2e-104
MAG_AΩX04_9	UniRef100_X04_9~K02909	96.4	251	251	100.0	251	0.0	2e-104	753	98	251	251	2e-104
MAG_AΩX04_10	UniRef100_X04_10~K05810	96.4	326	326	100.0	326	0.0	2e-104	978	98	326	326	2e-104
MAG_AΩX04_12	UniRef100_X04_12~K03306	96.4	405	405	100.0	405	0.0	2e-104	1215	98	405	405	2e-104
MAG_AΩX04_15	UniRef100_X04_15~K03088	96.4	301	301	100.0	301	0.0	2e-104	903	98	301	301	2e-104
MAG_AΩX04_16	UniRef100_X04_16~K03687	96.4	255	255	100.0	255	0.0	2e-104	765	98	255	255	2e-104
MAG_AΩX04_19	UniRef100_X04_19~K00796	96.4	325	325	100.0	325	0.0	2e-104	975	98	325	325	2e-104
MAG_AΩX04_20	UniRef100_X04_20~K01462	96.4	275	275	100.0	275	0.0	2e-104	825	98	275	275	2e-104
MAG_AΩX04_21	UniRef100_X04_21~K07727	96.4	367	367	100.0	367	0.0	2e-104	1101	98	367	367	2e-104
MAG_AΩX04_22	UniRef100_X04_22~K08300	96.4	311	311	100.0	311	0.0	2e-104	933	98	311	311	2e-104
MAG_AΩX04_24	UniRef100_X04_24~K00626	96.4	285	285	100.0	285	0.0	2e-104	855	98	285	285	2e-104
MAG_AΩX04_25	UniRef100_X04_25~K00372	96.4	289	289	100.0	289	0.0	2e-104	867	98	289	289	2e-104
MAG_AΩX04_26	UniRef100_X04_26~K06193	96.4	329	329	100.0	329	0.0	2e-104	987	98	329	329	2e-104
MAG_AΩX04_27	UniRef100_X04_27~K15772	96.4	325	325	100.0	325	0.0	2e-104	975	98	325	325	2e-104
MAG_AΩX04_28	UniRef100_X04_28~K00001	96.4	280	280	100.0	280	0.0	2e-104	840	98	280	280	2e-104
MAG_AΩX04_30	UniRef100_X04_30~K03722	96.4	336	336	100.0	336	0.0	2e-104	1008	98	336	336	2e-104
MAG_AΩX04_31	UniRef100_X04_31~K01032	96.4	403	403	100.0	403	0.0	2e-104	1209	98	403	403	2e-104
MAG_AΩX04_32	UniRef100_X04_32~K06191	96.4	298	298	100.0	298	0.0	2e-104	894	98	298	298	2e-104
MAG_AΩX04_33	UniRef100_X04_33~K01925	96.4	322	322	100.0	322	0.0	2e-104	966	98	322	322	2e-104
MAG_AΩX04_34	UniRef100_X04_34~K19793	96.4	297	297	100.0	297	0.0	2e-104	891	98	297	297	2e-104
MAG_AΩX04_35	UniRef100_X04_35~K01876	96.4	267	267	100.0	267	0.0	2e-104	801	98	267	267	2e-104
MAG_AΩX04_36	UniRef100_X04_36~K01885	96.4	268	268	100.0	268	0.0	2e-104	804	98	268	268	2e-104
MAG_AΩX04_37	UniRef100_X04_37~K03110	96.4	269	269	100.0	269	0.0	2e-104	807	98	269	269	2e-104
MAG_AΩX04_41	UniRef100_X04_41~K05520	96.4	282	282	100.0	282	0.0	2e-104	846	98	282	282	2e-104
MAG_AΩX04_42	UniRef100_X04_42~K03602	96.4	351	351	100.0	351	0.0	2e-104	1053	98	351	351	2e-104
MAG_AΩX04_43	UniRef100_X04_43~K08139	96.4	342	342	100.0	342	0.0	2e-104	1026	98	342	342	2e-104
MAG_AΩX04_45	UniRef100_X04_45~K02424	96.4	342	342	100.0	342	0.0	2e-104	1026	98	342	342	2e-104
MAG_AΩX04_48	UniRef100_X04_48~K00962	96.4	295	295	100.0	295	0.0	2e-104	885	98	295	295	2e-104
MAG_AΩX04_49	UniRef100_X04_49~K00666	96.4	217	217	100.0	217	0.0	2e-104	651	98	217	217	2e-104
MAG_AΩX04_59	UniRef100_X04_59~K05817	96.4	185	185	100.0	185	0.0	2e-104	555	98	185	185	2e-104
MAG_AΩX04_60	UniRef100_X04_60~K00162	96.4	258	258	100.0	258	0.0	2e-104	774	98	258	258	2e-104
MAG_AΩX04_61	UniRef100_X04_61~K03750	96.4	323	323	100.0	323	0.0	2e-104	969	98	323	323	2e-104
MAG_AΩX04_65	UniRef100_X04_65~K03536	96.4	331	331	100.0	331	0.0	2e-104	993	98	331	331	2e-104
MAG_AΩX04_67	UniRef100_X04_67~K00872	96.4	152	152	100.0	152	0.0	2e-104	456	98	152	152	2e-104
MAG_AΩX04_69	UniRef100_X04_69~K04518	96.4	181	181	100.0	181	0.0	2e-104	543	98	181	181	2e-104
MAG_AΩX04_70	UniRef100_X04_70~K03584	96.4	301	301	100.0	301	0.0	2e-104	903	98	301	301	2e-104
MAG_AΩX04_71	UniRef100_X04_71~K01265	96.4	329	329	100.0	329	0.0	2e-104	987	98	329	329	2e-104
MAG_AΩX04_73	UniRef100_X04_73~K03294	96.4	339	339	100.0	339	0.0	2e-104	1017	98	339	339	2e-104
MAG_AΩX04_75	UniRef100_X04_75~K00626	96.4	420	420	100.0	420	0.0	2e-104	1260	98	420	420	2e-104
MAG_AΩX04_76	UniRef100_X04_76~K01772	96.4	246	246	100.0	246	0.0	2e-104	738	98	246	246	2e-104
MAG_AΩX04_77	UniRef100_X04_77~K00942	96.4	390	390	100.0	390	0.0	2e-104	1170	98	390	390	2e-104
MAG_AΩX04_80	UniRef100_X04_80~K00639	96.4	397	397	100.0	397	0.0	2e-104	1191	98	397	397	2e-104
MAG_AΩX04_83	UniRef100_X04_83~K00248	96.4	310	310	100.0	310	0.0	2e-104	930	98	310	310	2e-104
MAG_AΩX04_84	UniRef100_X04_84~K03458	96.4	198	198	100.0	198	0.0	2e-104	594	98	198	198	2e-104
MAG_AΩX04_85	UniRef100_X04_85~K01079	96.4	333	333	100.0	333	0.0	2e-104	999	98	333	333	2e-104
MAG_AΩX04_88	UniRef100_X04_88~K07497	96.4	286	286	100.0	286	0.0	2e-104	858	98	286	286	2e-104
MAG_AΩX04_89	UniRef100_X04_89~K03925	96.4	300	300	100.0	300	0.0	2e-104	900	98	300	300	2e-104
MAG_AΩX04_90	UniRef100_X04_90~K05825	96.4	333	333	100.0	333	0.0	2e-104	999	98	333	333	2e-104
MAG_AΩX04_91	UniRef100_X04_91~K01465	96.4	318	318	100.0	318	0.0	2e-104	954	98	318	318	2e-104
MAG_AΩX04_92	UniRef100_X04_92~K16840	96.4	297	297	100.0	297	0.0	2e-104	891	98	297	297	2e-104
MAG_AΩX04_95	UniRef100_X04_95~K03919	96.4	293	293	100.0	293	0.0	2e-104	879	98	293	293	2e-104
MAG_AΩX04_96	UniRef100_X04_96~K04487	96.4	333	333	100.0	333	0.0	2e-104	999	98	333	333	2e-104
MAG_AΩX04_98	UniRef100_X04_98~K02033	96.4	207	207	100.0	207	0.0	2e-104	621	98	207	207	2e-104
MAG_AΩX04_100	UniRef100_X04_100~K15634	96.4	277	277	100.0	277	0.0	2e-104	831	98	277	277	2e-104
MAG_AΩX04_101	UniRef100_X04_101~K01256	96.4	371	371	100.0	371	0.0	2e-104	1113	98	371	371	2e-104
MAG_AΩX04_102	UniRef100_X04_102~K01791	96.4	378	378	100.0	378	0.0	2e-104	1134	98	378	378	2e-104
MAG_AΩX04_103	UniRef100_X04_103~K04095	96.4	277	277	100.0	277	0.0	2e-104	831	98	277	277	2e-104
MAG_AΩX04_105	UniRef100_X04_105~K04075	96.4	326	326	100.0	326	0.0	2e-104	978	98	326	326	2e-104
MAG_AΩX04_106	UniRef100_X04_106~K03701	96.4	269	269	100.0	269	0.0	2e-104	807	98	269	269	2e-104
MAG_AΩX04_110	UniRef100_X04_110~K01782	96.4	199	199	100.0	199	0.0	2e-104	597	98	199	199	2e-104
MAG_AΩX04_111	UniRef100_X04_111~K07042	96.4	249	249	100.0	249	0.0	2e-104	747	98	249	249	2e-104
MAG_AΩX04_113	UniRef100_X04_113~K04564	96.4	328	328	100.0	328	0.0	2e-104	984	98	328	328	2e-104
MAG_AΩX04_114	UniRef100_X04_114~K11618	96.4	322	322	100.0	322	0.0	2e-104	966	98	322	322	2e-104
MAG_AΩX04_115	UniRef100_X04_115~K03306	96.4	325	325	100.0	325	0.0	2e-104	975	98	325	325	2e-104
MAG_AΩX04_116	UniRef100_X04_116~K07483	96.4	367	367	100.0	367	0.0	2e-104	1101	98	367	367	2e-104
MAG_AΩX05_2	UniRef100_X05_2~K02026	96.4	253	253	100.0	253	0.0	2e-104	759	98	253	253	2e-104
MAG_AΩX05_3	UniRef100_X05_3~K04047	96.4	426	426	100.0	426	0.0	2e-104	1278	98	426	426	2e-104
MAG_AΩX05_6	UniRef100_X05_6~K02355	96.4	211	211	100.0	211	0.0	2e-104	633	98	211	211	2e-104
MAG_AΩX05_9	UniRef100_X05_9~K06180	96.4	288	288	100.0	288	0.0	2e-104	864	98	288	288	2e-104
MAG_AΩX05_10	UniRef100_X05_10~K10007	96.4	363	363	100.0	363	0.0	2e-104	1089	98	363	363	2e-104
MAG_AΩX05_11	UniRef100_X05_11~K10119	96.4	327	327	100.0	327	0.0	2e-104	981	98	327	327	2e-104
MAG_AΩX05_12	UniRef100_X05_12~K02566	96.4	396	396	100.0	396	0.0	2e-104	1188	98	396	396	2e-104
MAG_AΩX05_15	UniRef100_X05_15~K05364	96.4	395	395	100.0	395	0.0	2e-104	1185	98	395	395	2e-104
MAG_AΩX05_17	UniRef100_X05_17~K07229	96.4	269	269	100.0	269	0.0	2e-104	807	98	269	269	2e-104
MAG_AΩX05_18	UniRef100_X05_18~K03526	96.4	359	359	100.0	359	0.0	2e-104	1077	98	359	359	2e-104
MAG_AΩX05_19	UniRef100_X05_19~K03969	96.4	321	321	100.0	321	0.0	2e-104	963	98	321	321	2e-104
MAG_AΩX05_23	UniRef100_X05_23~K02619	96.4	270	270	100.0	270	0.0	2e-104	810	98	270	270	2e-104
MAG_AΩX05_24	UniRef100_X05_24~K07778	96.4	210	210	100.0	210	0.0	2e-104	630	98	210	210	2e-104
MAG_AΩX05_25	UniRef100_X05_25~K01881	96.4	272	272	100.0	272	0.0	2e-104	816	98	272	272	2e-104
MAG_AΩX05_29	UniRef100_X05_29~K02428	96.4	373	373	100.0	373	0.0	2e-104	1119	98	373	373	2e-104
MAG_AΩX05_33	UniRef100_X05_33~K01126	96.4	354	354	100.0	354	0.0	2e-104	1062	98	354	354	2e-104
MAG_AΩX05_34	UniRef100_X05_34~K03790	96.4	306	306	100.0	306	0.0	2e-104	918	98	306	306	2e-104
MAG_AΩX05_35	UniRef100_X05_35~K02015	96.4	331	331	100.0	331	0.0	2e-104	993	98	331	331	2e-104
MAG_AΩX05_37	UniRef100_X05_37~K02911	96.4	259	259	100.0	259	0.0	2e-104	777	98	259	259	2e-104
MAG_AΩX05_39	UniRef100_X05_39~K00232	96.4	309	309	100.0	309	0.0	2e-104	927	98	309	309	2e-104
MAG_AΩX05_40	UniRef100_X05_40~K07483	96.4	328	328	100.0	328	0.0	2e-104	984	98	328	328	2e-104
MAG_AΩX05_42	UniRef100_X05_42~K00619	96.4	257	257	100.0	257	0.0	2e-104	771	98	257	257	2e-104
MAG_AΩX05_44	UniRef100_X05_44~K01000	96.4	268	268	100.0	268	0.0	2e-104	804	98	268	268	2e-104
MAG_AΩX05_45	UniRef100_X05_45~K13280	96.4	283	283	100.0	283	0.0	2e-104	849	98	283	283	2e-104
MAG_AΩX05_46	UniRef100_X05_46~K03521	96.4	307	307	100.0	307	0.0	2e-104	921	98	307	307	2e-104
MAG_AΩX05_49	UniRef100_X05_49~K01704	96.4	262	262	100.0	262	0.0	2e-104	786	98	262	262	2e-104
MAG_AΩX05_52	UniRef100_X05_52~K01840	96.4	303	303	100.0	303	0.0	2e-104	909	98	303	303	2e-104
MAG_AΩX05_55	UniRef100_X05_55~K11991	96.4	324	324	100.0	324	0.0	2e-104	972	98	324	324	2e-104
MAG_AΩX05_58	UniRef100_X05_58~K13527	96.4	328	328	100.0	328	0.0	2e-104	984	98	328	328	2e-104
MAG_AΩX05_60	UniRef100_X05_60~K02016	96.4	357	357	100.0	357	0.0	2e-104	1071	98	357	357	2e-104
MAG_AΩX05_61	UniRef100_X05_61~K10008	96.4	234	234	100.0	234	0.0	2e-104	702	98	234	234	2e-104
MAG_AΩX05_68	UniRef100_X05_68~K02035	96.4	369	369	100.0	369	0.0	2e-104	1107	98	369	369	2e-104
MAG_AΩX05_69	UniRef100_X05_69~K01176	96.4	302	302	100.0	302	0.0	2e-104	906	98	302	302	2e-104
MAG_AΩX05_70	UniRef100_X05_70~K07146	96.4	243	243	100.0	243	0.0	2e-104	729	98	243	243	2e-104
MAG_AΩX05_72	UniRef100_X05_72~K02035	96.4	286	286	100.0	286	0.0	2e-104	858	98	286	286	2e-104
MAG_AΩX05_75	UniRef100_X05_75~K01092	96.4	349	349	100.0	349	0.0	2e-104	1047	98	349	349	2e-104
MAG_AΩX05_76	UniRef100_X05_76~K18445	96.4	302	302	100.0	302	0.0	2e-104	906	98	302	302	2e-104
MAG_AΩX05_77	UniRef100_X05_77~K01692	96.4	253	253	100.0	253	0.0	2e-104	759	98	253	253	2e-104
MAG_AΩX05_78	UniRef100_X05_78~K00796	96.4	315	315	100.0	315	0.0	2e-104	945	98	315	315	2e-104
MAG_AΩX05_80	UniRef100_X05_80~K02313	96.4	348	348	100.0	348	0.0	2e-104	1044	98	348	348	2e-104
MAG_AΩX05_81	UniRef100_X05_81~K07090	96.4	243	243	100.0	243	0.0	2e-104	729	98	243	243	2e-104
MAG_AΩX05_86	UniRef100_X05_86~K03544	96.4	382	382	100.0	382	0.0	2e-104	1146	98	382	382	2e-104
MAG_AΩX05_87	UniRef100_X05_87~K08744	96.4	314	314	100.0	314	0.0	2e-104	942	98	314	314	2e-104
MAG_AΩX05_88	UniRef100_X05_88~K00820	96.4	277	277	100.0	277	0.0	2e-104	831	98	277	277	2e-104
MAG_AΩX05_91	UniRef100_X05_91~K11072	96.4	299	299	100.0	299	0.0	2e-104	897	98	299	299	2e-104
MAG_AΩX05_94	UniRef100_X05_94~K18917	96.4	324	324	100.0	324	0.0	2e-104	972	98	324	324	2e-104
MAG_AΩX05_102	UniRef100_X05_102~K02013	96.4	344	344	100.0	344	0.0	2e-104	1032	98	344	344	2e-104
MAG_AΩX05_106	UniRef100_X05_106~K05349	96.4	208	208	100.0	208	0.0	2e-104	624	98	208	208	2e-104
MAG_AΩX05_109	UniRef100_X05_109~K02015	96.4	272	272	100.0	272	0.0	2e-104	816	98	272	272	2e-104
MAG_AΩX05_110	UniRef100_X05_110~K00760	96.4	375	375	100.0	375	0.0	2e-104	1125	98	375	375	2e-104
MAG_AΩX05_111	UniRef100_X05_111~K02072	96.4	322	322	100.0	322	0.0	2e-104	966	98	322	322	2e-104
MAG_AΩX05_113	UniRef100_X05_113~K11928	96.4	156	156	100.0	156	0.0	2e-104	468	98	156	156	2e-104
MAG_AΩX05_124	UniRef100_X05_124~K08987	96.4	276	276	100.0	276	0.0	2e-104	828	98	276	276	2e-104
MAG_AΩX05_125	UniRef100_X05_125~K04096	96.4	258	258	100.0	258	0.0	2e-104	774	98	258	258	2e-104
MAG_AΩX05_126	UniRef100_X05_126~K02341	96.4	300	300	100.0	300	0.0	2e-104	900	98	300	300	2e-104
MAG_AΩX05_129	UniRef100_X05_129~K03701	96.4	329	329	100.0	329	0.0	2e-104	987	98	329	329	2e-104
MAG_AΩX06_3	UniRef100_X06_3~K02529	96.4	255	255	100.0	255	0.0	2e-104	765	98	255	255	2e-104
MAG_AΩX06_6	UniRef100_X06_6~K13641	96.4	314	314	100.0	314	0.0	2e-104	942	98	314	314	2e-104
MAG_AΩX06_13	UniRef100_X06_13~K14267	96.4	167	167	100.0	167	0.0	2e-104	501	98	167	167	2e-104
MAG_AΩX06_14	UniRef100_X06_14~K03043	96.4	325	325	100.0	325	0.0	2e-104	975	98	325	325	2e-104
MAG_AΩX06_19	UniRef100_X06_19~K00362	96.4	245	245	100.0	245	0.0	2e-104	735	98	245	245	2e-104
MAG_AΩX06_21	UniRef100_X06_21~K07132	96.4	383	383	100.0	383	0.0	2e-104	1149	98	383	383	2e-104
MAG_AΩX06_23	UniRef100_X06_23~K15640	96.4	259	259	100.0	259	0.0	2e-104	777	98	259	259	2e-104
MAG_AΩX06_27	UniRef100_X06_27~K15724	96.4	404	404	100.0	404	0.0	2e-104	1212	98	404	404	2e-104
MAG_AΩX06_28	UniRef100_X06_28~K00957	96.4	371	371	100.0	371	0.0	2e-104	1113	98	371	371	2e-104
MAG_AΩX06_29	UniRef100_X06_29~K15640	96.4	304	304	100.0	304	0.0	2e-104	912	98	304	304	2e-104
MAG_AΩX06_32	UniRef100_X06_32~K02342	96.4	205	205	100.0	205	0.0	2e-104	615	98	205	205	2e-104
MAG_AΩX06_34	UniRef100_X06_34~K00371	96.4	362	362	100.0	362	0.0	2e-104	1086	98	362	362	2e-104
MAG_AΩX06_37	UniRef100_X06_37~K06975	96.4	320	320	100.0	320	0.0	2e-104	960	98	320	320	2e-104
MAG_AΩX06_41	UniRef100_X06_41~K02033	96.4	330	330	100.0	330	0.0	2e-104	990	98	330	330	2e-104
MAG_AΩX06_44	UniRef100_X06_44~K00088	96.4	291	291	100.0	291	0.0	2e-104	873	98	291	291	2e-104
MAG_AΩX06_49	UniRef100_X06_49~K02303	96.4	340	340	100.0	340	0.0	2e-104	1020	98	340	340	2e-104
MAG_AΩX06_51	UniRef100_X06_51~K06925	96.4	316	316	100.0	316	0.0	2e-104	948	98	316	316	2e-104
MAG_AΩX06_52	UniRef100_X06_52~K04750	96.4	413	413	100.0	413	0.0	2e-104	1239	98	413	413	2e-104
MAG_AΩX06_53	UniRef100_X06_53~K07749	96.4	307	307	100.0	307	0.0	2e-104	921	98	307	307	2e-104
MAG_AΩX06_60	UniRef100_X06_60~K03885	96.4	272	272	100.0	272	0.0	2e-104	816	98	272	272	2e-104
MAG_AΩX06_61	UniRef100_X06_61~K00564	96.4	366	366	100.0	366	0.0	2e-104	1098	98	366	366	2e-104
MAG_AΩX06_63	UniRef100_X06_63~K00299	96.4	152	152	100.0	152	0.0	2e-104	456	98	152	152	2e-104
MAG_AΩX06_64	UniRef100_X06_64~K01358	96.4	267	267	100.0	267	0.0	2e-104	801	98	267	267	2e-104
MAG_AΩX07_4	UniRef100_X07_4~K06607	96.4	247	247	100.0	247	0.0	2e-104	741	98	247	247	2e-104
MAG_AΩX07_5	UniRef100_X07_5~K00003	96.4	260	260	100.0	260	0.0	2e-104	780	98	260	260	2e-104
MAG_AΩX07_6	UniRef100_X07_6~K03320	96.4	273	273	100.0	273	0.0	2e-104	819	98	273	273	2e-104
MAG_AΩX07_11	UniRef100_X07_11~K02338	96.4	234	234	100.0	234	0.0	2e-104	702	98	234	234	2e-104
MAG_AΩX07_14	UniRef100_X07_14~K00449	96.4	336	336	100.0	336	0.0	2e-104	1008	98	336	336	2e-104
MAG_AΩX07_15	UniRef100_X07_15~K03074	96.4	322	322	100.0	322	0.0	2e-104	966	98	322	322	2e-104
MAG_AΩX07_17	UniRef100_X07_17~K03631	96.4	404	404	100.0	404	0.0	2e-104	1212	98	404	404	2e-104
MAG_AΩX07_19	UniRef100_X07_19~K07485	96.4	362	362	100.0	362	0.0	2e-104	1086	98	362	362	2e-104
MAG_AΩX07_22	UniRef100_X07_22~K15734	96.4	250	250	100.0	250	0.0	2e-104	750	98	250	250	2e-104
MAG_AΩX07_24	UniRef100_X07_24~K03070	96.4	274	274	100.0	274	0.0	2e-104	822	98	274	274	2e-104
MAG_AΩX07_25	UniRef100_X07_25~K01433	96.4	265	265	100.0	265	0.0	2e-104	795	98	265	265	2e-104
MAG_AΩX07_30	UniRef100_X07_30~K07160	96.4	343	343	100.0	343	0.0	2e-104	1029	98	343	343	2e-104
MAG_AΩX07_32	UniRef100_X07_32~K06998	96.4	308	308	100.0	308	0.0	2e-104	924	98	308	308	2e-104
MAG_AΩX07_35	UniRef100_X07_35~K03343	96.4	377	377	100.0	377	0.0	2e-104	1131	98	377	377	2e-104
MAG_AΩX07_38	UniRef100_X07_38~K00655	96.4	348	348	100.0	348	0.0	2e-104	1044	98	348	348	2e-104
MAG_AΩX07_41	UniRef100_X07_41~K03522	96.4	385	385	100.0	385	0.0	2e-104	1155	98	385	385	2e-104
MAG_AΩX07_42	UniRef100_X07_42~K01439	96.4	179	179	100.0	179	0.0	2e-104	537	98	179	179	2e-104
MAG_AΩX07_43	UniRef100_X07_43~K07222	96.4	239	239	100.0	239	0.0	2e-104	717	98	239	239	2e-104
MAG_AΩX07_44	UniRef100_X07_44~K02446	96.4	286	286	100.0	286	0.0	2e-104	858	98	286	286	2e-104
MAG_AΩX07_46	UniRef100_X07_46~K02348	96.4	389	389	100.0	389	0.0	2e-104	1167	98	389	389	2e-104
MAG_AΩX07_52	UniRef100_X07_52~K00134	96.4	318	318	100.0	318	0.0	2e-104	954	98	318	318	2e-104
MAG_AΩX07_53	UniRef100_X07_53~K03040	96.4	240	240	100.0	240	0.0	2e-104	720	98	240	240	2e-104
MAG_AΩX07_56	UniRef100_X07_56~K05569	96.4	259	259	100.0	259	0.0	2e-104	777	98	259	259	2e-104
MAG_AΩX07_58	UniRef100_X07_58~K07483	96.4	340	340	100.0	340	0.0	2e-104	1020	98	340	340	2e-104
MAG_AΩX07_59	UniRef100_X07_59~K01480	96.4	235	235	100.0	235	0.0	2e-104	705	98	235	235	2e-104
MAG_AΩX07_60	UniRef100_X07_60~K18929	96.4	296	296	100.0	296	0.0	2e-104	888	98	296	296	2e-104
MAG_AΩX07_64	UniRef100_X07_64~K00099	96.4	434	434	100.0	434	0.0	2e-104	1302	98	434	434	2e-104
MAG_AΩX07_65	UniRef100_X07_65~K00849	96.4	310	310	100.0	310	0.0	2e-104	930	98	310	310	2e-104
MAG_AΩX07_67	UniRef100_X07_67~K18455	96.4	206	206	100.0	206	0.0	2e-104	618	98	206	206	2e-104
MAG_AΩX07_69	UniRef100_X07_69~K03060	96.4	293	293	100.0	293	0.0	2e-104	879	98	293	293	2e-104
MAG_AΩX07_71	UniRef100_X07_71~K07304	96.4	378	378	100.0	378	0.0	2e-104	1134	98	378	378	2e-104
MAG_AΩX07_73	UniRef100_X07_73~K01259	96.4	242	242	100.0	242	0.0	2e-104	726	98	242	242	2e-104
MAG_AΩX07_74	UniRef100_X07_74~K03624	96.4	337	337	100.0	337	0.0	2e-104	1011	98	337	337	2e-104
MAG_AΩX08_2	UniRef100_X08_2~K00588	96.4	267	267	100.0	267	0.0	2e-104	801	98	267	267	2e-104
MAG_AΩX08_8	UniRef100_X08_8~K00390	96.4	286	286	100.0	286	0.0	2e-104	858	98	286	286	2e-104
MAG_AΩX08_10	UniRef100_X08_10~K00031	96.4	257	257	100.0	257	0.0	2e-104	771	98	257	257	2e-104
MAG_AΩX08_12	UniRef100_X08_12~K02863	96.4	343	343	100.0	343	0.0	2e-104	1029	98	343	343	2e-104
MAG_AΩX08_16	UniRef100_X08_16~K04750	96.4	321	321	100.0	321	0.0	2e-104	963	98	321	321	2e-104
MAG_AΩX08_19	UniRef100_X08_19~K02610	96.4	197	197	100.0	197	0.0	2e-104	591	98	197	197	2e-104
MAG_AΩX08_20	UniRef100_X08_20~K03522	96.4	378	378	100.0	378	0.0	2e-104	1134	98	378	378	2e-104
MAG_AΩX08_23	UniRef100_X08_23~K18955	96.4	291	291	100.0	291	0.0	2e-104	873	98	291	291	2e-104
MAG_AΩX08_29	UniRef100_X08_29~K01990	96.4	246	246	100.0	246	0.0	2e-104	738	98	246	246	2e-104
MAG_AΩX08_34	UniRef100_X08_34~K07032	96.4	250	250	100.0	250	0.0	2e-104	750	98	250	250	2e-104
MAG_AΩX08_37	UniRef100_X08_37~K07393	96.4	346	346	100.0	346	0.0	2e-104	1038	98	346	346	2e-104
MAG_AΩX08_38	UniRef100_X08_38~K03426	96.4	350	350	100.0	350	0.0	2e-104	1050	98	350	350	2e-104
MAG_AΩX08_39	UniRef100_X08_39~K07090	96.4	230	230	100.0	230	0.0	2e-104	690	98	230	230	2e-104
MAG_AΩX08_41	UniRef100_X08_41~K01673	96.4	338	338	100.0	338	0.0	2e-104	1014	98	338	338	2e-104
MAG_AΩX08_44	UniRef100_X08_44~K08225	96.4	373	373	100.0	373	0.0	2e-104	1119	98	373	373	2e-104
MAG_AΩX08_45	UniRef100_X08_45~K03177	96.4	261	261	100.0	261	0.0	2e-104	783	98	261	261	2e-104
MAG_AΩX08_46	UniRef100_X08_46~K02237	96.4	412	412	100.0	412	0.0	2e-104	1236	98	412	412	2e-104
MAG_AΩX08_47	UniRef100_X08_47~K05845	96.4	287	287	100.0	287	0.0	2e-104	861	98	287	287	2e-104
MAG_AΩX08_49	UniRef100_X08_49~K08483	96.4	302	302	100.0	302	0.0	2e-104	906	98	302	302	2e-104
MAG_AΩX08_50	UniRef100_X08_50~K02954	96.4	351	351	100.0	351	0.0	2e-104	1053	98	351	351	2e-104
MAG_AΩX08_51	UniRef100_X08_51~K13775	96.4	259	259	100.0	259	0.0	2e-104	777	98	259	259	2e-104
MAG_AΩX08_52	UniRef100_X08_52~K00963	96.4	262	262	100.0	262	0.0	2e-104	786	98	262	262	2e-104
MAG_AΩX08_53	UniRef100_X08_53~K01619	96.4	464	464	100.0	464	0.0	2e-104	1392	98	464	464	2e-104
MAG_AΩX08_54	UniRef100_X08_54~K00216	96.4	247	247	100.0	247	0.0	2e-104	741	98	247	247	2e-104
MAG_AΩX08_60	UniRef100_X08_60~K02035	96.4	303	303	100.0	303	0.0	2e-104	909	98	303	303	2e-104
MAG_AΩX08_66	UniRef100_X08_66~K02030	96.4	268	268	100.0	268	0.0	2e-104	804	98	268	268	2e-104
MAG_AΩX08_67	UniRef100_X08_67~K01778	96.4	391	391	100.0	391	0.0	2e-104	1173	98	391	391	2e-104
MAG_AΩX08_68	UniRef100_X08_68~K12132	96.4	461	461	100.0	461	0.0	2e-104	1383	98	461	461	2e-104
MAG_AΩX08_73	UniRef100_X08_73~K02528	96.4	255	255	100.0	255	0.0	2e-104	765	98	255	255	2e-104
MAG_AΩX08_76	UniRef100_X08_76~K01924	96.4	375	375	100.0	375	0.0	2e-104	1125	98	375	375	2e-104
MAG_AΩX08_78	UniRef100_X08_78~K02274	96.4	293	293	100.0	293	0.0	2e-104	879	98	293	293	2e-104
MAG_AΩX08_81	UniRef100_X08_81~K08173	96.4	335	335	100.0	335	0.0	2e-104	1005	98	335	335	2e-104
MAG_AΩX08_82	UniRef100_X08_82~K13280	96.4	318	318	100.0	318	0.0	2e-104	954	98	318	318	2e-104
MAG_AΩX08_84	UniRef100_X08_84~K06958	96.4	290	290	100.0	290	0.0	2e-104	870	98	290	290	2e-104
MAG_AΩX08_87	UniRef100_X08_87~K13821	96.4	348	348	100.0	348	0.0	2e-104	1044	98	348	348	2e-104
MAG_AΩX08_89	UniRef100_X08_89~K00433	96.4	323	323	100.0	323	0.0	2e-104	969	98	323	323	2e-104
MAG_AΩX08_90	UniRef100_X08_90~K01739	96.4	414	414	100.0	414	0.0	2e-104	1242	98	414	414	2e-104
MAG_AΩX08_91	UniRef100_X08_91~K00059	96.4	301	301	100.0	301	0.0	2e-104	903	98	301	301	2e-104
MAG_AΩX08_92	UniRef100_X08_92~K01720	96.4	343	343	100.0	343	0.0	2e-104	1029	98	343	343	2e-104
MAG_AΩX09_4	UniRef100_X09_4~K07043	96.4	309	309	100.0	309	0.0	2e-104	927	98	309	309	2e-104
MAG_AΩX09_5	UniRef100_X09_5~K01749	96.4	342	342	100.0	342	0.0	2e-104	1026	98	342	342	2e-104
MAG_AΩX09_6	UniRef100_X09_6~K02363	96.4	377	377	100.0	377	0.0	2e-104	1131	98	377	377	2e-104
MAG_AΩX09_13	UniRef100_X09_13~K07259	96.4	318	318	100.0	318	0.0	2e-104	954	98	318	318	2e-104
MAG_AΩX09_17	UniRef100_X09_17~K00273	96.4	270	270	100.0	270	0.0	2e-104	810	98	270	270	2e-104
MAG_AΩX09_21	UniRef100_X09_21~K15777	96.4	392	392	100.0	392	0.0	2e-104	1176	98	392	392	2e-104
MAG_AΩX09_25	UniRef100_X09_25~K01916	96.4	315	315	100.0	315	0.0	2e-104	945	98	315	315	2e-104
MAG_AΩX09_27	UniRef100_X09_27~K02034	96.4	277	277	100.0	277	0.0	2e-104	831	98	277	277	2e-104
MAG_AΩX09_29	UniRef100_X09_29~K00640	96.4	413	413	100.0	413	0.0	2e-104	1239	98	413	413	2e-104
MAG_AΩX09_30	UniRef100_X09_30~K00529	96.4	247	247	100.0	247	0.0	2e-104	741	98	247	247	2e-104
MAG_AΩX09_42	UniRef100_X09_42~K13641	96.4	383	383	100.0	383	0.0	2e-104	1149	98	383	383	2e-104
MAG_AΩX09_48	UniRef100_X09_48~K00600	96.4	349	349	100.0	349	0.0	2e-104	1047	98	349	349	2e-104
MAG_AΩX09_49	UniRef100_X09_49~K02529	96.4	352	352	100.0	352	0.0	2e-104	1056	98	352	352	2e-104
MAG_AΩX09_50	UniRef100_X09_50~K01912	96.4	224	224	100.0	224	0.0	2e-104	672	98	224	224	2e-104
MAG_AΩX09_51	UniRef100_X09_51~K06959	96.4	223	223	100.0	223	0.0	2e-104	669	98	223	223	2e-104
MAG_AΩX09_52	UniRef100_X09_52~K03686	96.4	258	258	100.0	258	0.0	2e-104	774	98	258	258	2e-104
MAG_AΩX09_54	UniRef100_X09_54~K13570	96.4	211	211	100.0	211	0.0	2e-104	633	98	211	211	2e-104
MAG_AΩX09_55	UniRef100_X09_55~K15866	96.4	301	301	100.0	301	0.0	2e-104	903	98	301	301	2e-104
MAG_AΩX09_60	UniRef100_X09_60~K10234	96.4	222	222	100.0	222	0.0	2e-104	666	98	222	222	2e-104
MAG_AΩX09_64	UniRef100_X09_64~K14254	96.4	356	356	100.0	356	0.0	2e-104	1068	98	356	356	2e-104
MAG_AΩX09_67	UniRef100_X09_67~K01620	96.4	335	335	100.0	335	0.0	2e-104	1005	98	335	335	2e-104
MAG_AΩX09_68	UniRef100_X09_68~K03436	96.4	343	343	100.0	343	0.0	2e-104	1029	98	343	343	2e-104
MAG_AΩX09_70	UniRef100_X09_70~K05565	96.4	230	230	100.0	230	0.0	2e-104	690	98	230	230	2e-104
MAG_AΩX09_71	UniRef100_X09_71~K02986	96.4	264	264	100.0	264	0.0	2e-104	792	98	264	264	2e-104
MAG_AΩX09_73	UniRef100_X09_73~K00956	96.4	269	269	100.0	269	0.0	2e-104	807	98	269	269	2e-104
MAG_AΩX09_76	UniRef100_X09_76~K18701	96.4	255	255	100.0	255	0.0	2e-104	765	98	255	255	2e-104
MAG_AΩX10_3	UniRef100_X10_3~K02168	96.4	303	303	100.0	303	0.0	2e-104	909	98	303	303	2e-104
MAG_AΩX10_5	UniRef100_X10_5~K01174	96.4	280	280	100.0	280	0.0	2e-104	840	98	280	280	2e-104
MAG_AΩX10_7	UniRef100_X10_7~K03466	96.4	355	355	100.0	355	0.0	2e-104	1065	98	355	355	2e-104
MAG_AΩX10_10	UniRef100_X10_10~K02037	96.4	320	320	100.0	320	0.0	2e-104	960	98	320	320	2e-104
MAG_AΩX10_12	UniRef100_X10_12~K02864	96.4	313	313	100.0	313	0.0	2e-104	939	98	313	313	2e-104
MAG_AΩX10_16	UniRef100_X10_16~K05846	96.4	229	229	100.0	229	0.0	2e-104	687	98	229	229	2e-104
MAG_AΩX10_25	UniRef100_X10_25~K00162	96.4	312	312	100.0	312	0.0	2e-104	936	98	312	312	2e-104
MAG_AΩX10_26	UniRef100_X10_26~K03657	96.4	389	389	100.0	389	0.0	2e-104	1167	98	389	389	2e-104
MAG_AΩX10_29	UniRef100_X10_29~K15770	96.4	316	316	100.0	316	0.0	2e-104	948	98	316	316	2e-104
MAG_AΩX10_32	UniRef100_X10_32~K00242	96.4	251	251	100.0	251	0.0	2e-104	753	98	251	251	2e-104
MAG_AΩX10_33	UniRef100_X10_33~K00146	96.4	362	362	100.0	362	0.0	2e-104	1086	98	362	362	2e-104
MAG_AΩX10_34	UniRef100_X10_34~K07560	96.4	343	343	100.0	343	0.0	2e-104	1029	98	343	343	2e-104
MAG_AΩX10_36	UniRef100_X10_36~K03636	96.4	381	381	100.0	381	0.0	2e-104	1143	98	381	381	2e-104
MAG_AΩX10_38	UniRef100_X10_38~K02435	96.4	227	227	100.0	227	0.0	2e-104	681	98	227	227	2e-104
MAG_AΩX10_46	UniRef100_X10_46~K02035	96.4	353	353	100.0	353	0.0	2e-104	1059	98	353	353	2e-104
MAG_AΩX11_2	UniRef100_X11_2~K00674	96.4	428	428	100.0	428	0.0	2e-104	1284	98	428	428	2e-104
MAG_AΩX11_3	UniRef100_X11_3~K00163	96.4	372	372	100.0	372	0.0	2e-104	1116	98	372	372	2e-104
MAG_AΩX11_4	UniRef100_X11_4~K00817	96.4	282	282	100.0	282	0.0	2e-104	846	98	282	282	2e-104
MAG_AΩX11_5	UniRef100_X11_5~K03574	96.4	257	257	100.0	257	0.0	2e-104	771	98	257	257	2e-104
MAG_AΩX11_7	UniRef100_X11_7~K03644	96.4	288	288	100.0	288	0.0	2e-104	864	98	288	288	2e-104
MAG_AΩX11_9	UniRef100_X11_9~K12256	96.4	319	319	100.0	319	0.0	2e-104	957	98	319	319	2e-104
MAG_AΩX11_13	UniRef100_X11_13~K01992	96.4	327	327	100.0	327	0.0	2e-104	981	98	327	327	2e-104
MAG_AΩX11_16	UniRef100_X11_16~K01358	96.4	314	314	100.0	314	0.0	2e-104	942	98	314	314	2e-104
MAG_AΩX11_18	UniRef100_X11_18~K00382	96.4	383	383	100.0	383	0.0	2e-104	1149	98	383	383	2e-104
MAG_AΩX11_19	UniRef100_X11_19~K09767	96.4	258	258	100.0	258	0.0	2e-104	774	98	258	258	2e-104
MAG_AΩX11_24	UniRef100_X11_24~K09125	96.4	297	297	100.0	297	0.0	2e-104	891	98	297	297	2e-104
MAG_AΩX11_25	UniRef100_X11_25~K00700	96.4	240	240	100.0	240	0.0	2e-104	720	98	240	240	2e-104
MAG_AΩX11_33	UniRef100_X11_33~K03531	96.4	359	359	100.0	359	0.0	2e-104	1077	98	359	359	2e-104
MAG_AΩX11_34	UniRef100_X11_34~K01126	96.4	422	422	100.0	422	0.0	2e-104	1266	98	422	422	2e-104
MAG_AΩX11_35	UniRef100_X11_35~K00928	96.4	342	342	100.0	342	0.0	2e-104	1026	98	342	342	2e-104
MAG_AΩX11_36	UniRef100_X11_36~K00301	96.4	289	289	100.0	289	0.0	2e-104	867	98	289	289	2e-104
MAG_AΩX11_38	UniRef100_X11_38~K02040	96.4	265	265	100.0	265	0.0	2e-104	795	98	265	265	2e-104
MAG_AΩX11_39	UniRef100_X11_39~K01142	96.4	264	264	100.0	264	0.0	2e-104	792	98	264	264	2e-104
MAG_AΩX11_40	UniRef100_X11_40~K07497	96.4	281	281	100.0	281	0.0	2e-104	843	98	281	281	2e-104
MAG_AΩX11_42	UniRef100_X11_42~K07238	96.4	351	351	100.0	351	0.0	2e-104	1053	98	351	351	2e-104
MAG_AΩX11_43	UniRef100_X11_43~K11175	96.4	263	263	100.0	263	0.0	2e-104	789	98	263	263	2e-104
MAG_AΩX11_44	UniRef100_X11_44~K02967	96.4	335	335	100.0	335	0.0	2e-104	1005	98	335	335	2e-104
MAG_AΩX11_47	UniRef100_X11_47~K00936	96.4	240	240	100.0	240	0.0	2e-104	720	98	240	240	2e-104
MAG_AΩX11_48	UniRef100_X11_48~K01579	96.4	369	369	100.0	369	0.0	2e-104	1107	98	369	369	2e-104
MAG_AΩX11_49	UniRef100_X11_49~K01926	96.4	302	302	100.0	302	0.0	2e-104	906	98	302	302	2e-104
MAG_AΩX11_53	UniRef100_X11_53~K01752	96.4	305	305	100.0	305	0.0	2e-104	915	98	305	305	2e-104
MAG_AΩX11_56	UniRef100_X11_56~K01239	96.4	326	326	100.0	326	0.0	2e-104	978	98	326	326	2e-104
MAG_AΩX11_57	UniRef100_X11_57~K02529	96.4	328	328	100.0	328	0.0	2e-104	984	98	328	328	2e-104
MAG_AΩX11_59	UniRef100_X11_59~K01890	96.4	255	255	100.0	255	0.0	2e-104	765	98	255	255	2e-104
MAG_AΩX11_60	UniRef100_X11_60~K02470	96.4	345	345	100.0	345	0.0	2e-104	1035	98	345	345	2e-104
MAG_AΩX11_63	UniRef100_X11_63~K02510	96.4	363	363	100.0	363	0.0	2e-104	1089	98	363	363	2e-104
MAG_AΩX11_67	UniRef100_X11_67~K10773	96.4	289	289	100.0	289	0.0	2e-104	867	98	289	289	2e-104
MAG_AΩX11_68	UniRef100_X11_68~K02034	96.4	332	332	100.0	332	0.0	2e-104	996	98	332	332	2e-104
MAG_AΩX11_69	UniRef100_X11_69~K01887	96.4	314	314	100.0	314	0.0	2e-104	942	98	314	314	2e-104
MAG_AΩX11_71	UniRef100_X11_71~K03786	96.4	334	334	100.0	334	0.0	2e-104	1002	98	334	334	2e-104
MAG_AΩX11_72	UniRef100_X11_72~K03798	96.4	270	270	100.0	270	0.0	2e-104	810	98	270	270	2e-104
MAG_AΩX11_74	UniRef100_X11_74~K06997	96.4	256	256	100.0	256	0.0	2e-104	768	98	256	256	2e-104
MAG_AΩX11_77	UniRef100_X11_77~K01304	96.4	269	269	100.0	269	0.0	2e-104	807	98	269	269	2e-104
MAG_AΩX11_78	UniRef100_X11_78~K00239	96.4	378	378	100.0	378	0.0	2e-104	1134	98	378	378	2e-104
MAG_AΩX11_80	UniRef100_X11_80~K00939	96.4	241	241	100.0	241	0.0	2e-104	723	98	241	241	2e-104
MAG_AΩX11_85	UniRef100_X11_85~K08998	96.4	292	292	100.0	292	0.0	2e-104	876	98	292	292	2e-104
MAG_AΩX11_86	UniRef100_X11_86~K01945	96.4	256	256	100.0	256	0.0	2e-104	768	98	256	256	2e-104
MAG_AΩX11_89	UniRef100_X11_89~K03718	96.4	226	226	100.0	226	0.0	2e-104	678	98	226	226	2e-104
MAG_AΩX11_93	UniRef100_X11_93~K11733	96.4	326	326	100.0	326	0.0	2e-104	978	98	326	326	2e-104
MAG_AΩX11_100	UniRef100_X11_100~K10009	96.4	202	202	100.0	202	0.0	2e-104	606	98	202	202	2e-104
MAG_AΩX11_105	UniRef100_X11_105~K01453	96.4	379	379	100.0	379	0.0	2e-104	1137	98	379	379	2e-104
MAG_AΩX11_106	UniRef100_X11_106~K01990	96.4	219	219	100.0	219	0.0	2e-104	657	98	219	219	2e-104
MAG_AΩX11_108	UniRef100_X11_108~K03436	96.4	324	324	100.0	324	0.0	2e-104	972	98	324	324	2e-104
MAG_AΩX11_109	UniRef100_X11_109~K01719	96.4	329	329	100.0	329	0.0	2e-104	987	98	329	329	2e-104
MAG_AΩX11_111	UniRef100_X11_111~K07497	96.4	377	377	100.0	377	0.0	2e-104	1131	98	377	377	2e-104
MAG_AΩX11_113	UniRef100_X11_113~K02035	96.4	232	232	100.0	232	0.0	2e-104	696	98	232	232	2e-104
MAG_AΩX11_117	UniRef100_X11_117~K00058	96.4	240	240	100.0	240	0.0	2e-104	720	98	240	240	2e-104
MAG_AΩX11_118	UniRef100_X11_118~K02600	96.4	284	284	100.0	284	0.0	2e-104	852	98	284	284	2e-104
MAG_AΩX11_120	UniRef100_X11_120~K01740	96.4	171	171	100.0	171	0.0	2e-104	513	98	171	171	2e-104
MAG_AΩX11_122	UniRef100_X11_122~K07483	96.4	306	306	100.0	306	0.0	2e-104	918	98	306	306	2e-104
MAG_AΩX11_128	UniRef100_X11_128~K00946	96.4	266	266	100.0	266	0.0	2e-104	798	98	266	266	2e-104
MAG_AΩX11_129	UniRef100_X11_129~K10914	96.4	321	321	100.0	321	0.0	2e-104	963	98	321	321	2e-104
MAG_AΩX11_132	UniRef100_X11_132~K06133	96.4	337	337	100.0	337	0.0	2e-104	1011	98	337	337	2e-104
MAG_AΩX11_134	UniRef100_X11_134~K05522	96.4	296	296	100.0	296	0.0	2e-104	888	98	296	296	2e-104
MAG_AΩX11_135	UniRef100_X11_135~K01214	96.4	395	395	100.0	395	0.0	2e-104	1185	98	395	395	2e-104
MAG_AΩX11_139	UniRef100_X11_139~K11752	96.4	335	335	100.0	335	0.0	2e-104	1005	98	335	335	2e-104
MAG_AΩX11_141	UniRef100_X11_141~K01056	96.4	420	420	100.0	420	0.0	2e-104	1260	98	420	420	2e-104
MAG_AΩX11_147	UniRef100_X11_147~K15521	96.4	325	325	100.0	325	0.0	2e-104	975	98	325	325	2e-104
MAG_AΩX11_148	UniRef100_X11_148~K02111	96.4	339	339	100.0	339	0.0	2e-104	1017	98	339	339	2e-104
MAG_AΩX11_150	UniRef100_X11_150~K08234	96.4	281	281	100.0	281	0.0	2e-104	843	98	281	281	2e-104
MAG_AΩX11_151	UniRef100_X11_151~K00130	96.4	271	271	100.0	271	0.0	2e-104	813	98	271	271	2e-104
MAG_AΩX11_152	UniRef100_X11_152~K05522	96.4	298	298	100.0	298	0.0	2e-104	894	98	298	298	2e-104
MAG_AΩX11_153	UniRef100_X11_153~K14162	96.4	285	285	100.0	285	0.0	2e-104	855	98	285	285	2e-104
MAG_AΩX11_154	UniRef100_X11_154~K06999	96.4	286	286	100.0	286	0.0	2e-104	858	98	286	286	2e-104
MAG_AΩX11_156	UniRef100_X11_156~K01736	96.4	334	334	100.0	334	0.0	2e-104	1002	98	334	334	2e-104
MAG_AΩX11_157	UniRef100_X11_157~K03574	96.4	352	352	100.0	352	0.0	2e-104	1056	98	352	352	2e-104
MAG_AΩX11_158	UniRef100_X11_158~K18926	96.4	240	240	100.0	240	0.0	2e-104	720	98	240	240	2e-104
MAG_AΩX11_159	UniRef100_X11_159~K01524	96.4	284	284	100.0	284	0.0	2e-104	852	98	284	284	2e-104
MAG_AΩX11_160	UniRef100_X11_160~K00663	96.4	346	346	100.0	346	0.0	2e-104	1038	98	346	346	2e-104
MAG_AΩX11_162	UniRef100_X11_162~K00278	96.4	389	389	100.0	389	0.0	2e-104	1167	98	389	389	2e-104
MAG_AΩX11_165	UniRef100_X11_165~K01495	96.4	294	294	100.0	294	0.0	2e-104	882	98	294	294	2e-104
MAG_AΩX11_170	UniRef100_X11_170~K02112	96.4	256	256	100.0	256	0.0	2e-104	768	98	256	256	2e-104
MAG_AΩX11_171	UniRef100_X11_171~K01857	96.4	286	286	100.0	286	0.0	2e-104	858	98	286	286	2e-104
MAG_AΩX11_172	UniRef100_X11_172~K08172	96.4	329	329	100.0	329	0.0	2e-104	987	98	329	329	2e-104
MAG_AΩX11_175	UniRef100_X11_175~K07093	96.4	164	164	100.0	164	0.0	2e-104	492	98	164	164	2e-104
MAG_AΩX11_178	UniRef100_X11_178~K01740	96.4	387	387	100.0	387	0.0	2e-104	1161	98	387	387	2e-104
MAG_AΩX11_180	UniRef100_X11_180~K02035	96.4	254	254	100.0	254	0.0	2e-104	762	98	254	254	2e-104
MAG_AΩX11_183	UniRef100_X11_183~K00937	96.4	275	275	100.0	275	0.0	2e-104	825	98	275	275	2e-104
MAG_AΩX11_184	UniRef100_X11_184~K09693	96.4	311	311	100.0	311	0.0	2e-104	933	98	311	311	2e-104
MAG_AΩX11_185	UniRef100_X11_185~K00873	96.4	303	303	100.0	303	0.0	2e-104	909	98	303	303	2e-104
MAG_AΩX11_186	UniRef100_X11_186~K01489	96.4	194	194	100.0	194	0.0	2e-104	582	98	194	194	2e-104
MAG_AΩX11_188	UniRef100_X11_188~K07335	96.4	397	397	100.0	397	0.0	2e-104	1191	98	397	397	2e-104
MAG_AΩX11_189	UniRef100_X11_189~K03719	96.4	390	390	100.0	390	0.0	2e-104	1170	98	390	390	2e-104
MAG_AΩX11_190	UniRef100_X11_190~K03545	96.4	272	272	100.0	272	0.0	2e-104	816	98	272	272	2e-104
MAG_AΩX11_191	UniRef100_X11_191~K04091	96.4	319	319	100.0	319	0.0	2e-104	957	98	319	319	2e-104
MAG_AΩX11_192	UniRef100_X11_192~K00826	96.4	346	346	100.0	346	0.0	2e-104	1038	98	346	346	2e-104
MAG_AΩX11_193	UniRef100_X11_193~K02028	96.4	197	197	100.0	197	0.0	2e-104	591	98	197	197	2e-104
MAG_AΩX11_199	UniRef100_X11_199~K00566	96.4	294	294	100.0	294	0.0	2e-104	882	98	294	294	2e-104
MAG_AΩX11_201	UniRef100_X11_201~K02609	96.4	336	336	100.0	336	0.0	2e-104	1008	98	336	336	2e-104
MAG_AΩX11_204	UniRef100_X11_204~K00549	96.4	347	347	100.0	347	0.0	2e-104	1041	98	347	347	2e-104
MAG_AΩX11_205	UniRef100_X11_205~K01892	96.4	330	330	100.0	330	0.0	2e-104	990	98	330	330	2e-104
MAG_AΩX11_207	UniRef100_X11_207~K00344	96.4	354	354	100.0	354	0.0	2e-104	1062	98	354	354	2e-104
MAG_AΩX11_208	UniRef100_X11_208~K00525	96.4	257	257	100.0	257	0.0	2e-104	771	98	257	257	2e-104
MAG_AΩX11_209	UniRef100_X11_209~K01638	96.4	327	327	100.0	327	0.0	2e-104	981	98	327	327	2e-104
MAG_AΩX11_210	UniRef100_X11_210~K00074	96.4	267	267	100.0	267	0.0	2e-104	801	98	267	267	2e-104
MAG_AΩX11_211	UniRef100_X11_211~K01057	96.4	328	328	100.0	328	0.0	2e-104	984	98	328	328	2e-104
MAG_AΩX11_212	UniRef100_X11_212~K02509	96.4	288	288	100.0	288	0.0	2e-104	864	98	288	288	2e-104
MAG_AΩX11_214	UniRef100_X11_214~K13038	96.4	321	321	100.0	321	0.0	2e-104	963	98	321	321	2e-104
MAG_AΩX11_215	UniRef100_X11_215~K02825	96.4	336	336	100.0	336	0.0	2e-104	1008	98	336	336	2e-104
MAG_AΩX11_216	UniRef100_X11_216~K06147	96.4	325	325	100.0	325	0.0	2e-104	975	98	325	325	2e-104
MAG_AΩX11_220	UniRef100_X11_220~K00609	96.4	253	253	100.0	253	0.0	2e-104	759	98	253	253	2e-104
MAG_AΩX11_225	UniRef100_X11_225~K02109	96.4	258	258	100.0	258	0.0	2e-104	774	98	258	258	2e-104
MAG_AΩX11_226	UniRef100_X11_226~K05567	96.4	321	321	100.0	321	0.0	2e-104	963	98	321	321	2e-104
MAG_AΩX11_230	UniRef100_X11_230~K06989	96.4	372	372	100.0	372	0.0	2e-104	1116	98	372	372	2e-104
MAG_AΩX11_231	UniRef100_X11_231~K01738	96.4	186	186	100.0	186	0.0	2e-104	558	98	186	186	2e-104
MAG_AΩX11_233	UniRef100_X11_233~K02000	96.4	370	370	100.0	370	0.0	2e-104	1110	98	370	370	2e-104
MAG_AΩX11_236	UniRef100_X11_236~K06213	96.4	388	388	100.0	388	0.0	2e-104	1164	98	388	388	2e-104
MAG_AΩX11_238	UniRef100_X11_238~K02356	96.4	504	504	100.0	504	0.0	2e-104	1512	98	504	504	2e-104
MAG_AΩX11_239	UniRef100_X11_239~K16783	96.4	334	334	100.0	334	0.0	2e-104	1002	98	334	334	2e-104
MAG_AΩX11_240	UniRef100_X11_240~K01465	96.4	284	284	100.0	284	0.0	2e-104	852	98	284	284	2e-104
MAG_AΩX11_243	UniRef100_X11_243~K02057	96.4	335	335	100.0	335	0.0	2e-104	1005	98	335	335	2e-104
MAG_AΩX11_244	UniRef100_X11_244~K13789	96.4	393	393	100.0	393	0.0	2e-104	1179	98	393	393	2e-104
MAG_AΩX11_248	UniRef100_X11_248~K00012	96.4	300	300	100.0	300	0.0	2e-104	900	98	300	300	2e-104
MAG_AΩX11_249	UniRef100_X11_249~K02015	96.4	293	293	100.0	293	0.0	2e-104	879	98	293	293	2e-104
MAG_AΩX11_250	UniRef100_X11_250~K07654	96.4	331	331	100.0	331	0.0	2e-104	993	98	331	331	2e-104
MAG_AΩX11_251	UniRef100_X11_251~K02529	96.4	361	361	100.0	361	0.0	2e-104	1083	98	361	361	2e-104
MAG_AΩX11_253	UniRef100_X11_253~K01638	96.4	452	452	100.0	452	0.0	2e-104	1356	98	452	452	2e-104
MAG_AΩX11_256	UniRef100_X11_256~K16923	96.4	269	269	100.0	269	0.0	2e-104	807	98	269	269	2e-104
MAG_AΩX11_262	UniRef100_X11_262~K07497	96.4	302	302	100.0	302	0.0	2e-104	906	98	302	302	2e-104
MAG_AΩX11_263	UniRef100_X11_263~K03699	96.4	252	252	100.0	252	0.0	2e-104	756	98	252	252	2e-104
MAG_AΩX11_264	UniRef100_X11_264~K08172	96.4	348	348	100.0	348	0.0	2e-104	1044	98	348	348	2e-104
MAG_AΩX11_269	UniRef100_X11_269~K02015	96.4	121	121	100.0	121	0.0	2e-104	363	98	121	121	2e-104
MAG_AΩX11_272	UniRef100_X11_272~K00285	96.4	320	320	100.0	320	0.0	2e-104	960	98	320	320	2e-104
MAG_AΩX11_274	UniRef100_X11_274~K02926	96.4	356	356	100.0	356	0.0	2e-104	1068	98	356	356	2e-104
MAG_AΩX11_275	UniRef100_X11_275~K02919	96.4	301	301	100.0	301	0.0	2e-104	903	98	301	301	2e-104
MAG_AΩX11_276	UniRef100_X11_276~K02654	96.4	331	331	100.0	331	0.0	2e-104	993	98	331	331	2e-104
MAG_AΩX11_278	UniRef100_X11_278~K07738	96.4	254	254	100.0	254	0.0	2e-104	762	98	254	254	2e-104
MAG_AΩX11_279	UniRef100_X11_279~K03709	96.4	298	298	100.0	298	0.0	2e-104	894	98	298	298	2e-104
MAG_AΩX11_280	UniRef100_X11_280~K00215	96.4	291	291	100.0	291	0.0	2e-104	873	98	291	291	2e-104
MAG_AΩX11_283	UniRef100_X11_283~K03308	96.4	336	336	100.0	336	0.0	2e-104	1008	98	336	336	2e-104
MAG_AΩX11_284	UniRef100_X11_284~K02342	96.4	226	226	100.0	226	0.0	2e-104	678	98	226	226	2e-104
MAG_AΩX11_288	UniRef100_X11_288~K01126	96.4	350	350	100.0	350	0.0	2e-104	1050	98	350	350	2e-104
MAG_AΩX11_289	UniRef100_X11_289~K01515	96.4	258	258	100.0	258	0.0	2e-104	774	98	258	258	2e-104
MAG_AΩX11_290	UniRef100_X11_290~K10242	96.4	292	292	100.0	292	0.0	2e-104	876	98	292	292	2e-104
MAG_AΩX11_291	UniRef100_X11_291~K05521	96.4	286	286	100.0	286	0.0	2e-104	858	98	286	286	2e-104
MAG_AΩX11_293	UniRef100_X11_293~K03647	96.4	224	224	100.0	224	0.0	2e-104	672	98	224	224	2e-104
MAG_AΩX11_295	UniRef100_X11_295~K00059	96.4	310	310	100.0	310	0.0	2e-104	930	98	310	310	2e-104
MAG_AΩX12_4	UniRef100_X12_4~K00851	96.4	414	414	100.0	414	0.0	2e-104	1242	98	414	414	2e-104
MAG_AΩX12_5	UniRef100_X12_5~K06901	96.4	273	273	100.0	273	0.0	2e-104	819	98	273	273	2e-104
MAG_AΩX12_7	UniRef100_X12_7~K01724	96.4	245	245	100.0	245	0.0	2e-104	735	98	245	245	2e-104
MAG_AΩX12_8	UniRef100_X12_8~K19302	96.4	360	360	100.0	360	0.0	2e-104	1080	98	360	360	2e-104
MAG_AΩX12_11	UniRef100_X12_11~K08681	96.4	289	289	100.0	289	0.0	2e-104	867	98	289	289	2e-104
MAG_AΩX12_12	UniRef100_X12_12~K15520	96.4	315	315	100.0	315	0.0	2e-104	945	98	315	315	2e-104
MAG_AΩX12_13	UniRef100_X12_13~K03703	96.4	327	327	100.0	327	0.0	2e-104	981	98	327	327	2e-104
MAG_AΩX12_15	UniRef100_X12_15~K03305	96.4	228	228	100.0	228	0.0	2e-104	684	98	228	228	2e-104
MAG_AΩX12_18	UniRef100_X12_18~K01584	96.4	382	382	100.0	382	0.0	2e-104	1146	98	382	382	2e-104
MAG_AΩX12_21	UniRef100_X12_21~K01759	96.4	312	312	100.0	312	0.0	2e-104	936	98	312	312	2e-104
MAG_AΩX12_23	UniRef100_X12_23~K03657	96.4	178	178	100.0	178	0.0	2e-104	534	98	178	178	2e-104
MAG_AΩX12_25	UniRef100_X12_25~K01966	96.4	221	221	100.0	221	0.0	2e-104	663	98	221	221	2e-104
MAG_AΩX12_26	UniRef100_X12_26~K15977	96.4	301	301	100.0	301	0.0	2e-104	903	98	301	301	2e-104
MAG_AΩX12_28	UniRef100_X12_28~K00151	96.4	378	378	100.0	378	0.0	2e-104	1134	98	378	378	2e-104
MAG_AΩX12_29	UniRef100_X12_29~K01692	96.4	286	286	100.0	286	0.0	2e-104	858	98	286	286	2e-104
MAG_AΩX12_30	UniRef100_X12_30~K04488	96.4	274	274	100.0	274	0.0	2e-104	822	98	274	274	2e-104
MAG_AΩX12_34	UniRef100_X12_34~K01624	96.4	291	291	100.0	291	0.0	2e-104	873	98	291	291	2e-104
MAG_AΩX13_1	UniRef100_X13_1~K09812	96.4	331	331	100.0	331	0.0	2e-104	993	98	331	331	2e-104
MAG_AΩX13_2	UniRef100_X13_2~K18118	96.4	396	396	100.0	396	0.0	2e-104	1188	98	396	396	2e-104
MAG_AΩX13_4	UniRef100_X13_4~K00560	96.4	352	352	100.0	352	0.0	2e-104	1056	98	352	352	2e-104
MAG_AΩX13_5	UniRef100_X13_5~K08172	96.4	367	367	100.0	367	0.0	2e-104	1101	98	367	367	2e-104
MAG_AΩX13_6	UniRef100_X13_6~K00868	96.4	287	287	100.0	287	0.0	2e-104	861	98	287	287	2e-104
MAG_AΩX13_8	UniRef100_X13_8~K02860	96.4	335	335	100.0	335	0.0	2e-104	1005	98	335	335	2e-104
MAG_AΩX13_9	UniRef100_X13_9~K05846	96.4	249	249	100.0	249	0.0	2e-104	747	98	249	249	2e-104
MAG_AΩX13_11	UniRef100_X13_11~K07260	96.4	326	326	100.0	326	0.0	2e-104	978	98	326	326	2e-104
MAG_AΩX13_12	UniRef100_X13_12~K06287	96.4	323	323	100.0	323	0.0	2e-104	969	98	323	323	2e-104
MAG_AΩX13_14	UniRef100_X13_14~K11601	96.4	271	271	100.0	271	0.0	2e-104	813	98	271	271	2e-104
MAG_AΩX13_15	UniRef100_X13_15~K02034	96.4	205	205	100.0	205	0.0	2e-104	615	98	205	205	2e-104
MAG_AΩX13_17	UniRef100_X13_17~K01596	96.4	330	330	100.0	330	0.0	2e-104	990	98	330	330	2e-104
MAG_AΩX13_18	UniRef100_X13_18~K02887	96.4	322	322	100.0	322	0.0	2e-104	966	98	322	322	2e-104
MAG_AΩX13_19	UniRef100_X13_19~K03431	96.4	391	391	100.0	391	0.0	2e-104	1173	98	391	391	2e-104
MAG_AΩX13_20	UniRef100_X13_20~K00074	96.4	322	322	100.0	322	0.0	2e-104	966	98	322	322	2e-104
MAG_AΩX13_23	UniRef100_X13_23~K03547	96.4	358	358	100.0	358	0.0	2e-104	1074	98	358	358	2e-104
MAG_AΩX13_25	UniRef100_X13_25~K00135	96.4	371	371	100.0	371	0.0	2e-104	1113	98	371	371	2e-104
MAG_AΩX13_26	UniRef100_X13_26~K01239	96.4	281	281	100.0	281	0.0	2e-104	843	98	281	281	2e-104
MAG_AΩX13_27	UniRef100_X13_27~K07220	96.4	217	217	100.0	217	0.0	2e-104	651	98	217	217	2e-104
MAG_AΩX13_28	UniRef100_X13_28~K07058	96.4	294	294	100.0	294	0.0	2e-104	882	98	294	294	2e-104
MAG_AΩX13_30	UniRef100_X13_30~K02575	96.4	377	377	100.0	377	0.0	2e-104	1131	98	377	377	2e-104
MAG_AΩX13_39	UniRef100_X13_39~K13639	96.4	301	301	100.0	301	0.0	2e-104	903	98	301	301	2e-104
MAG_AΩX13_40	UniRef100_X13_40~K03527	96.4	289	289	100.0	289	0.0	2e-104	867	98	289	289	2e-104
MAG_AΩX13_41	UniRef100_X13_41~K00847	96.4	348	348	100.0	348	0.0	2e-104	1044	98	348	348	2e-104
MAG_AΩX13_43	UniRef100_X13_43~K07391	96.4	417	417	100.0	417	0.0	2e-104	1251	98	417	417	2e-104
MAG_AΩX13_44	UniRef100_X13_44~K18353	96.4	448	448	100.0	448	0.0	2e-104	1344	98	448	448	2e-104
MAG_AΩX13_47	UniRef100_X13_47~K00162	96.4	302	302	100.0	302	0.0	2e-104	906	98	302	302	2e-104
MAG_AΩX13_48	UniRef100_X13_48~K09975	96.4	356	356	100.0	356	0.0	2e-104	1068	98	356	356	2e-104
MAG_AΩX13_50	UniRef100_X13_50~K02575	96.4	235	235	100.0	235	0.0	2e-104	705	98	235	235	2e-104
MAG_AΩX13_53	UniRef100_X13_53~K07071	96.4	335	335	100.0	335	0.0	2e-104	1005	98	335	335	2e-104
MAG_AΩX13_55	UniRef100_X13_55~K00688	96.4	304	304	100.0	304	0.0	2e-104	912	98	304	304	2e-104
MAG_AΩX13_60	UniRef100_X13_60~K00101	96.4	314	314	100.0	314	0.0	2e-104	942	98	314	314	2e-104
MAG_AΩX13_61	UniRef100_X13_61~K00945	96.4	263	263	100.0	263	0.0	2e-104	789	98	263	263	2e-104
MAG_AΩX13_63	UniRef100_X13_63~K01744	96.4	310	310	100.0	310	0.0	2e-104	930	98	310	310	2e-104
MAG_AΩX13_67	UniRef100_X13_67~K09858	96.4	329	329	100.0	329	0.0	2e-104	987	98	329	329	2e-104
MAG_AΩX13_69	UniRef100_X13_69~K07670	96.4	298	298	100.0	298	0.0	2e-104	894	98	298	298	2e-104
MAG_AΩX13_70	UniRef100_X13_70~K13481	96.4	279	279	100.0	279	0.0	2e-104	837	98	279	279	2e-104
MAG_AΩX13_71	UniRef100_X13_71~K06942	96.4	245	245	100.0	245	0.0	2e-104	735	98	245	245	2e-104
MAG_AΩX13_75	UniRef100_X13_75~K00344	96.4	283	283	100.0	283	0.0	2e-104	849	98	283	283	2e-104
MAG_AΩX13_76	UniRef100_X13_76~K00943	96.4	351	351	100.0	351	0.0	2e-104	1053	98	351	351	2e-104
MAG_AΩX13_79	UniRef100_X13_79~K01129	96.4	320	320	100.0	320	0.0	2e-104	960	98	320	320	2e-104
MAG_AΩX13_80	UniRef100_X13_80~K01433	96.4	271	271	100.0	271	0.0	2e-104	813	98	271	271	2e-104
MAG_AΩX13_82	UniRef100_X13_82~K02933	96.4	358	358	100.0	358	0.0	2e-104	1074	98	358	358	2e-104
MAG_AΩX13_85	UniRef100_X13_85~K06988	96.4	220	220	100.0	220	0.0	2e-104	660	98	220	220	2e-104
MAG_AΩX13_86	UniRef100_X13_86~K02018	96.4	403	403	100.0	403	0.0	2e-104	1209	98	403	403	2e-104
MAG_AΩX13_87	UniRef100_X13_87~K10112	96.4	256	256	100.0	256	0.0	2e-104	768	98	256	256	2e-104
MAG_AΩX13_90	UniRef100_X13_90~K01153	96.4	371	371	100.0	371	0.0	2e-104	1113	98	371	371	2e-104
MAG_AΩX13_91	UniRef100_X13_91~K03704	96.4	327	327	100.0	327	0.0	2e-104	981	98	327	327	2e-104
MAG_AΩX13_94	UniRef100_X13_94~K10233	96.4	349	349	100.0	349	0.0	2e-104	1047	98	349	349	2e-104
MAG_AΩX13_98	UniRef100_X13_98~K11602	96.4	363	363	100.0	363	0.0	2e-104	1089	98	363	363	2e-104
MAG_AΩX13_99	UniRef100_X13_99~K03386	96.4	333	333	100.0	333	0.0	2e-104	999	98	333	333	2e-104
MAG_AΩX13_101	UniRef100_X13_101~K09458	96.4	323	323	100.0	323	0.0	2e-104	969	98	323	323	2e-104
MAG_AΩX13_104	UniRef100_X13_104~K07586	96.4	290	290	100.0	290	0.0	2e-104	870	98	290	290	2e-104
MAG_AΩX13_106	UniRef100_X13_106~K02895	96.4	284	284	100.0	284	0.0	2e-104	852	98	284	284	2e-104
MAG_AΩX13_108	UniRef100_X13_108~K00365	96.4	305	305	100.0	305	0.0	2e-104	915	98	305	305	2e-104
MAG_AΩX13_109	UniRef100_X13_109~K01421	96.4	367	367	100.0	367	0.0	2e-104	1101	98	367	367	2e-104
MAG_AΩX13_110	UniRef100_X13_110~K02226	96.4	207	207	100.0	207	0.0	2e-104	621	98	207	207	2e-104
MAG_AΩX13_112	UniRef100_X13_112~K00525	96.4	399	399	100.0	399	0.0	2e-104	1197	98	399	399	2e-104
MAG_AΩX13_116	UniRef100_X13_116~K07793	96.4	390	390	100.0	390	0.0	2e-104	1170	98	390	390	2e-104
MAG_AΩX13_118	UniRef100_X13_118~K01028	96.4	306	306	100.0	306	0.0	2e-104	918	98	306	306	2e-104
MAG_AΩX13_119	UniRef100_X13_119~K01883	96.4	349	349	100.0	349	0.0	2e-104	1047	98	349	349	2e-104
MAG_AΩX13_120	UniRef100_X13_120~K02035	96.4	284	284	100.0	284	0.0	2e-104	852	98	284	284	2e-104
MAG_AΩX13_124	UniRef100_X13_124~K14060	96.4	330	330	100.0	330	0.0	2e-104	990	98	330	330	2e-104
MAG_AΩX13_126	UniRef100_X13_126~K00123	96.4	361	361	100.0	361	0.0	2e-104	1083	98	361	361	2e-104
MAG_AΩX13_129	UniRef100_X13_129~K08194	96.4	230	230	100.0	230	0.0	2e-104	690	98	230	230	2e-104
MAG_AΩX13_133	UniRef100_X13_133~K03077	96.4	295	295	100.0	295	0.0	2e-104	885	98	295	295	2e-104
MAG_AΩX13_134	UniRef100_X13_134~K00864	96.4	364	364	100.0	364	0.0	2e-104	1092	98	364	364	2e-104
MAG_AΩX13_135	UniRef100_X13_135~K02437	96.4	364	364	100.0	364	0.0	2e-104	1092	98	364	364	2e-104
MAG_AΩX13_138	UniRef100_X13_138~K05845	96.4	418	418	100.0	418	0.0	2e-104	1254	98	418	418	2e-104
MAG_AΩX13_139	UniRef100_X13_139~K00847	96.4	388	388	100.0	388	0.0	2e-104	1164	98	388	388	2e-104
MAG_AΩX13_140	UniRef100_X13_140~K08224	96.4	354	354	100.0	354	0.0	2e-104	1062	98	354	354	2e-104
MAG_AΩX13_141	UniRef100_X13_141~K11065	96.4	264	264	100.0	264	0.0	2e-104	792	98	264	264	2e-104
MAG_AΩX13_142	UniRef100_X13_142~K06902	96.4	404	404	100.0	404	0.0	2e-104	1212	98	404	404	2e-104
MAG_AΩX13_146	UniRef100_X13_146~K20469	96.4	318	318	100.0	318	0.0	2e-104	954	98	318	318	2e-104
MAG_AΩX13_148	UniRef100_X13_148~K02379	96.4	289	289	100.0	289	0.0	2e-104	867	98	289	289	2e-104
MAG_AΩX13_151	UniRef100_X13_151~K03588	96.4	241	241	100.0	241	0.0	2e-104	723	98	241	241	2e-104
MAG_AΩX13_152	UniRef100_X13_152~K01126	96.4	228	228	100.0	228	0.0	2e-104	684	98	228	228	2e-104
MAG_AΩX13_154	UniRef100_X13_154~K00788	96.4	296	296	100.0	296	0.0	2e-104	888	98	296	296	2e-104
MAG_AΩX13_158	UniRef100_X13_158~K07118	96.4	274	274	100.0	274	0.0	2e-104	822	98	274	274	2e-104
MAG_AΩX13_159	UniRef100_X13_159~K15555	96.4	324	324	100.0	324	0.0	2e-104	972	98	324	324	2e-104
MAG_AΩX13_160	UniRef100_X13_160~K03546	96.4	274	274	100.0	274	0.0	2e-104	822	98	274	274	2e-104
MAG_AΩX13_161	UniRef100_X13_161~K01759	96.4	393	393	100.0	393	0.0	2e-104	1179	98	393	393	2e-104
MAG_AΩX13_163	UniRef100_X13_163~K03665	96.4	248	248	100.0	248	0.0	2e-104	744	98	248	248	2e-104
MAG_AΩX13_165	UniRef100_X13_165~K12510	96.4	316	316	100.0	316	0.0	2e-104	948	98	316	316	2e-104
MAG_AΩX13_166	UniRef100_X13_166~K00448	96.4	323	323	100.0	323	0.0	2e-104	969	98	323	323	2e-104
MAG_AΩX13_169	UniRef100_X13_169~K17810	96.4	287	287	100.0	287	0.0	2e-104	861	98	287	287	2e-104
MAG_AΩX13_170	UniRef100_X13_170~K07794	96.4	378	378	100.0	378	0.0	2e-104	1134	98	378	378	2e-104
MAG_AΩX13_171	UniRef100_X13_171~K02003	96.4	282	282	100.0	282	0.0	2e-104	846	98	282	282	2e-104
MAG_AΩX13_172	UniRef100_X13_172~K00027	96.4	278	278	100.0	278	0.0	2e-104	834	98	278	278	2e-104
MAG_AΩX13_173	UniRef100_X13_173~K01952	96.4	371	371	100.0	371	0.0	2e-104	1113	98	371	371	2e-104
MAG_AΩX13_175	UniRef100_X13_175~K00020	96.4	315	315	100.0	315	0.0	2e-104	945	98	315	315	2e-104
MAG_AΩX13_176	UniRef100_X13_176~K01873	96.4	334	334	100.0	334	0.0	2e-104	1002	98	334	334	2e-104
MAG_AΩX13_177	UniRef100_X13_177~K03719	96.4	365	365	100.0	365	0.0	2e-104	1095	98	365	365	2e-104
MAG_AΩX13_178	UniRef100_X13_178~K11737	96.4	279	279	100.0	279	0.0	2e-104	837	98	279	279	2e-104
MAG_AΩX13_180	UniRef100_X13_180~K00161	96.4	332	332	100.0	332	0.0	2e-104	996	98	332	332	2e-104
MAG_AΩX13_181	UniRef100_X13_181~K01784	96.4	267	267	100.0	267	0.0	2e-104	801	98	267	267	2e-104
MAG_AΩX13_182	UniRef100_X13_182~K01845	96.4	284	284	100.0	284	0.0	2e-104	852	98	284	284	2e-104
MAG_AΩX13_186	UniRef100_X13_186~K01903	96.4	406	406	100.0	406	0.0	2e-104	1218	98	406	406	2e-104
MAG_AΩX13_188	UniRef100_X13_188~K00387	96.4	266	266	100.0	266	0.0	2e-104	798	98	266	266	2e-104
MAG_AΩX13_192	UniRef100_X13_192~K04763	96.4	220	220	100.0	220	0.0	2e-104	660	98	220	220	2e-104
MAG_AΩX13_193	UniRef100_X13_193~K12511	96.4	286	286	100.0	286	0.0	2e-104	858	98	286	286	2e-104
MAG_AΩX13_197	UniRef100_X13_197~K01872	96.4	409	409	100.0	409	0.0	2e-104	1227	98	409	409	2e-104
MAG_AΩX13_200	UniRef100_X13_200~K06916	96.4	265	265	100.0	265	0.0	2e-104	795	98	265	265	2e-104
MAG_AΩX13_201	UniRef100_X13_201~K03106	96.4	305	305	100.0	305	0.0	2e-104	915	98	305	305	2e-104
MAG_AΩX13_203	UniRef100_X13_203~K00600	96.4	215	215	100.0	215	0.0	2e-104	645	98	215	215	2e-104
MAG_AΩX13_204	UniRef100_X13_204~K00145	96.4	282	282	100.0	282	0.0	2e-104	846	98	282	282	2e-104
MAG_AΩX13_208	UniRef100_X13_208~K13529	96.4	366	366	100.0	366	0.0	2e-104	1098	98	366	366	2e-104
MAG_AΩX13_209	UniRef100_X13_209~K03601	96.4	345	345	100.0	345	0.0	2e-104	1035	98	345	345	2e-104
MAG_AΩX13_211	UniRef100_X13_211~K08094	96.4	236	236	100.0	236	0.0	2e-104	708	98	236	236	2e-104
MAG_AΩX13_212	UniRef100_X13_212~K00019	96.4	192	192	100.0	192	0.0	2e-104	576	98	192	192	2e-104
MAG_AΩX13_213	UniRef100_X13_213~K10118	96.4	368	368	100.0	368	0.0	2e-104	1104	98	368	368	2e-104
MAG_AΩX13_215	UniRef100_X13_215~K07492	96.4	316	316	100.0	316	0.0	2e-104	948	98	316	316	2e-104
MAG_AΩX13_218	UniRef100_X13_218~K00133	96.4	221	221	100.0	221	0.0	2e-104	663	98	221	221	2e-104
MAG_AΩX13_221	UniRef100_X13_221~K00830	96.4	295	295	100.0	295	0.0	2e-104	885	98	295	295	2e-104
MAG_AΩX13_222	UniRef100_X13_222~K18928	96.4	416	416	100.0	416	0.0	2e-104	1248	98	416	416	2e-104
MAG_AΩX13_223	UniRef100_X13_223~K02015	96.4	254	254	100.0	254	0.0	2e-104	762	98	254	254	2e-104
MAG_AΩX14_1	UniRef100_X14_1~K05835	96.4	290	290	100.0	290	0.0	2e-104	870	98	290	290	2e-104
MAG_AΩX14_2	UniRef100_X14_2~K03499	96.4	360	360	100.0	360	0.0	2e-104	1080	98	360	360	2e-104
MAG_AΩX14_3	UniRef100_X14_3~K15545	96.4	325	325	100.0	325	0.0	2e-104	975	98	325	325	2e-104
MAG_AΩX14_4	UniRef100_X14_4~K08316	96.4	319	319	100.0	319	0.0	2e-104	957	98	319	319	2e-104
MAG_AΩX14_6	UniRef100_X14_6~K08999	96.4	317	317	100.0	317	0.0	2e-104	951	98	317	317	2e-104
MAG_AΩX14_7	UniRef100_X14_7~K03153	96.4	258	258	100.0	258	0.0	2e-104	774	98	258	258	2e-104
MAG_AΩX14_10	UniRef100_X14_10~K02472	96.4	357	357	100.0	357	0.0	2e-104	1071	98	357	357	2e-104
MAG_AΩX14_11	UniRef100_X14_11~K03801	96.4	299	299	100.0	299	0.0	2e-104	897	98	299	299	2e-104
MAG_AΩX14_12	UniRef100_X14_12~K03824	96.4	260	260	100.0	260	0.0	2e-104	780	98	260	260	2e-104
MAG_AΩX14_14	UniRef100_X14_14~K02959	96.4	273	273	100.0	273	0.0	2e-104	819	98	273	273	2e-104
MAG_AΩX14_15	UniRef100_X14_15~K02303	96.4	257	257	100.0	257	0.0	2e-104	771	98	257	257	2e-104
MAG_AΩX14_16	UniRef100_X14_16~K07032	96.4	330	330	100.0	330	0.0	2e-104	990	98	330	330	2e-104
MAG_AΩX14_18	UniRef100_X14_18~K05886	96.4	310	310	100.0	310	0.0	2e-104	930	98	310	310	2e-104
MAG_AΩX14_19	UniRef100_X14_19~K00252	96.4	387	387	100.0	387	0.0	2e-104	1161	98	387	387	2e-104
MAG_AΩX14_20	UniRef100_X14_20~K01661	96.4	354	354	100.0	354	0.0	2e-104	1062	98	354	354	2e-104
MAG_AΩX14_21	UniRef100_X14_21~K06929	96.4	289	289	100.0	289	0.0	2e-104	867	98	289	289	2e-104
MAG_AΩX14_24	UniRef100_X14_24~K03321	96.4	236	236	100.0	236	0.0	2e-104	708	98	236	236	2e-104
MAG_AΩX14_25	UniRef100_X14_25~K18230	96.4	264	264	100.0	264	0.0	2e-104	792	98	264	264	2e-104
MAG_AΩX14_27	UniRef100_X14_27~K07067	96.4	296	296	100.0	296	0.0	2e-104	888	98	296	296	2e-104
MAG_AΩX14_28	UniRef100_X14_28~K16841	96.4	397	397	100.0	397	0.0	2e-104	1191	98	397	397	2e-104
MAG_AΩX14_29	UniRef100_X14_29~K07127	96.4	385	385	100.0	385	0.0	2e-104	1155	98	385	385	2e-104
MAG_AΩX14_32	UniRef100_X14_32~K01029	96.4	247	247	100.0	247	0.0	2e-104	741	98	247	247	2e-104
MAG_AΩX14_33	UniRef100_X14_33~K16048	96.4	256	256	100.0	256	0.0	2e-104	768	98	256	256	2e-104
MAG_AΩX14_34	UniRef100_X14_34~K05350	96.4	306	306	100.0	306	0.0	2e-104	918	98	306	306	2e-104
MAG_AΩX14_35	UniRef100_X14_35~K01607	96.4	374	374	100.0	374	0.0	2e-104	1122	98	374	374	2e-104
MAG_AΩX14_36	UniRef100_X14_36~K03977	96.4	258	258	100.0	258	0.0	2e-104	774	98	258	258	2e-104
MAG_AΩX14_37	UniRef100_X14_37~K00164	96.4	297	297	100.0	297	0.0	2e-104	891	98	297	297	2e-104
MAG_AΩX14_38	UniRef100_X14_38~K01687	96.4	319	319	100.0	319	0.0	2e-104	957	98	319	319	2e-104
MAG_AΩX14_39	UniRef100_X14_39~K01990	96.4	270	270	100.0	270	0.0	2e-104	810	98	270	270	2e-104
MAG_AΩX14_41	UniRef100_X14_41~K07497	96.4	316	316	100.0	316	0.0	2e-104	948	98	316	316	2e-104
MAG_AΩX14_42	UniRef100_X14_42~K03496	96.4	263	263	100.0	263	0.0	2e-104	789	98	263	263	2e-104
MAG_AΩX14_43	UniRef100_X14_43~K07483	96.4	298	298	100.0	298	0.0	2e-104	894	98	298	298	2e-104
MAG_AΩX14_45	UniRef100_X14_45~K00111	96.4	314	314	100.0	314	0.0	2e-104	942	98	314	314	2e-104
MAG_AΩX14_46	UniRef100_X14_46~K01488	96.4	365	365	100.0	365	0.0	2e-104	1095	98	365	365	2e-104
MAG_AΩX15_2	UniRef100_X15_2~K14977	96.4	335	335	100.0	335	0.0	2e-104	1005	98	335	335	2e-104
MAG_AΩX15_5	UniRef100_X15_5~K03762	96.4	376	376	100.0	376	0.0	2e-104	1128	98	376	376	2e-104
MAG_AΩX15_6	UniRef100_X15_6~K06179	96.4	290	290	100.0	290	0.0	2e-104	870	98	290	290	2e-104
MAG_AΩX15_9	UniRef100_X15_9~K06153	96.4	310	310	100.0	310	0.0	2e-104	930	98	310	310	2e-104
MAG_AΩX15_10	UniRef100_X15_10~K09793	96.4	349	349	100.0	349	0.0	2e-104	1047	98	349	349	2e-104
MAG_AΩX15_13	UniRef100_X15_13~K06221	96.4	267	267	100.0	267	0.0	2e-104	801	98	267	267	2e-104
MAG_AΩX15_15	UniRef100_X15_15~K00033	96.4	319	319	100.0	319	0.0	2e-104	957	98	319	319	2e-104
MAG_AΩX15_17	UniRef100_X15_17~K02851	96.4	290	290	100.0	290	0.0	2e-104	870	98	290	290	2e-104
MAG_AΩX15_24	UniRef100_X15_24~K05592	96.4	355	355	100.0	355	0.0	2e-104	1065	98	355	355	2e-104
MAG_AΩX15_26	UniRef100_X15_26~K07004	96.4	312	312	100.0	312	0.0	2e-104	936	98	312	312	2e-104
MAG_AΩX15_27	UniRef100_X15_27~K02996	96.4	308	308	100.0	308	0.0	2e-104	924	98	308	308	2e-104
MAG_AΩX15_28	UniRef100_X15_28~K01424	96.4	281	281	100.0	281	0.0	2e-104	843	98	281	281	2e-104
MAG_AΩX15_29	UniRef100_X15_29~K00563	96.4	338	338	100.0	338	0.0	2e-104	1014	98	338	338	2e-104
MAG_AΩX15_31	UniRef100_X15_31~K02016	96.4	238	238	100.0	238	0.0	2e-104	714	98	238	238	2e-104
MAG_AΩX15_35	UniRef100_X15_35~K05832	96.4	371	371	100.0	371	0.0	2e-104	1113	98	371	371	2e-104
MAG_AΩX15_36	UniRef100_X15_36~K02034	96.4	281	281	100.0	281	0.0	2e-104	843	98	281	281	2e-104
MAG_AΩX15_37	UniRef100_X15_37~K03427	96.4	340	340	100.0	340	0.0	2e-104	1020	98	340	340	2e-104
MAG_AΩX15_38	UniRef100_X15_38~K03449	96.4	271	271	100.0	271	0.0	2e-104	813	98	271	271	2e-104
MAG_AΩX15_39	UniRef100_X15_39~K18775	96.4	412	412	100.0	412	0.0	2e-104	1236	98	412	412	2e-104
MAG_AΩX15_44	UniRef100_X15_44~K05841	96.4	280	280	100.0	280	0.0	2e-104	840	98	280	280	2e-104
MAG_AΩX15_46	UniRef100_X15_46~K03524	96.4	286	286	100.0	286	0.0	2e-104	858	98	286	286	2e-104
MAG_AΩX15_49	UniRef100_X15_49~K09811	96.4	300	300	100.0	300	0.0	2e-104	900	98	300	300	2e-104
MAG_AΩX15_50	UniRef100_X15_50~K02475	96.4	275	275	100.0	275	0.0	2e-104	825	98	275	275	2e-104
MAG_AΩX15_51	UniRef100_X15_51~K03979	96.4	341	341	100.0	341	0.0	2e-104	1023	98	341	341	2e-104
MAG_AΩX15_57	UniRef100_X15_57~K01875	96.4	310	310	100.0	310	0.0	2e-104	930	98	310	310	2e-104
MAG_AΩX15_58	UniRef100_X15_58~K00239	96.4	359	359	100.0	359	0.0	2e-104	1077	98	359	359	2e-104
MAG_AΩX15_60	UniRef100_X15_60~K03100	96.4	381	381	100.0	381	0.0	2e-104	1143	98	381	381	2e-104
MAG_AΩX15_61	UniRef100_X15_61~K01869	96.4	305	305	100.0	305	0.0	2e-104	915	98	305	305	2e-104
MAG_AΩX15_62	UniRef100_X15_62~K00655	96.4	359	359	100.0	359	0.0	2e-104	1077	98	359	359	2e-104
MAG_AΩX15_63	UniRef100_X15_63~K01589	96.4	317	317	100.0	317	0.0	2e-104	951	98	317	317	2e-104
MAG_AΩX15_65	UniRef100_X15_65~K02614	96.4	330	330	100.0	330	0.0	2e-104	990	98	330	330	2e-104
MAG_AΩX15_66	UniRef100_X15_66~K15582	96.4	307	307	100.0	307	0.0	2e-104	921	98	307	307	2e-104
MAG_AΩX15_68	UniRef100_X15_68~K02028	96.4	296	296	100.0	296	0.0	2e-104	888	98	296	296	2e-104
MAG_AΩX15_70	UniRef100_X15_70~K01256	96.4	324	324	100.0	324	0.0	2e-104	972	98	324	324	2e-104
MAG_AΩX15_71	UniRef100_X15_71~K01609	96.4	246	246	100.0	246	0.0	2e-104	738	98	246	246	2e-104
MAG_AΩX15_73	UniRef100_X15_73~K00793	96.4	247	247	100.0	247	0.0	2e-104	741	98	247	247	2e-104
MAG_AΩX15_75	UniRef100_X15_75~K00764	96.4	312	312	100.0	312	0.0	2e-104	936	98	312	312	2e-104
MAG_AΩX15_80	UniRef100_X15_80~K17883	96.4	407	407	100.0	407	0.0	2e-104	1221	98	407	407	2e-104
MAG_AΩX15_81	UniRef100_X15_81~K01462	96.4	267	267	100.0	267	0.0	2e-104	801	98	267	267	2e-104
MAG_AΩX15_82	UniRef100_X15_82~K03088	96.4	385	385	100.0	385	0.0	2e-104	1155	98	385	385	2e-104
MAG_AΩX15_83	UniRef100_X15_83~K00571	96.4	273	273	100.0	273	0.0	2e-104	819	98	273	273	2e-104
MAG_AΩX15_86	UniRef100_X15_86~K03496	96.4	353	353	100.0	353	0.0	2e-104	1059	98	353	353	2e-104
MAG_AΩX15_88	UniRef100_X15_88~K02897	96.4	262	262	100.0	262	0.0	2e-104	786	98	262	262	2e-104
MAG_AΩX15_89	UniRef100_X15_89~K00853	96.4	294	294	100.0	294	0.0	2e-104	882	98	294	294	2e-104
MAG_AΩX15_90	UniRef100_X15_90~K03530	96.4	371	371	100.0	371	0.0	2e-104	1113	98	371	371	2e-104
MAG_AΩX15_91	UniRef100_X15_91~K06916	96.4	378	378	100.0	378	0.0	2e-104	1134	98	378	378	2e-104
MAG_AΩX15_96	UniRef100_X15_96~K01952	96.4	315	315	100.0	315	0.0	2e-104	945	98	315	315	2e-104
MAG_AΩX16_1	UniRef100_X16_1~K02836	96.4	414	414	100.0	414	0.0	2e-104	1242	98	414	414	2e-104
MAG_AΩX16_2	UniRef100_X16_2~K10005	96.4	217	217	100.0	217	0.0	2e-104	651	98	217	217	2e-104
MAG_AΩX16_3	UniRef100_X16_3~K04761	96.4	322	322	100.0	322	0.0	2e-104	966	98	322	322	2e-104
MAG_AΩX16_4	UniRef100_X16_4~K01265	96.4	321	321	100.0	321	0.0	2e-104	963	98	321	321	2e-104
MAG_AΩX16_5	UniRef100_X16_5~K02015	96.4	370	370	100.0	370	0.0	2e-104	1110	98	370	370	2e-104
MAG_AΩX16_6	UniRef100_X16_6~K01835	96.4	306	306	100.0	306	0.0	2e-104	918	98	306	306	2e-104
MAG_AΩX16_8	UniRef100_X16_8~K08093	96.4	335	335	100.0	335	0.0	2e-104	1005	98	335	335	2e-104
MAG_AΩX16_11	UniRef100_X16_11~K06960	96.4	284	284	100.0	284	0.0	2e-104	852	98	284	284	2e-104
MAG_AΩX16_13	UniRef100_X16_13~K06191	96.4	301	301	100.0	301	0.0	2e-104	903	98	301	301	2e-104
MAG_AΩX16_14	UniRef100_X16_14~K02948	96.4	328	328	100.0	328	0.0	2e-104	984	98	328	328	2e-104
MAG_AΩX16_16	UniRef100_X16_16~K00919	96.4	312	312	100.0	312	0.0	2e-104	936	98	312	312	2e-104
MAG_AΩX16_17	UniRef100_X16_17~K07386	96.4	254	254	100.0	254	0.0	2e-104	762	98	254	254	2e-104
MAG_AΩX16_22	UniRef100_X16_22~K08166	96.4	398	398	100.0	398	0.0	2e-104	1194	98	398	398	2e-104
MAG_AΩX16_25	UniRef100_X16_25~K05596	96.4	303	303	100.0	303	0.0	2e-104	909	98	303	303	2e-104
MAG_AΩX16_26	UniRef100_X16_26~K11738	96.4	357	357	100.0	357	0.0	2e-104	1071	98	357	357	2e-104
MAG_AΩX16_29	UniRef100_X16_29~K03699	96.4	380	380	100.0	380	0.0	2e-104	1140	98	380	380	2e-104
MAG_AΩX16_30	UniRef100_X16_30~K03215	96.4	281	281	100.0	281	0.0	2e-104	843	98	281	281	2e-104
MAG_AΩX16_31	UniRef100_X16_31~K00806	96.4	326	326	100.0	326	0.0	2e-104	978	98	326	326	2e-104
MAG_AΩX16_34	UniRef100_X16_34~K07693	96.4	359	359	100.0	359	0.0	2e-104	1077	98	359	359	2e-104
MAG_AΩX16_36	UniRef100_X16_36~K00078	96.4	322	322	100.0	322	0.0	2e-104	966	98	322	322	2e-104
MAG_AΩX16_37	UniRef100_X16_37~K03498	96.4	366	366	100.0	366	0.0	2e-104	1098	98	366	366	2e-104
MAG_AΩX16_39	UniRef100_X16_39~K06158	96.4	384	384	100.0	384	0.0	2e-104	1152	98	384	384	2e-104
MAG_AΩX16_41	UniRef100_X16_41~K01087	96.4	235	235	100.0	235	0.0	2e-104	705	98	235	235	2e-104
MAG_AΩX16_42	UniRef100_X16_42~K00986	96.4	364	364	100.0	364	0.0	2e-104	1092	98	364	364	2e-104
MAG_AΩX16_43	UniRef100_X16_43~K02003	96.4	367	367	100.0	367	0.0	2e-104	1101	98	367	367	2e-104
MAG_AΩX16_46	UniRef100_X16_46~K03075	96.4	227	227	100.0	227	0.0	2e-104	681	98	227	227	2e-104
MAG_AΩX16_48	UniRef100_X16_48~K01479	96.4	411	411	100.0	411	0.0	2e-104	1233	98	411	411	2e-104
MAG_AΩX16_49	UniRef100_X16_49~K00886	96.4	293	293	100.0	293	0.0	2e-104	879	98	293	293	2e-104
MAG_AΩX16_50	UniRef100_X16_50~K07107	96.4	316	316	100.0	316	0.0	2e-104	948	98	316	316	2e-104
MAG_AΩX16_60	UniRef100_X16_60~K02027	96.4	322	322	100.0	322	0.0	2e-104	966	98	322	322	2e-104
MAG_AΩX16_61	UniRef100_X16_61~K00794	96.4	297	297	100.0	297	0.0	2e-104	891	98	297	297	2e-104
MAG_AΩX16_62	UniRef100_X16_62~K09684	96.4	251	251	100.0	251	0.0	2e-104	753	98	251	251	2e-104
MAG_AΩX16_63	UniRef100_X16_63~K00712	96.4	257	257	100.0	257	0.0	2e-104	771	98	257	257	2e-104
MAG_AΩX16_64	UniRef100_X16_64~K02469	96.4	233	233	100.0	233	0.0	2e-104	699	98	233	233	2e-104
MAG_AΩX16_65	UniRef100_X16_65~K02357	96.4	397	397	100.0	397	0.0	2e-104	1191	98	397	397	2e-104
MAG_AΩX16_67	UniRef100_X16_67~K02483	96.4	177	177	100.0	177	0.0	2e-104	531	98	177	177	2e-104
MAG_AΩX16_72	UniRef100_X16_72~K01438	96.4	290	290	100.0	290	0.0	2e-104	870	98	290	290	2e-104
MAG_AΩX16_73	UniRef100_X16_73~K05342	96.4	268	268	100.0	268	0.0	2e-104	804	98	268	268	2e-104
MAG_AΩX16_76	UniRef100_X16_76~K01425	96.4	244	244	100.0	244	0.0	2e-104	732	98	244	244	2e-104
MAG_AΩX16_78	UniRef100_X16_78~K03671	96.4	308	308	100.0	308	0.0	2e-104	924	98	308	308	2e-104
MAG_AΩX16_79	UniRef100_X16_79~K02990	96.4	383	383	100.0	383	0.0	2e-104	1149	98	383	383	2e-104
MAG_AΩX16_80	UniRef100_X16_80~K00368	96.4	308	308	100.0	308	0.0	2e-104	924	98	308	308	2e-104
MAG_AΩX16_83	UniRef100_X16_83~K10548	96.4	281	281	100.0	281	0.0	2e-104	843	98	281	281	2e-104
MAG_AΩX16_84	UniRef100_X16_84~K07486	96.4	347	347	100.0	347	0.0	2e-104	1041	98	347	347	2e-104
MAG_AΩX16_87	UniRef100_X16_87~K03111	96.4	292	292	100.0	292	0.0	2e-104	876	98	292	292	2e-104
MAG_AΩX17_1	UniRef100_X17_1~K11618	96.4	387	387	100.0	387	0.0	2e-104	1161	98	387	387	2e-104
MAG_AΩX17_2	UniRef100_X17_2~K05020	96.4	379	379	100.0	379	0.0	2e-104	1137	98	379	379	2e-104
MAG_AΩX17_3	UniRef100_X17_3~K00954	96.4	335	335	100.0	335	0.0	2e-104	1005	98	335	335	2e-104
MAG_AΩX17_4	UniRef100_X17_4~K13571	96.4	239	239	100.0	239	0.0	2e-104	717	98	239	239	2e-104
MAG_AΩX17_6	UniRef100_X17_6~K18230	96.4	300	300	100.0	300	0.0	2e-104	900	98	300	300	2e-104
MAG_AΩX17_9	UniRef100_X17_9~K00867	96.4	309	309	100.0	309	0.0	2e-104	927	98	309	309	2e-104
MAG_AΩX17_11	UniRef100_X17_11~K01923	96.4	331	331	100.0	331	0.0	2e-104	993	98	331	331	2e-104
MAG_AΩX17_12	UniRef100_X17_12~K02479	96.4	288	288	100.0	288	0.0	2e-104	864	98	288	288	2e-104
MAG_AΩX17_13	UniRef100_X17_13~K17686	96.4	193	193	100.0	193	0.0	2e-104	579	98	193	193	2e-104
MAG_AΩX17_14	UniRef100_X17_14~K15553	96.4	276	276	100.0	276	0.0	2e-104	828	98	276	276	2e-104
MAG_AΩX17_15	UniRef100_X17_15~K19639	96.4	238	238	100.0	238	0.0	2e-104	714	98	238	238	2e-104
MAG_AΩX17_17	UniRef100_X17_17~K10947	96.4	260	260	100.0	260	0.0	2e-104	780	98	260	260	2e-104
MAG_AΩX17_20	UniRef100_X17_20~K01933	96.4	210	210	100.0	210	0.0	2e-104	630	98	210	210	2e-104
MAG_AΩX17_21	UniRef100_X17_21~K00930	96.4	430	430	100.0	430	0.0	2e-104	1290	98	430	430	2e-104
MAG_AΩX17_22	UniRef100_X17_22~K02529	96.4	241	241	100.0	241	0.0	2e-104	723	98	241	241	2e-104
MAG_AΩX17_25	UniRef100_X17_25~K06199	96.4	388	388	100.0	388	0.0	2e-104	1164	98	388	388	2e-104
MAG_AΩX17_27	UniRef100_X17_27~K03588	96.4	312	312	100.0	312	0.0	2e-104	936	98	312	312	2e-104
MAG_AΩX17_28	UniRef100_X17_28~K02965	96.4	378	378	100.0	378	0.0	2e-104	1134	98	378	378	2e-104
MAG_AΩX17_29	UniRef100_X17_29~K01740	96.4	294	294	100.0	294	0.0	2e-104	882	98	294	294	2e-104
MAG_AΩX17_30	UniRef100_X17_30~K03284	96.4	261	261	100.0	261	0.0	2e-104	783	98	261	261	2e-104
MAG_AΩX17_31	UniRef100_X17_31~K03551	96.4	282	282	100.0	282	0.0	2e-104	846	98	282	282	2e-104
MAG_AΩX17_33	UniRef100_X17_33~K02115	96.4	340	340	100.0	340	0.0	2e-104	1020	98	340	340	2e-104
MAG_AΩX17_34	UniRef100_X17_34~K02888	96.4	205	205	100.0	205	0.0	2e-104	615	98	205	205	2e-104
MAG_AΩX17_35	UniRef100_X17_35~K01870	96.4	316	316	100.0	316	0.0	2e-104	948	98	316	316	2e-104
MAG_AΩX17_36	UniRef100_X17_36~K01895	96.4	341	341	100.0	341	0.0	2e-104	1023	98	341	341	2e-104
MAG_AΩX17_37	UniRef100_X17_37~K06980	96.4	325	325	100.0	325	0.0	2e-104	975	98	325	325	2e-104
MAG_AΩX17_38	UniRef100_X17_38~K09796	96.4	209	209	100.0	209	0.0	2e-104	627	98	209	209	2e-104
MAG_AΩX17_40	UniRef100_X17_40~K07483	96.4	246	246	100.0	246	0.0	2e-104	738	98	246	246	2e-104
MAG_AΩX17_43	UniRef100_X17_43~K02501	96.4	220	220	100.0	220	0.0	2e-104	660	98	220	220	2e-104
MAG_AΩX17_45	UniRef100_X17_45~K09936	96.4	409	409	100.0	409	0.0	2e-104	1227	98	409	409	2e-104
MAG_AΩX17_46	UniRef100_X17_46~K07305	96.4	377	377	100.0	377	0.0	2e-104	1131	98	377	377	2e-104
MAG_AΩX17_47	UniRef100_X17_47~K03556	96.4	332	332	100.0	332	0.0	2e-104	996	98	332	332	2e-104
MAG_AΩX17_48	UniRef100_X17_48~K01255	96.4	339	339	100.0	339	0.0	2e-104	1017	98	339	339	2e-104
MAG_AΩX17_51	UniRef100_X17_51~K03741	96.4	316	316	100.0	316	0.0	2e-104	948	98	316	316	2e-104
MAG_AΩX17_53	UniRef100_X17_53~K07497	96.4	246	246	100.0	246	0.0	2e-104	738	98	246	246	2e-104
MAG_AΩX17_54	UniRef100_X17_54~K03116	96.4	379	379	100.0	379	0.0	2e-104	1137	98	379	379	2e-104
MAG_AΩX17_55	UniRef100_X17_55~K04064	96.4	298	298	100.0	298	0.0	2e-104	894	98	298	298	2e-104
MAG_AΩX17_56	UniRef100_X17_56~K03891	96.4	291	291	100.0	291	0.0	2e-104	873	98	291	291	2e-104
MAG_AΩX17_57	UniRef100_X17_57~K01433	96.4	325	325	100.0	325	0.0	2e-104	975	98	325	325	2e-104
MAG_AΩX17_58	UniRef100_X17_58~K03316	96.4	299	299	100.0	299	0.0	2e-104	897	98	299	299	2e-104
MAG_AΩX17_59	UniRef100_X17_59~K02529	96.4	253	253	100.0	253	0.0	2e-104	759	98	253	253	2e-104
MAG_AΩX17_60	UniRef100_X17_60~K11069	96.4	323	323	100.0	323	0.0	2e-104	969	98	323	323	2e-104
MAG_AΩX17_61	UniRef100_X17_61~K19333	96.4	371	371	100.0	371	0.0	2e-104	1113	98	371	371	2e-104
MAG_AΩX17_64	UniRef100_X17_64~K02015	96.4	200	200	100.0	200	0.0	2e-104	600	98	200	200	2e-104
MAG_AΩX17_65	UniRef100_X17_65~K00948	96.4	360	360	100.0	360	0.0	2e-104	1080	98	360	360	2e-104
MAG_AΩX17_69	UniRef100_X17_69~K14393	96.4	331	331	100.0	331	0.0	2e-104	993	98	331	331	2e-104
MAG_AΩX17_70	UniRef100_X17_70~K12954	96.4	410	410	100.0	410	0.0	2e-104	1230	98	410	410	2e-104
MAG_AΩX17_73	UniRef100_X17_73~K11103	96.4	281	281	100.0	281	0.0	2e-104	843	98	281	281	2e-104
MAG_AΩX17_75	UniRef100_X17_75~K03671	96.4	321	321	100.0	321	0.0	2e-104	963	98	321	321	2e-104
MAG_AΩX17_76	UniRef100_X17_76~K08369	96.4	299	299	100.0	299	0.0	2e-104	897	98	299	299	2e-104
MAG_AΩX17_77	UniRef100_X17_77~K19710	96.4	283	283	100.0	283	0.0	2e-104	849	98	283	283	2e-104
MAG_AΩX17_78	UniRef100_X17_78~K01533	96.4	319	319	100.0	319	0.0	2e-104	957	98	319	319	2e-104
MAG_AΩX17_79	UniRef100_X17_79~K00135	96.4	386	386	100.0	386	0.0	2e-104	1158	98	386	386	2e-104
MAG_AΩX17_81	UniRef100_X17_81~K00937	96.4	241	241	100.0	241	0.0	2e-104	723	98	241	241	2e-104
MAG_AΩX17_84	UniRef100_X17_84~K00648	96.4	337	337	100.0	337	0.0	2e-104	1011	98	337	337	2e-104
MAG_AΩX17_87	UniRef100_X17_87~K03718	96.4	398	398	100.0	398	0.0	2e-104	1194	98	398	398	2e-104
MAG_AΩX17_88	UniRef100_X17_88~K16013	96.4	402	402	100.0	402	0.0	2e-104	1206	98	402	402	2e-104
MAG_AΩX17_89	UniRef100_X17_89~K03980	96.4	298	298	100.0	298	0.0	2e-104	894	98	298	298	2e-104
MAG_AΩX17_98	UniRef100_X17_98~K00057	96.4	272	272	100.0	272	0.0	2e-104	816	98	272	272	2e-104
MAG_AΩX17_99	UniRef100_X17_99~K10547	96.4	308	308	100.0	308	0.0	2e-104	924	98	308	308	2e-104
MAG_AΩX17_101	UniRef100_X17_101~K03111	96.4	289	289	100.0	289	0.0	2e-104	867	98	289	289	2e-104
MAG_AΩX17_103	UniRef100_X17_103~K13953	96.4	264	264	100.0	264	0.0	2e-104	792	98	264	264	2e-104
MAG_AΩX17_104	UniRef100_X17_104~K12132	96.4	385	385	100.0	385	0.0	2e-104	1155	98	385	385	2e-104
MAG_AΩX17_106	UniRef100_X17_106~K00453	96.4	264	264	100.0	264	0.0	2e-104	792	98	264	264	2e-104
MAG_AΩX17_108	UniRef100_X17_108~K02108	96.4	469	469	100.0	469	0.0	2e-104	1407	98	469	469	2e-104
MAG_AΩX17_112	UniRef100_X17_112~K05847	96.4	266	266	100.0	266	0.0	2e-104	798	98	266	266	2e-104
MAG_AΩX17_113	UniRef100_X17_113~K00626	96.4	254	254	100.0	254	0.0	2e-104	762	98	254	254	2e-104
MAG_AΩX17_114	UniRef100_X17_114~K01809	96.4	326	326	100.0	326	0.0	2e-104	978	98	326	326	2e-104
MAG_AΩX17_116	UniRef100_X17_116~K07776	96.4	313	313	100.0	313	0.0	2e-104	939	98	313	313	2e-104
MAG_AΩX17_117	UniRef100_X17_117~K07486	96.4	315	315	100.0	315	0.0	2e-104	945	98	315	315	2e-104
MAG_AΩX17_120	UniRef100_X17_120~K03705	96.4	261	261	100.0	261	0.0	2e-104	783	98	261	261	2e-104
MAG_AΩX17_125	UniRef100_X17_125~K03719	96.4	361	361	100.0	361	0.0	2e-104	1083	98	361	361	2e-104
MAG_AΩX17_126	UniRef100_X17_126~K01858	96.4	232	232	100.0	232	0.0	2e-104	696	98	232	232	2e-104
MAG_AΩX17_128	UniRef100_X17_128~K01591	96.4	277	277	100.0	277	0.0	2e-104	831	98	277	277	2e-104
MAG_AΩX17_129	UniRef100_X17_129~K01673	96.4	278	278	100.0	278	0.0	2e-104	834	98	278	278	2e-104
MAG_AΩX17_130	UniRef100_X17_130~K00897	96.4	245	245	100.0	245	0.0	2e-104	735	98	245	245	2e-104
MAG_AΩX17_131	UniRef100_X17_131~K03521	96.4	273	273	100.0	273	0.0	2e-104	819	98	273	273	2e-104
MAG_AΩX17_132	UniRef100_X17_132~K11717	96.4	261	261	100.0	261	0.0	2e-104	783	98	261	261	2e-104
MAG_AΩX17_134	UniRef100_X17_134~K08172	96.4	311	311	100.0	311	0.0	2e-104	933	98	311	311	2e-104
MAG_AΩX17_135	UniRef100_X17_135~K15372	96.4	351	351	100.0	351	0.0	2e-104	1053	98	351	351	2e-104
MAG_AΩX17_136	UniRef100_X17_136~K03762	96.4	287	287	100.0	287	0.0	2e-104	861	98	287	287	2e-104
MAG_AΩX17_137	UniRef100_X17_137~K01507	96.4	420	420	100.0	420	0.0	2e-104	1260	98	420	420	2e-104
MAG_AΩX17_138	UniRef100_X17_138~K06215	96.4	300	300	100.0	300	0.0	2e-104	900	98	300	300	2e-104
MAG_AΩX17_140	UniRef100_X17_140~K03719	96.4	302	302	100.0	302	0.0	2e-104	906	98	302	302	2e-104
MAG_AΩX17_141	UniRef100_X17_141~K03564	96.4	395	395	100.0	395	0.0	2e-104	1185	98	395	395	2e-104
MAG_AΩX17_142	UniRef100_X17_142~K01644	96.4	314	314	100.0	314	0.0	2e-104	942	98	314	314	2e-104
MAG_AΩX17_143	UniRef100_X17_143~K00020	96.4	307	307	100.0	307	0.0	2e-104	921	98	307	307	2e-104
MAG_AΩX17_145	UniRef100_X17_145~K20861	96.4	322	322	100.0	322	0.0	2e-104	966	98	322	322	2e-104
MAG_AΩX17_148	UniRef100_X17_148~K08281	96.4	259	259	100.0	259	0.0	2e-104	777	98	259	259	2e-104
MAG_AΩX17_150	UniRef100_X17_150~K07795	96.4	340	340	100.0	340	0.0	2e-104	1020	98	340	340	2e-104
MAG_AΩX17_153	UniRef100_X17_153~K03216	96.4	280	280	100.0	280	0.0	2e-104	840	98	280	280	2e-104
MAG_AΩX17_156	UniRef100_X17_156~K07768	96.4	203	203	100.0	203	0.0	2e-104	609	98	203	203	2e-104
MAG_AΩX17_157	UniRef100_X17_157~K07497	96.4	296	296	100.0	296	0.0	2e-104	888	98	296	296	2e-104
MAG_AΩX17_158	UniRef100_X17_158~K19802	96.4	327	327	100.0	327	0.0	2e-104	981	98	327	327	2e-104
MAG_AΩX18_2	UniRef100_X18_2~K11618	96.4	427	427	100.0	427	0.0	2e-104	1281	98	427	427	2e-104
MAG_AΩX18_4	UniRef100_X18_4~K11410	96.4	285	285	100.0	285	0.0	2e-104	855	98	285	285	2e-104
MAG_AΩX18_6	UniRef100_X18_6~K13573	96.4	297	297	100.0	297	0.0	2e-104	891	98	297	297	2e-104
MAG_AΩX18_7	UniRef100_X18_7~K03212	96.4	249	249	100.0	249	0.0	2e-104	747	98	249	249	2e-104
MAG_AΩX18_8	UniRef100_X18_8~K00528	96.4	312	312	100.0	312	0.0	2e-104	936	98	312	312	2e-104
MAG_AΩX18_13	UniRef100_X18_13~K11070	96.4	324	324	100.0	324	0.0	2e-104	972	98	324	324	2e-104
MAG_AΩX18_14	UniRef100_X18_14~K07090	96.4	301	301	100.0	301	0.0	2e-104	903	98	301	301	2e-104
MAG_AΩX18_16	UniRef100_X18_16~K02343	96.4	350	350	100.0	350	0.0	2e-104	1050	98	350	350	2e-104
MAG_AΩX18_17	UniRef100_X18_17~K07088	96.4	285	285	100.0	285	0.0	2e-104	855	98	285	285	2e-104
MAG_AΩX18_18	UniRef100_X18_18~K07402	96.4	347	347	100.0	347	0.0	2e-104	1041	98	347	347	2e-104
MAG_AΩX18_20	UniRef100_X18_20~K01154	96.4	219	219	100.0	219	0.0	2e-104	657	98	219	219	2e-104
MAG_AΩX18_23	UniRef100_X18_23~K04762	96.4	321	321	100.0	321	0.0	2e-104	963	98	321	321	2e-104
MAG_AΩX18_25	UniRef100_X18_25~K01092	96.4	324	324	100.0	324	0.0	2e-104	972	98	324	324	2e-104
MAG_AΩX18_27	UniRef100_X18_27~K01928	96.4	387	387	100.0	387	0.0	2e-104	1161	98	387	387	2e-104
MAG_AΩX18_28	UniRef100_X18_28~K00943	96.4	303	303	100.0	303	0.0	2e-104	909	98	303	303	2e-104
MAG_AΩX18_29	UniRef100_X18_29~K02476	96.4	337	337	100.0	337	0.0	2e-104	1011	98	337	337	2e-104
MAG_AΩX18_33	UniRef100_X18_33~K01693	96.4	338	338	100.0	338	0.0	2e-104	1014	98	338	338	2e-104
MAG_AΩX18_35	UniRef100_X18_35~K00763	96.4	325	325	100.0	325	0.0	2e-104	975	98	325	325	2e-104
MAG_AΩX18_36	UniRef100_X18_36~K14260	96.4	295	295	100.0	295	0.0	2e-104	885	98	295	295	2e-104
MAG_AΩX18_39	UniRef100_X18_39~K03711	96.4	310	310	100.0	310	0.0	2e-104	930	98	310	310	2e-104
MAG_AΩX18_41	UniRef100_X18_41~K03976	96.4	292	292	100.0	292	0.0	2e-104	876	98	292	292	2e-104
MAG_AΩX18_42	UniRef100_X18_42~K11263	96.4	342	342	100.0	342	0.0	2e-104	1026	98	342	342	2e-104
MAG_AΩX18_44	UniRef100_X18_44~K03709	96.4	264	264	100.0	264	0.0	2e-104	792	98	264	264	2e-104
MAG_AΩX18_46	UniRef100_X18_46~K00389	96.4	268	268	100.0	268	0.0	2e-104	804	98	268	268	2e-104
MAG_AΩX18_48	UniRef100_X18_48~K02518	96.4	255	255	100.0	255	0.0	2e-104	765	98	255	255	2e-104
MAG_AΩX18_52	UniRef100_X18_52~K13950	96.4	312	312	100.0	312	0.0	2e-104	936	98	312	312	2e-104
MAG_AΩX18_53	UniRef100_X18_53~K00284	96.4	271	271	100.0	271	0.0	2e-104	813	98	271	271	2e-104
MAG_AΩX18_55	UniRef100_X18_55~K01897	96.4	239	239	100.0	239	0.0	2e-104	717	98	239	239	2e-104
MAG_AΩX18_56	UniRef100_X18_56~K03294	96.4	289	289	100.0	289	0.0	2e-104	867	98	289	289	2e-104
MAG_AΩX18_57	UniRef100_X18_57~K19784	96.4	295	295	100.0	295	0.0	2e-104	885	98	295	295	2e-104
MAG_AΩX18_58	UniRef100_X18_58~K00060	96.4	301	301	100.0	301	0.0	2e-104	903	98	301	301	2e-104
MAG_AΩX18_59	UniRef100_X18_59~K19577	96.4	404	404	100.0	404	0.0	2e-104	1212	98	404	404	2e-104
MAG_AΩX18_62	UniRef100_X18_62~K00854	96.4	247	247	100.0	247	0.0	2e-104	741	98	247	247	2e-104
MAG_AΩX18_63	UniRef100_X18_63~K02549	96.4	364	364	100.0	364	0.0	2e-104	1092	98	364	364	2e-104
MAG_AΩX18_66	UniRef100_X18_66~K01915	96.4	308	308	100.0	308	0.0	2e-104	924	98	308	308	2e-104
MAG_AΩX18_68	UniRef100_X18_68~K12132	96.4	353	353	100.0	353	0.0	2e-104	1059	98	353	353	2e-104
MAG_AΩX18_71	UniRef100_X18_71~K13641	96.4	336	336	100.0	336	0.0	2e-104	1008	98	336	336	2e-104
MAG_AΩX18_72	UniRef100_X18_72~K14652	96.4	355	355	100.0	355	0.0	2e-104	1065	98	355	355	2e-104
MAG_AΩX18_75	UniRef100_X18_75~K08167	96.4	326	326	100.0	326	0.0	2e-104	978	98	326	326	2e-104
MAG_AΩX18_76	UniRef100_X18_76~K01207	96.4	343	343	100.0	343	0.0	2e-104	1029	98	343	343	2e-104
MAG_AΩX18_77	UniRef100_X18_77~K02238	96.4	345	345	100.0	345	0.0	2e-104	1035	98	345	345	2e-104
MAG_AΩX18_80	UniRef100_X18_80~K05568	96.4	131	131	100.0	131	0.0	2e-104	393	98	131	131	2e-104
MAG_AΩX18_84	UniRef100_X18_84~K03006	96.4	302	302	100.0	302	0.0	2e-104	906	98	302	302	2e-104
MAG_AΩX18_93	UniRef100_X18_93~K01466	96.4	301	301	100.0	301	0.0	2e-104	903	98	301	301	2e-104
MAG_AΩX18_95	UniRef100_X18_95~K00526	96.4	297	297	100.0	297	0.0	2e-104	891	98	297	297	2e-104
MAG_AΩX18_102	UniRef100_X18_102~K00426	96.4	352	352	100.0	352	0.0	2e-104	1056	98	352	352	2e-104
MAG_AΩX18_103	UniRef100_X18_103~K06177	96.4	207	207	100.0	207	0.0	2e-104	621	98	207	207	2e-104
MAG_AΩX18_104	UniRef100_X18_104~K09118	96.4	324	324	100.0	324	0.0	2e-104	972	98	324	324	2e-104
MAG_AΩX18_107	UniRef100_X18_107~K01895	96.4	332	332	100.0	332	0.0	2e-104	996	98	332	332	2e-104
MAG_AΩX18_108	UniRef100_X18_108~K07154	96.4	370	370	100.0	370	0.0	2e-104	1110	98	370	370	2e-104
MAG_AΩX18_109	UniRef100_X18_109~K05916	96.4	357	357	100.0	357	0.0	2e-104	1071	98	357	357	2e-104
MAG_AΩX18_112	UniRef100_X18_112~K02563	96.4	258	258	100.0	258	0.0	2e-104	774	98	258	258	2e-104
MAG_AΩX18_113	UniRef100_X18_113~K07497	96.4	323	323	100.0	323	0.0	2e-104	969	98	323	323	2e-104
MAG_AΩX18_116	UniRef100_X18_116~K01719	96.4	219	219	100.0	219	0.0	2e-104	657	98	219	219	2e-104
MAG_AΩX18_120	UniRef100_X18_120~K00004	96.4	318	318	100.0	318	0.0	2e-104	954	98	318	318	2e-104
MAG_AΩX18_122	UniRef100_X18_122~K06196	96.4	276	276	100.0	276	0.0	2e-104	828	98	276	276	2e-104
MAG_AΩX18_123	UniRef100_X18_123~K03438	96.4	334	334	100.0	334	0.0	2e-104	1002	98	334	334	2e-104
MAG_AΩX18_124	UniRef100_X18_124~K20074	96.4	321	321	100.0	321	0.0	2e-104	963	98	321	321	2e-104
MAG_AΩX18_125	UniRef100_X18_125~K06147	96.4	328	328	100.0	328	0.0	2e-104	984	98	328	328	2e-104
MAG_AΩX18_126	UniRef100_X18_126~K00116	96.4	216	216	100.0	216	0.0	2e-104	648	98	216	216	2e-104
MAG_AΩX18_129	UniRef100_X18_129~K00042	96.4	275	275	100.0	275	0.0	2e-104	825	98	275	275	2e-104
MAG_AΩX18_130	UniRef100_X18_130~K05921	96.4	281	281	100.0	281	0.0	2e-104	843	98	281	281	2e-104
MAG_AΩX18_137	UniRef100_X18_137~K02020	96.4	347	347	100.0	347	0.0	2e-104	1041	98	347	347	2e-104
MAG_AΩX18_141	UniRef100_X18_141~K07088	96.4	313	313	100.0	313	0.0	2e-104	939	98	313	313	2e-104
MAG_AΩX18_145	UniRef100_X18_145~K00833	96.4	318	318	100.0	318	0.0	2e-104	954	98	318	318	2e-104
MAG_AΩX18_149	UniRef100_X18_149~K01647	96.4	349	349	100.0	349	0.0	2e-104	1047	98	349	349	2e-104
MAG_AΩX18_151	UniRef100_X18_151~K06996	96.4	410	410	100.0	410	0.0	2e-104	1230	98	410	410	2e-104
MAG_AΩX18_158	UniRef100_X18_158~K11738	96.4	262	262	100.0	262	0.0	2e-104	786	98	262	262	2e-104
MAG_AΩX18_162	UniRef100_X18_162~K09772	96.4	291	291	100.0	291	0.0	2e-104	873	98	291	291	2e-104
MAG_AΩX19_2	UniRef100_X19_2~K00865	96.4	294	294	100.0	294	0.0	2e-104	882	98	294	294	2e-104
MAG_AΩX19_4	UniRef100_X19_4~K00384	96.4	282	282	100.0	282	0.0	2e-104	846	98	282	282	2e-104
MAG_AΩX19_9	UniRef100_X19_9~K10563	96.4	350	350	100.0	350	0.0	2e-104	1050	98	350	350	2e-104
MAG_AΩX19_13	UniRef100_X19_13~K00883	96.4	283	283	100.0	283	0.0	2e-104	849	98	283	283	2e-104
MAG_AΩX19_15	UniRef100_X19_15~K00878	96.4	319	319	100.0	319	0.0	2e-104	957	98	319	319	2e-104
MAG_AΩX19_18	UniRef100_X19_18~K03578	96.4	315	315	100.0	315	0.0	2e-104	945	98	315	315	2e-104
MAG_AΩX19_19	UniRef100_X19_19~K10680	96.4	326	326	100.0	326	0.0	2e-104	978	98	326	326	2e-104
MAG_AΩX19_22	UniRef100_X19_22~K01918	96.4	312	312	100.0	312	0.0	2e-104	936	98	312	312	2e-104
MAG_AΩX19_25	UniRef100_X19_25~K02016	96.4	229	229	100.0	229	0.0	2e-104	687	98	229	229	2e-104
MAG_AΩX19_26	UniRef100_X19_26~K17732	96.4	284	284	100.0	284	0.0	2e-104	852	98	284	284	2e-104
MAG_AΩX19_27	UniRef100_X19_27~K10947	96.4	287	287	100.0	287	0.0	2e-104	861	98	287	287	2e-104
MAG_AΩX19_30	UniRef100_X19_30~K13669	96.4	333	333	100.0	333	0.0	2e-104	999	98	333	333	2e-104
MAG_AΩX19_31	UniRef100_X19_31~K01443	96.4	298	298	100.0	298	0.0	2e-104	894	98	298	298	2e-104
MAG_AΩX19_32	UniRef100_X19_32~K01698	96.4	346	346	100.0	346	0.0	2e-104	1038	98	346	346	2e-104
MAG_AΩX19_33	UniRef100_X19_33~K00996	96.4	371	371	100.0	371	0.0	2e-104	1113	98	371	371	2e-104
MAG_AΩX19_38	UniRef100_X19_38~K09710	96.4	311	311	100.0	311	0.0	2e-104	933	98	311	311	2e-104
MAG_AΩX19_44	UniRef100_X19_44~K13641	96.4	247	247	100.0	247	0.0	2e-104	741	98	247	247	2e-104
MAG_AΩX19_45	UniRef100_X19_45~K02616	96.4	376	376	100.0	376	0.0	2e-104	1128	98	376	376	2e-104
MAG_AΩX19_47	UniRef100_X19_47~K02838	96.4	325	325	100.0	325	0.0	2e-104	975	98	325	325	2e-104
MAG_AΩX19_49	UniRef100_X19_49~K00854	96.4	224	224	100.0	224	0.0	2e-104	672	98	224	224	2e-104
MAG_AΩX19_51	UniRef100_X19_51~K01599	96.4	257	257	100.0	257	0.0	2e-104	771	98	257	257	2e-104
MAG_AΩX19_53	UniRef100_X19_53~K01703	96.4	245	245	100.0	245	0.0	2e-104	735	98	245	245	2e-104
MAG_AΩX19_57	UniRef100_X19_57~K02034	96.4	249	249	100.0	249	0.0	2e-104	747	98	249	249	2e-104
MAG_AΩX19_60	UniRef100_X19_60~K15640	96.4	214	214	100.0	214	0.0	2e-104	642	98	214	214	2e-104
MAG_AΩX19_64	UniRef100_X19_64~K03502	96.4	308	308	100.0	308	0.0	2e-104	924	98	308	308	2e-104
MAG_AΩX19_65	UniRef100_X19_65~K03310	96.4	338	338	100.0	338	0.0	2e-104	1014	98	338	338	2e-104
MAG_AΩX19_69	UniRef100_X19_69~K07282	96.4	306	306	100.0	306	0.0	2e-104	918	98	306	306	2e-104
MAG_AΩX19_71	UniRef100_X19_71~K00231	96.4	322	322	100.0	322	0.0	2e-104	966	98	322	322	2e-104
MAG_AΩX19_75	UniRef100_X19_75~K02013	96.4	281	281	100.0	281	0.0	2e-104	843	98	281	281	2e-104
MAG_AΩX19_77	UniRef100_X19_77~K03648	96.4	256	256	100.0	256	0.0	2e-104	768	98	256	256	2e-104
MAG_AΩX19_78	UniRef100_X19_78~K03117	96.4	265	265	100.0	265	0.0	2e-104	795	98	265	265	2e-104
MAG_AΩX19_81	UniRef100_X19_81~K00821	96.4	362	362	100.0	362	0.0	2e-104	1086	98	362	362	2e-104
MAG_AΩX19_83	UniRef100_X19_83~K03073	96.4	303	303	100.0	303	0.0	2e-104	909	98	303	303	2e-104
MAG_AΩX19_85	UniRef100_X19_85~K02291	96.4	321	321	100.0	321	0.0	2e-104	963	98	321	321	2e-104
MAG_AΩX19_86	UniRef100_X19_86~K06988	96.4	320	320	100.0	320	0.0	2e-104	960	98	320	320	2e-104
MAG_AΩX19_87	UniRef100_X19_87~K00605	96.4	326	326	100.0	326	0.0	2e-104	978	98	326	326	2e-104
MAG_AΩX19_88	UniRef100_X19_88~K03499	96.4	267	267	100.0	267	0.0	2e-104	801	98	267	267	2e-104
MAG_AΩX19_91	UniRef100_X19_91~K00265	96.4	401	401	100.0	401	0.0	2e-104	1203	98	401	401	2e-104
MAG_AΩX19_93	UniRef100_X19_93~K01142	96.4	254	254	100.0	254	0.0	2e-104	762	98	254	254	2e-104
MAG_AΩX19_94	UniRef100_X19_94~K12503	96.4	442	442	100.0	442	0.0	2e-104	1326	98	442	442	2e-104
MAG_AΩX19_95	UniRef100_X19_95~K01055	96.4	335	335	100.0	335	0.0	2e-104	1005	98	335	335	2e-104
MAG_AΩX19_97	UniRef100_X19_97~K05782	96.4	303	303	100.0	303	0.0	2e-104	909	98	303	303	2e-104
MAG_AΩX20_1	UniRef100_X20_1~K00128	96.4	422	422	100.0	422	0.0	2e-104	1266	98	422	422	2e-104
MAG_AΩX20_4	UniRef100_X20_4~K01697	96.4	301	301	100.0	301	0.0	2e-104	903	98	301	301	2e-104
MAG_AΩX20_10	UniRef100_X20_10~K00304	96.4	303	303	100.0	303	0.0	2e-104	909	98	303	303	2e-104
MAG_AΩX20_12	UniRef100_X20_12~K10241	96.4	306	306	100.0	306	0.0	2e-104	918	98	306	306	2e-104
MAG_AΩX20_13	UniRef100_X20_13~K03889	96.4	327	327	100.0	327	0.0	2e-104	981	98	327	327	2e-104
MAG_AΩX20_14	UniRef100_X20_14~K02479	96.4	316	316	100.0	316	0.0	2e-104	948	98	316	316	2e-104
MAG_AΩX20_21	UniRef100_X20_21~K00812	96.4	340	340	100.0	340	0.0	2e-104	1020	98	340	340	2e-104
MAG_AΩX20_22	UniRef100_X20_22~K02168	96.4	364	364	100.0	364	0.0	2e-104	1092	98	364	364	2e-104
MAG_AΩX20_25	UniRef100_X20_25~K02051	96.4	367	367	100.0	367	0.0	2e-104	1101	98	367	367	2e-104
MAG_AΩX20_27	UniRef100_X20_27~K00965	96.4	270	270	100.0	270	0.0	2e-104	810	98	270	270	2e-104
MAG_AΩX20_28	UniRef100_X20_28~K07025	96.4	339	339	100.0	339	0.0	2e-104	1017	98	339	339	2e-104
MAG_AΩX20_30	UniRef100_X20_30~K00098	96.4	339	339	100.0	339	0.0	2e-104	1017	98	339	339	2e-104
MAG_AΩX20_32	UniRef100_X20_32~K01956	96.4	269	269	100.0	269	0.0	2e-104	807	98	269	269	2e-104
MAG_AΩX20_33	UniRef100_X20_33~K02016	96.4	204	204	100.0	204	0.0	2e-104	612	98	204	204	2e-104
MAG_AΩX20_34	UniRef100_X20_34~K03702	96.4	388	388	100.0	388	0.0	2e-104	1164	98	388	388	2e-104
MAG_AΩX20_35	UniRef100_X20_35~K02520	96.4	287	287	100.0	287	0.0	2e-104	861	98	287	287	2e-104
MAG_AΩX20_39	UniRef100_X20_39~K03417	96.4	322	322	100.0	322	0.0	2e-104	966	98	322	322	2e-104
MAG_AΩX20_42	UniRef100_X20_42~K00951	96.4	284	284	100.0	284	0.0	2e-104	852	98	284	284	2e-104
MAG_AΩX20_43	UniRef100_X20_43~K02503	96.4	280	280	100.0	280	0.0	2e-104	840	98	280	280	2e-104
MAG_AΩX20_45	UniRef100_X20_45~K00302	96.4	323	323	100.0	323	0.0	2e-104	969	98	323	323	2e-104
MAG_AΩX20_48	UniRef100_X20_48~K02992	96.4	311	311	100.0	311	0.0	2e-104	933	98	311	311	2e-104
MAG_AΩX20_50	UniRef100_X20_50~K03503	96.4	274	274	100.0	274	0.0	2e-104	822	98	274	274	2e-104
MAG_AΩX20_51	UniRef100_X20_51~K08981	96.4	266	266	100.0	266	0.0	2e-104	798	98	266	266	2e-104
MAG_AΩX20_52	UniRef100_X20_52~K03975	96.4	288	288	100.0	288	0.0	2e-104	864	98	288	288	2e-104
MAG_AΩX21_1	UniRef100_X21_1~K17828	96.4	313	313	100.0	313	0.0	2e-104	939	98	313	313	2e-104
MAG_AΩX21_3	UniRef100_X21_3~K02221	96.4	270	270	100.0	270	0.0	2e-104	810	98	270	270	2e-104
MAG_AΩX21_4	UniRef100_X21_4~K00876	96.4	269	269	100.0	269	0.0	2e-104	807	98	269	269	2e-104
MAG_AΩX21_6	UniRef100_X21_6~K01012	96.4	204	204	100.0	204	0.0	2e-104	612	98	204	204	2e-104
MAG_AΩX21_8	UniRef100_X21_8~K00852	96.4	271	271	100.0	271	0.0	2e-104	813	98	271	271	2e-104
MAG_AΩX21_9	UniRef100_X21_9~K03499	96.4	370	370	100.0	370	0.0	2e-104	1110	98	370	370	2e-104
MAG_AΩX21_11	UniRef100_X21_11~K00784	96.4	333	333	100.0	333	0.0	2e-104	999	98	333	333	2e-104
MAG_AΩX21_16	UniRef100_X21_16~K04066	96.4	282	282	100.0	282	0.0	2e-104	846	98	282	282	2e-104
MAG_AΩX21_18	UniRef100_X21_18~K03439	96.4	372	372	100.0	372	0.0	2e-104	1116	98	372	372	2e-104
MAG_AΩX21_27	UniRef100_X21_27~K03427	96.4	209	209	100.0	209	0.0	2e-104	627	98	209	209	2e-104
MAG_AΩX21_28	UniRef100_X21_28~K07485	96.4	263	263	100.0	263	0.0	2e-104	789	98	263	263	2e-104
MAG_AΩX21_29	UniRef100_X21_29~K14060	96.4	299	299	100.0	299	0.0	2e-104	897	98	299	299	2e-104
MAG_AΩX21_31	UniRef100_X21_31~K02476	96.4	353	353	100.0	353	0.0	2e-104	1059	98	353	353	2e-104
MAG_AΩX21_35	UniRef100_X21_35~K14337	96.4	206	206	100.0	206	0.0	2e-104	618	98	206	206	2e-104
MAG_AΩX21_38	UniRef100_X21_38~K06995	96.4	185	185	100.0	185	0.0	2e-104	555	98	185	185	2e-104
MAG_AΩX21_39	UniRef100_X21_39~K07005	96.4	294	294	100.0	294	0.0	2e-104	882	98	294	294	2e-104
MAG_AΩX21_40	UniRef100_X21_40~K02493	96.4	425	425	100.0	425	0.0	2e-104	1275	98	425	425	2e-104
MAG_AΩX21_41	UniRef100_X21_41~K01269	96.4	309	309	100.0	309	0.0	2e-104	927	98	309	309	2e-104
MAG_AΩX21_42	UniRef100_X21_42~K16167	96.4	374	374	100.0	374	0.0	2e-104	1122	98	374	374	2e-104
MAG_AΩX21_47	UniRef100_X21_47~K00789	96.4	272	272	100.0	272	0.0	2e-104	816	98	272	272	2e-104
MAG_AΩX21_48	UniRef100_X21_48~K02867	96.4	312	312	100.0	312	0.0	2e-104	936	98	312	312	2e-104
MAG_AΩX21_49	UniRef100_X21_49~K02483	96.4	273	273	100.0	273	0.0	2e-104	819	98	273	273	2e-104
MAG_AΩX21_52	UniRef100_X21_52~K01972	96.4	288	288	100.0	288	0.0	2e-104	864	98	288	288	2e-104
MAG_AΩX21_53	UniRef100_X21_53~K02001	96.4	217	217	100.0	217	0.0	2e-104	651	98	217	217	2e-104
MAG_AΩX21_54	UniRef100_X21_54~K01077	96.4	319	319	100.0	319	0.0	2e-104	957	98	319	319	2e-104
MAG_AΩX21_57	UniRef100_X21_57~K02884	96.4	308	308	100.0	308	0.0	2e-104	924	98	308	308	2e-104
MAG_AΩX21_63	UniRef100_X21_63~K01775	96.4	398	398	100.0	398	0.0	2e-104	1194	98	398	398	2e-104
MAG_AΩX21_65	UniRef100_X21_65~K03781	96.4	350	350	100.0	350	0.0	2e-104	1050	98	350	350	2e-104
MAG_AΩX21_72	UniRef100_X21_72~K07250	96.4	303	303	100.0	303	0.0	2e-104	909	98	303	303	2e-104
MAG_AΩX21_73	UniRef100_X21_73~K09684	96.4	352	352	100.0	352	0.0	2e-104	1056	98	352	352	2e-104
MAG_AΩX21_77	UniRef100_X21_77~K07119	96.4	326	326	100.0	326	0.0	2e-104	978	98	326	326	2e-104
MAG_AΩX21_78	UniRef100_X21_78~K00657	96.4	224	224	100.0	224	0.0	2e-104	672	98	224	224	2e-104
MAG_AΩX21_81	UniRef100_X21_81~K07497	96.4	346	346	100.0	346	0.0	2e-104	1038	98	346	346	2e-104
MAG_AΩX21_82	UniRef100_X21_82~K03282	96.4	320	320	100.0	320	0.0	2e-104	960	98	320	320	2e-104
MAG_AΩX21_83	UniRef100_X21_83~K00958	96.4	325	325	100.0	325	0.0	2e-104	975	98	325	325	2e-104
MAG_AΩX21_84	UniRef100_X21_84~K03523	96.4	375	375	100.0	375	0.0	2e-104	1125	98	375	375	2e-104
MAG_AΩX21_85	UniRef100_X21_85~K02479	96.4	322	322	100.0	322	0.0	2e-104	966	98	322	322	2e-104
MAG_AΩX21_87	UniRef100_X21_87~K13745	96.4	269	269	100.0	269	0.0	2e-104	807	98	269	269	2e-104
MAG_AΩX21_91	UniRef100_X21_91~K00712	96.4	217	217	100.0	217	0.0	2e-104	651	98	217	217	2e-104
MAG_AΩX21_92	UniRef100_X21_92~K03892	96.4	259	259	100.0	259	0.0	2e-104	777	98	259	259	2e-104
MAG_AΩX21_93	UniRef100_X21_93~K08172	96.4	395	395	100.0	395	0.0	2e-104	1185	98	395	395	2e-104
MAG_AΩX21_94	UniRef100_X21_94~K13641	96.4	207	207	100.0	207	0.0	2e-104	621	98	207	207	2e-104
MAG_AΩX21_96	UniRef100_X21_96~K01816	96.4	267	267	100.0	267	0.0	2e-104	801	98	267	267	2e-104
MAG_AΩX21_99	UniRef100_X21_99~K12954	96.4	274	274	100.0	274	0.0	2e-104	822	98	274	274	2e-104
MAG_AΩX21_101	UniRef100_X21_101~K05808	96.4	311	311	100.0	311	0.0	2e-104	933	98	311	311	2e-104
MAG_AΩX21_102	UniRef100_X21_102~K00941	96.4	350	350	100.0	350	0.0	2e-104	1050	98	350	350	2e-104
MAG_AΩX21_104	UniRef100_X21_104~K03790	96.4	230	230	100.0	230	0.0	2e-104	690	98	230	230	2e-104
MAG_AΩX21_108	UniRef100_X21_108~K02033	96.4	382	382	100.0	382	0.0	2e-104	1146	98	382	382	2e-104
MAG_AΩX21_116	UniRef100_X21_116~K00013	96.4	263	263	100.0	263	0.0	2e-104	789	98	263	263	2e-104
MAG_AΩX21_117	UniRef100_X21_117~K14742	96.4	312	312	100.0	312	0.0	2e-104	936	98	312	312	2e-104
MAG_AΩX21_120	UniRef100_X21_120~K01246	96.4	336	336	100.0	336	0.0	2e-104	1008	98	336	336	2e-104
MAG_AΩX21_122	UniRef100_X21_122~K16234	96.4	277	277	100.0	277	0.0	2e-104	831	98	277	277	2e-104
MAG_AΩX21_123	UniRef100_X21_123~K00703	96.4	275	275	100.0	275	0.0	2e-104	825	98	275	275	2e-104
MAG_AΩX21_127	UniRef100_X21_127~K03781	96.4	365	365	100.0	365	0.0	2e-104	1095	98	365	365	2e-104
MAG_AΩX21_133	UniRef100_X21_133~K03497	96.4	363	363	100.0	363	0.0	2e-104	1089	98	363	363	2e-104
MAG_AΩX21_135	UniRef100_X21_135~K01952	96.4	322	322	100.0	322	0.0	2e-104	966	98	322	322	2e-104
MAG_AΩX21_136	UniRef100_X21_136~K10546	96.4	287	287	100.0	287	0.0	2e-104	861	98	287	287	2e-104
MAG_AΩX21_143	UniRef100_X21_143~K02077	96.4	284	284	100.0	284	0.0	2e-104	852	98	284	284	2e-104
MAG_AΩX21_145	UniRef100_X21_145~K05375	96.4	332	332	100.0	332	0.0	2e-104	996	98	332	332	2e-104
MAG_AΩX21_151	UniRef100_X21_151~K01664	96.4	300	300	100.0	300	0.0	2e-104	900	98	300	300	2e-104
MAG_AΩX21_157	UniRef100_X21_157~K02475	96.4	306	306	100.0	306	0.0	2e-104	918	98	306	306	2e-104
MAG_AΩX21_158	UniRef100_X21_158~K12574	96.4	258	258	100.0	258	0.0	2e-104	774	98	258	258	2e-104
MAG_AΩX21_159	UniRef100_X21_159~K09014	96.4	319	319	100.0	319	0.0	2e-104	957	98	319	319	2e-104
MAG_AΩX21_160	UniRef100_X21_160~K01902	96.4	359	359	100.0	359	0.0	2e-104	1077	98	359	359	2e-104
MAG_AΩX21_162	UniRef100_X21_162~K00970	96.4	369	369	100.0	369	0.0	2e-104	1107	98	369	369	2e-104
MAG_AΩX21_163	UniRef100_X21_163~K01129	96.4	323	323	100.0	323	0.0	2e-104	969	98	323	323	2e-104
MAG_AΩX21_165	UniRef100_X21_165~K01462	96.4	273	273	100.0	273	0.0	2e-104	819	98	273	273	2e-104
MAG_AΩX21_167	UniRef100_X21_167~K02907	96.4	332	332	100.0	332	0.0	2e-104	996	98	332	332	2e-104
MAG_AΩX21_169	UniRef100_X21_169~K17755	96.4	281	281	100.0	281	0.0	2e-104	843	98	281	281	2e-104
MAG_AΩX21_170	UniRef100_X21_170~K07011	96.4	402	402	100.0	402	0.0	2e-104	1206	98	402	402	2e-104
MAG_AΩX21_171	UniRef100_X21_171~K03293	96.4	251	251	100.0	251	0.0	2e-104	753	98	251	251	2e-104
MAG_AΩX21_177	UniRef100_X21_177~K03530	96.4	325	325	100.0	325	0.0	2e-104	975	98	325	325	2e-104
MAG_AΩX21_178	UniRef100_X21_178~K01866	96.4	247	247	100.0	247	0.0	2e-104	741	98	247	247	2e-104
MAG_AΩX21_179	UniRef100_X21_179~K06048	96.4	315	315	100.0	315	0.0	2e-104	945	98	315	315	2e-104
MAG_AΩX21_183	UniRef100_X21_183~K05799	96.4	275	275	100.0	275	0.0	2e-104	825	98	275	275	2e-104
MAG_AΩX21_186	UniRef100_X21_186~K01297	96.4	335	335	100.0	335	0.0	2e-104	1005	98	335	335	2e-104
MAG_AΩX21_191	UniRef100_X21_191~K02050	96.4	277	277	100.0	277	0.0	2e-104	831	98	277	277	2e-104
MAG_AΩX21_192	UniRef100_X21_192~K01159	96.4	296	296	100.0	296	0.0	2e-104	888	98	296	296	2e-104
MAG_AΩX21_193	UniRef100_X21_193~K01992	96.4	158	158	100.0	158	0.0	2e-104	474	98	158	158	2e-104
MAG_AΩX21_194	UniRef100_X21_194~K09760	96.4	203	203	100.0	203	0.0	2e-104	609	98	203	203	2e-104
MAG_AΩX21_195	UniRef100_X21_195~K06221	96.4	354	354	100.0	354	0.0	2e-104	1062	98	354	354	2e-104
MAG_AΩX21_199	UniRef100_X21_199~K00156	96.4	234	234	100.0	234	0.0	2e-104	702	98	234	234	2e-104
MAG_AΩX21_202	UniRef100_X21_202~K00989	96.4	334	334	100.0	334	0.0	2e-104	1002	98	334	334	2e-104
MAG_AΩX21_203	UniRef100_X21_203~K00981	96.4	280	280	100.0	280	0.0	2e-104	840	98	280	280	2e-104
MAG_AΩX21_209	UniRef100_X21_209~K00147	96.4	264	264	100.0	264	0.0	2e-104	792	98	264	264	2e-104
MAG_AΩX21_212	UniRef100_X21_212~K02275	96.4	299	299	100.0	299	0.0	2e-104	897	98	299	299	2e-104
MAG_AΩX21_213	UniRef100_X21_213~K03767	96.4	368	368	100.0	368	0.0	2e-104	1104	98	368	368	2e-104
MAG_AΩX21_218	UniRef100_X21_218~K02876	96.4	349	349	100.0	349	0.0	2e-104	1047	98	349	349	2e-104
MAG_AΩX21_222	UniRef100_X21_222~K06158	96.4	250	250	100.0	250	0.0	2e-104	750	98	250	250	2e-104
MAG_AΩX21_223	UniRef100_X21_223~K00817	96.4	260	260	100.0	260	0.0	2e-104	780	98	260	260	2e-104
MAG_AΩX21_225	UniRef100_X21_225~K02946	96.4	347	347	100.0	347	0.0	2e-104	1041	98	347	347	2e-104
MAG_AΩX21_228	UniRef100_X21_228~K00529	96.4	304	304	100.0	304	0.0	2e-104	912	98	304	304	2e-104
MAG_AΩX21_229	UniRef100_X21_229~K02982	96.4	291	291	100.0	291	0.0	2e-104	873	98	291	291	2e-104
MAG_AΩX21_233	UniRef100_X21_233~K18930	96.4	268	268	100.0	268	0.0	2e-104	804	98	268	268	2e-104
MAG_AΩX21_234	UniRef100_X21_234~K03625	96.4	344	344	100.0	344	0.0	2e-104	1032	98	344	344	2e-104
MAG_AΩX21_235	UniRef100_X21_235~K04517	96.4	329	329	100.0	329	0.0	2e-104	987	98	329	329	2e-104
MAG_AΩX21_236	UniRef100_X21_236~K03743	96.4	294	294	100.0	294	0.0	2e-104	882	98	294	294	2e-104
MAG_AΩX21_237	UniRef100_X21_237~K07090	96.4	266	266	100.0	266	0.0	2e-104	798	98	266	266	2e-104
MAG_AΩX21_238	UniRef100_X21_238~K16163	96.4	348	348	100.0	348	0.0	2e-104	1044	98	348	348	2e-104
MAG_AΩX22_1	UniRef100_X22_1~K07497	96.4	228	228	100.0	228	0.0	2e-104	684	98	228	228	2e-104
MAG_AΩX22_2	UniRef100_X22_2~K07535	96.4	316	316	100.0	316	0.0	2e-104	948	98	316	316	2e-104
MAG_AΩX22_3	UniRef100_X22_3~K16163	96.4	300	300	100.0	300	0.0	2e-104	900	98	300	300	2e-104
MAG_AΩX22_5	UniRef100_X22_5~K07693	96.4	380	380	100.0	380	0.0	2e-104	1140	98	380	380	2e-104
MAG_AΩX22_6	UniRef100_X22_6~K01154	96.4	269	269	100.0	269	0.0	2e-104	807	98	269	269	2e-104
MAG_AΩX22_8	UniRef100_X22_8~K02004	96.4	279	279	100.0	279	0.0	2e-104	837	98	279	279	2e-104
MAG_AΩX22_15	UniRef100_X22_15~K03500	96.4	328	328	100.0	328	0.0	2e-104	984	98	328	328	2e-104
MAG_AΩX22_16	UniRef100_X22_16~K07478	96.4	278	278	100.0	278	0.0	2e-104	834	98	278	278	2e-104
MAG_AΩX22_17	UniRef100_X22_17~K07052	96.4	321	321	100.0	321	0.0	2e-104	963	98	321	321	2e-104
MAG_AΩX22_18	UniRef100_X22_18~K01284	96.4	296	296	100.0	296	0.0	2e-104	888	98	296	296	2e-104
MAG_AΩX22_19	UniRef100_X22_19~K01715	96.4	182	182	100.0	182	0.0	2e-104	546	98	182	182	2e-104
MAG_AΩX22_20	UniRef100_X22_20~K06915	96.4	283	283	100.0	283	0.0	2e-104	849	98	283	283	2e-104
MAG_AΩX22_23	UniRef100_X22_23~K02071	96.4	286	286	100.0	286	0.0	2e-104	858	98	286	286	2e-104
MAG_AΩX22_24	UniRef100_X22_24~K00626	96.4	368	368	100.0	368	0.0	2e-104	1104	98	368	368	2e-104
MAG_AΩX22_26	UniRef100_X22_26~K03718	96.4	310	310	100.0	310	0.0	2e-104	930	98	310	310	2e-104
MAG_AΩX22_27	UniRef100_X22_27~K02886	96.4	292	292	100.0	292	0.0	2e-104	876	98	292	292	2e-104
MAG_AΩX22_29	UniRef100_X22_29~K05602	96.4	397	397	100.0	397	0.0	2e-104	1191	98	397	397	2e-104
MAG_AΩX22_30	UniRef100_X22_30~K02234	96.4	284	284	100.0	284	0.0	2e-104	852	98	284	284	2e-104
MAG_AΩX22_33	UniRef100_X22_33~K03417	96.4	321	321	100.0	321	0.0	2e-104	963	98	321	321	2e-104
MAG_AΩX22_35	UniRef100_X22_35~K01889	96.4	256	256	100.0	256	0.0	2e-104	768	98	256	256	2e-104
MAG_AΩX22_39	UniRef100_X22_39~K05799	96.4	224	224	100.0	224	0.0	2e-104	672	98	224	224	2e-104
MAG_AΩX22_41	UniRef100_X22_41~K03704	96.4	337	337	100.0	337	0.0	2e-104	1011	98	337	337	2e-104
MAG_AΩX22_43	UniRef100_X22_43~K09471	96.4	302	302	100.0	302	0.0	2e-104	906	98	302	302	2e-104
MAG_AΩX22_44	UniRef100_X22_44~K06975	96.4	290	290	100.0	290	0.0	2e-104	870	98	290	290	2e-104
MAG_AΩX22_45	UniRef100_X22_45~K11153	96.4	265	265	100.0	265	0.0	2e-104	795	98	265	265	2e-104
MAG_AΩX22_46	UniRef100_X22_46~K02049	96.4	288	288	100.0	288	0.0	2e-104	864	98	288	288	2e-104
MAG_AΩX22_47	UniRef100_X22_47~K01724	96.4	306	306	100.0	306	0.0	2e-104	918	98	306	306	2e-104
MAG_AΩX22_49	UniRef100_X22_49~K01810	96.4	345	345	100.0	345	0.0	2e-104	1035	98	345	345	2e-104
MAG_AΩX22_50	UniRef100_X22_50~K00611	96.4	268	268	100.0	268	0.0	2e-104	804	98	268	268	2e-104
MAG_AΩX22_51	UniRef100_X22_51~K09009	96.4	247	247	100.0	247	0.0	2e-104	741	98	247	247	2e-104
MAG_AΩX22_54	UniRef100_X22_54~K00425	96.4	293	293	100.0	293	0.0	2e-104	879	98	293	293	2e-104
MAG_AΩX22_56	UniRef100_X22_56~K03686	96.4	318	318	100.0	318	0.0	2e-104	954	98	318	318	2e-104
MAG_AΩX22_57	UniRef100_X22_57~K07816	96.4	347	347	100.0	347	0.0	2e-104	1041	98	347	347	2e-104
MAG_AΩX22_58	UniRef100_X22_58~K02015	96.4	266	266	100.0	266	0.0	2e-104	798	98	266	266	2e-104
MAG_AΩX22_59	UniRef100_X22_59~K07497	96.4	211	211	100.0	211	0.0	2e-104	633	98	211	211	2e-104
MAG_AΩX22_61	UniRef100_X22_61~K03550	96.4	303	303	100.0	303	0.0	2e-104	909	98	303	303	2e-104
MAG_AΩX22_64	UniRef100_X22_64~K06178	96.4	407	407	100.0	407	0.0	2e-104	1221	98	407	407	2e-104
MAG_AΩX22_66	UniRef100_X22_66~K19265	96.4	375	375	100.0	375	0.0	2e-104	1125	98	375	375	2e-104
MAG_AΩX22_68	UniRef100_X22_68~K07316	96.4	336	336	100.0	336	0.0	2e-104	1008	98	336	336	2e-104
MAG_AΩX22_70	UniRef100_X22_70~K02548	96.4	348	348	100.0	348	0.0	2e-104	1044	98	348	348	2e-104
MAG_AΩX22_72	UniRef100_X22_72~K12132	96.4	250	250	100.0	250	0.0	2e-104	750	98	250	250	2e-104
MAG_AΩX22_73	UniRef100_X22_73~K00360	96.4	333	333	100.0	333	0.0	2e-104	999	98	333	333	2e-104
MAG_AΩX22_76	UniRef100_X22_76~K01468	96.4	306	306	100.0	306	0.0	2e-104	918	98	306	306	2e-104
MAG_AΩX22_79	UniRef100_X22_79~K01011	96.4	309	309	100.0	309	0.0	2e-104	927	98	309	309	2e-104
MAG_AΩX22_80	UniRef100_X22_80~K07497	96.4	294	294	100.0	294	0.0	2e-104	882	98	294	294	2e-104
MAG_AΩX22_81	UniRef100_X22_81~K02914	96.4	282	282	100.0	282	0.0	2e-104	846	98	282	282	2e-104
MAG_AΩX22_82	UniRef100_X22_82~K14761	96.4	370	370	100.0	370	0.0	2e-104	1110	98	370	370	2e-104
MAG_AΩX22_83	UniRef100_X22_83~K01895	96.4	292	292	100.0	292	0.0	2e-104	876	98	292	292	2e-104
MAG_AΩX22_85	UniRef100_X22_85~K07497	96.4	327	327	100.0	327	0.0	2e-104	981	98	327	327	2e-104
MAG_AΩX22_86	UniRef100_X22_86~K01958	96.4	324	324	100.0	324	0.0	2e-104	972	98	324	324	2e-104
MAG_AΩX22_88	UniRef100_X22_88~K02013	96.4	274	274	100.0	274	0.0	2e-104	822	98	274	274	2e-104
MAG_AΩX22_89	UniRef100_X22_89~K07077	96.4	330	330	100.0	330	0.0	2e-104	990	98	330	330	2e-104
MAG_AΩX22_91	UniRef100_X22_91~K07025	96.4	287	287	100.0	287	0.0	2e-104	861	98	287	287	2e-104
MAG_AΩX22_95	UniRef100_X22_95~K07566	96.4	307	307	100.0	307	0.0	2e-104	921	98	307	307	2e-104
MAG_AΩX22_97	UniRef100_X22_97~K03502	96.4	325	325	100.0	325	0.0	2e-104	975	98	325	325	2e-104
MAG_AΩX22_99	UniRef100_X22_99~K01695	96.4	351	351	100.0	351	0.0	2e-104	1053	98	351	351	2e-104
MAG_AΩX22_101	UniRef100_X22_101~K02113	96.4	332	332	100.0	332	0.0	2e-104	996	98	332	332	2e-104
MAG_AΩX22_103	UniRef100_X22_103~K02931	96.4	220	220	100.0	220	0.0	2e-104	660	98	220	220	2e-104
MAG_AΩX22_104	UniRef100_X22_104~K02259	96.4	354	354	100.0	354	0.0	2e-104	1062	98	354	354	2e-104
MAG_AΩX22_108	UniRef100_X22_108~K01657	96.4	337	337	100.0	337	0.0	2e-104	1011	98	337	337	2e-104
MAG_AΩX22_111	UniRef100_X22_111~K03695	96.4	355	355	100.0	355	0.0	2e-104	1065	98	355	355	2e-104
MAG_AΩX22_112	UniRef100_X22_112~K03497	96.4	377	377	100.0	377	0.0	2e-104	1131	98	377	377	2e-104
MAG_AΩX22_114	UniRef100_X22_114~K03218	96.4	218	218	100.0	218	0.0	2e-104	654	98	218	218	2e-104
MAG_AΩX23_2	UniRef100_X23_2~K01273	96.4	255	255	100.0	255	0.0	2e-104	765	98	255	255	2e-104
MAG_AΩX23_4	UniRef100_X23_4~K02624	96.4	335	335	100.0	335	0.0	2e-104	1005	98	335	335	2e-104
MAG_AΩX23_5	UniRef100_X23_5~K03819	96.4	419	419	100.0	419	0.0	2e-104	1257	98	419	419	2e-104
MAG_AΩX23_7	UniRef100_X23_7~K11263	96.4	341	341	100.0	341	0.0	2e-104	1023	98	341	341	2e-104
MAG_AΩX23_8	UniRef100_X23_8~K01075	96.4	187	187	100.0	187	0.0	2e-104	561	98	187	187	2e-104
MAG_AΩX23_10	UniRef100_X23_10~K02529	96.4	181	181	100.0	181	0.0	2e-104	543	98	181	181	2e-104
MAG_AΩX23_12	UniRef100_X23_12~K03088	96.4	272	272	100.0	272	0.0	2e-104	816	98	272	272	2e-104
MAG_AΩX23_15	UniRef100_X23_15~K01684	96.4	295	295	100.0	295	0.0	2e-104	885	98	295	295	2e-104
MAG_AΩX23_16	UniRef100_X23_16~K06048	96.4	289	289	100.0	289	0.0	2e-104	867	98	289	289	2e-104
MAG_AΩX23_17	UniRef100_X23_17~K01696	96.4	274	274	100.0	274	0.0	2e-104	822	98	274	274	2e-104
MAG_AΩX23_18	UniRef100_X23_18~K01755	96.4	358	358	100.0	358	0.0	2e-104	1074	98	358	358	2e-104
MAG_AΩX23_20	UniRef100_X23_20~K02025	96.4	267	267	100.0	267	0.0	2e-104	801	98	267	267	2e-104
MAG_AΩX23_22	UniRef100_X23_22~K02553	96.4	306	306	100.0	306	0.0	2e-104	918	98	306	306	2e-104
MAG_AΩX23_25	UniRef100_X23_25~K16012	96.4	373	373	100.0	373	0.0	2e-104	1119	98	373	373	2e-104
MAG_AΩX23_26	UniRef100_X23_26~K15526	96.4	332	332	100.0	332	0.0	2e-104	996	98	332	332	2e-104
MAG_AΩX23_28	UniRef100_X23_28~K03299	96.4	319	319	100.0	319	0.0	2e-104	957	98	319	319	2e-104
MAG_AΩX23_29	UniRef100_X23_29~K00433	96.4	301	301	100.0	301	0.0	2e-104	903	98	301	301	2e-104
MAG_AΩX23_31	UniRef100_X23_31~K01868	96.4	326	326	100.0	326	0.0	2e-104	978	98	326	326	2e-104
MAG_AΩX23_34	UniRef100_X23_34~K02168	96.4	296	296	100.0	296	0.0	2e-104	888	98	296	296	2e-104
MAG_AΩX23_35	UniRef100_X23_35~K19811	96.4	300	300	100.0	300	0.0	2e-104	900	98	300	300	2e-104
MAG_AΩX23_38	UniRef100_X23_38~K09684	96.4	287	287	100.0	287	0.0	2e-104	861	98	287	287	2e-104
MAG_AΩX23_40	UniRef100_X23_40~K00392	96.4	326	326	100.0	326	0.0	2e-104	978	98	326	326	2e-104
MAG_AΩX23_41	UniRef100_X23_41~K03464	96.4	312	312	100.0	312	0.0	2e-104	936	98	312	312	2e-104
MAG_AΩX23_44	UniRef100_X23_44~K10006	96.4	336	336	100.0	336	0.0	2e-104	1008	98	336	336	2e-104
MAG_AΩX23_47	UniRef100_X23_47~K05499	96.4	288	288	100.0	288	0.0	2e-104	864	98	288	288	2e-104
MAG_AΩX23_49	UniRef100_X23_49~K02015	96.4	307	307	100.0	307	0.0	2e-104	921	98	307	307	2e-104
MAG_AΩX23_54	UniRef100_X23_54~K06147	96.4	319	319	100.0	319	0.0	2e-104	957	98	319	319	2e-104
MAG_AΩX23_55	UniRef100_X23_55~K00697	96.4	332	332	100.0	332	0.0	2e-104	996	98	332	332	2e-104
MAG_AΩX23_59	UniRef100_X23_59~K01768	96.4	182	182	100.0	182	0.0	2e-104	546	98	182	182	2e-104
MAG_AΩX23_60	UniRef100_X23_60~K00620	96.4	323	323	100.0	323	0.0	2e-104	969	98	323	323	2e-104
MAG_AΩX23_62	UniRef100_X23_62~K01190	96.4	298	298	100.0	298	0.0	2e-104	894	98	298	298	2e-104
MAG_AΩX23_63	UniRef100_X23_63~K02016	96.4	314	314	100.0	314	0.0	2e-104	942	98	314	314	2e-104
MAG_AΩX23_64	UniRef100_X23_64~K00594	96.4	346	346	100.0	346	0.0	2e-104	1038	98	346	346	2e-104
MAG_AΩX23_65	UniRef100_X23_65~K06891	96.4	372	372	100.0	372	0.0	2e-104	1116	98	372	372	2e-104
MAG_AΩX23_66	UniRef100_X23_66~K01823	96.4	281	281	100.0	281	0.0	2e-104	843	98	281	281	2e-104
MAG_AΩX23_67	UniRef100_X23_67~K00790	96.4	326	326	100.0	326	0.0	2e-104	978	98	326	326	2e-104
MAG_AΩX23_71	UniRef100_X23_71~K05846	96.4	351	351	100.0	351	0.0	2e-104	1053	98	351	351	2e-104
MAG_AΩX23_74	UniRef100_X23_74~K03924	96.4	401	401	100.0	401	0.0	2e-104	1203	98	401	401	2e-104
MAG_AΩX23_78	UniRef100_X23_78~K01714	96.4	248	248	100.0	248	0.0	2e-104	744	98	248	248	2e-104
MAG_AΩX23_79	UniRef100_X23_79~K00721	96.4	291	291	100.0	291	0.0	2e-104	873	98	291	291	2e-104
MAG_AΩX23_80	UniRef100_X23_80~K07705	96.4	232	232	100.0	232	0.0	2e-104	696	98	232	232	2e-104
MAG_AΩX23_81	UniRef100_X23_81~K02340	96.4	359	359	100.0	359	0.0	2e-104	1077	98	359	359	2e-104
MAG_AΩX23_85	UniRef100_X23_85~K02988	96.4	352	352	100.0	352	0.0	2e-104	1056	98	352	352	2e-104
MAG_AΩX23_87	UniRef100_X23_87~K00287	96.4	328	328	100.0	328	0.0	2e-104	984	98	328	328	2e-104
MAG_AΩX23_88	UniRef100_X23_88~K01061	96.4	307	307	100.0	307	0.0	2e-104	921	98	307	307	2e-104
MAG_AΩX23_89	UniRef100_X23_89~K02259	96.4	283	283	100.0	283	0.0	2e-104	849	98	283	283	2e-104
MAG_AΩX23_92	UniRef100_X23_92~K01808	96.4	316	316	100.0	316	0.0	2e-104	948	98	316	316	2e-104
MAG_AΩX23_93	UniRef100_X23_93~K00765	96.4	363	363	100.0	363	0.0	2e-104	1089	98	363	363	2e-104
MAG_AΩX23_95	UniRef100_X23_95~K02276	96.4	310	310	100.0	310	0.0	2e-104	930	98	310	310	2e-104
MAG_AΩX23_100	UniRef100_X23_100~K03696	96.4	294	294	100.0	294	0.0	2e-104	882	98	294	294	2e-104
MAG_AΩX23_103	UniRef100_X23_103~K00554	96.4	394	394	100.0	394	0.0	2e-104	1182	98	394	394	2e-104
MAG_AΩX23_104	UniRef100_X23_104~K20469	96.4	293	293	100.0	293	0.0	2e-104	879	98	293	293	2e-104
MAG_AΩX23_105	UniRef100_X23_105~K19784	96.4	392	392	100.0	392	0.0	2e-104	1176	98	392	392	2e-104
MAG_AΩX23_107	UniRef100_X23_107~K00626	96.4	287	287	100.0	287	0.0	2e-104	861	98	287	287	2e-104
MAG_AΩX23_109	UniRef100_X23_109~K00058	96.4	275	275	100.0	275	0.0	2e-104	825	98	275	275	2e-104
MAG_AΩX23_111	UniRef100_X23_111~K18290	96.4	440	440	100.0	440	0.0	2e-104	1320	98	440	440	2e-104
MAG_AΩX23_112	UniRef100_X23_112~K00645	96.4	281	281	100.0	281	0.0	2e-104	843	98	281	281	2e-104
MAG_AΩX23_113	UniRef100_X23_113~K04043	96.4	351	351	100.0	351	0.0	2e-104	1053	98	351	351	2e-104
MAG_AΩX23_116	UniRef100_X23_116~K03149	96.4	307	307	100.0	307	0.0	2e-104	921	98	307	307	2e-104
MAG_AΩX23_117	UniRef100_X23_117~K01989	96.4	270	270	100.0	270	0.0	2e-104	810	98	270	270	2e-104
MAG_AΩX23_119	UniRef100_X23_119~K00927	96.4	292	292	100.0	292	0.0	2e-104	876	98	292	292	2e-104
MAG_AΩX23_121	UniRef100_X23_121~K03296	96.4	295	295	100.0	295	0.0	2e-104	885	98	295	295	2e-104
MAG_AΩX23_122	UniRef100_X23_122~K01951	96.4	284	284	100.0	284	0.0	2e-104	852	98	284	284	2e-104
MAG_AΩX23_124	UniRef100_X23_124~K00997	96.4	324	324	100.0	324	0.0	2e-104	972	98	324	324	2e-104
MAG_AΩX23_127	UniRef100_X23_127~K08196	96.4	294	294	100.0	294	0.0	2e-104	882	98	294	294	2e-104
MAG_AΩX23_129	UniRef100_X23_129~K03300	96.4	303	303	100.0	303	0.0	2e-104	909	98	303	303	2e-104
MAG_AΩX23_130	UniRef100_X23_130~K01897	96.4	242	242	100.0	242	0.0	2e-104	726	98	242	242	2e-104
MAG_AΩX23_132	UniRef100_X23_132~K01990	96.4	323	323	100.0	323	0.0	2e-104	969	98	323	323	2e-104
MAG_AΩX23_134	UniRef100_X23_134~K00564	96.4	333	333	100.0	333	0.0	2e-104	999	98	333	333	2e-104
MAG_AΩX23_135	UniRef100_X23_135~K02013	96.4	387	387	100.0	387	0.0	2e-104	1161	98	387	387	2e-104
MAG_AΩX23_136	UniRef100_X23_136~K03684	96.4	284	284	100.0	284	0.0	2e-104	852	98	284	284	2e-104
MAG_AΩX23_137	UniRef100_X23_137~K01938	96.4	306	306	100.0	306	0.0	2e-104	918	98	306	306	2e-104
MAG_AΩX23_140	UniRef100_X23_140~K01523	96.4	352	352	100.0	352	0.0	2e-104	1056	98	352	352	2e-104
MAG_AΩX23_142	UniRef100_X23_142~K03553	96.4	303	303	100.0	303	0.0	2e-104	909	98	303	303	2e-104
MAG_AΩX23_143	UniRef100_X23_143~K00446	96.4	357	357	100.0	357	0.0	2e-104	1071	98	357	357	2e-104
MAG_AΩX23_146	UniRef100_X23_146~K02035	96.4	305	305	100.0	305	0.0	2e-104	915	98	305	305	2e-104
MAG_AΩX23_147	UniRef100_X23_147~K02478	96.4	294	294	100.0	294	0.0	2e-104	882	98	294	294	2e-104
MAG_AΩX23_148	UniRef100_X23_148~K09117	96.4	303	303	100.0	303	0.0	2e-104	909	98	303	303	2e-104
MAG_AΩX23_149	UniRef100_X23_149~K06966	96.4	337	337	100.0	337	0.0	2e-104	1011	98	337	337	2e-104
MAG_AΩX23_150	UniRef100_X23_150~K01834	96.4	351	351	100.0	351	0.0	2e-104	1053	98	351	351	2e-104
MAG_AΩX23_154	UniRef100_X23_154~K05834	96.4	258	258	100.0	258	0.0	2e-104	774	98	258	258	2e-104
MAG_AΩX23_156	UniRef100_X23_156~K00130	96.4	338	338	100.0	338	0.0	2e-104	1014	98	338	338	2e-104
MAG_AΩX23_157	UniRef100_X23_157~K09861	96.4	222	222	100.0	222	0.0	2e-104	666	98	222	222	2e-104
MAG_AΩX23_158	UniRef100_X23_158~K02078	96.4	214	214	100.0	214	0.0	2e-104	642	98	214	214	2e-104
MAG_AΩX23_160	UniRef100_X23_160~K18215	96.4	261	261	100.0	261	0.0	2e-104	783	98	261	261	2e-104
MAG_AΩX23_164	UniRef100_X23_164~K03628	96.4	289	289	100.0	289	0.0	2e-104	867	98	289	289	2e-104
MAG_AΩX23_165	UniRef100_X23_165~K02890	96.4	350	350	100.0	350	0.0	2e-104	1050	98	350	350	2e-104
MAG_AΩX23_166	UniRef100_X23_166~K02337	96.4	241	241	100.0	241	0.0	2e-104	723	98	241	241	2e-104
MAG_AΩX23_167	UniRef100_X23_167~K16264	96.4	262	262	100.0	262	0.0	2e-104	786	98	262	262	2e-104
MAG_AΩX23_168	UniRef100_X23_168~K00859	96.4	301	301	100.0	301	0.0	2e-104	903	98	301	301	2e-104
MAG_AΩX23_169	UniRef100_X23_169~K05833	96.4	307	307	100.0	307	0.0	2e-104	921	98	307	307	2e-104
MAG_AΩX23_174	UniRef100_X23_174~K07483	96.4	247	247	100.0	247	0.0	2e-104	741	98	247	247	2e-104
MAG_AΩX23_178	UniRef100_X23_178~K05570	96.4	376	376	100.0	376	0.0	2e-104	1128	98	376	376	2e-104
MAG_AΩX23_180	UniRef100_X23_180~K02004	96.4	206	206	100.0	206	0.0	2e-104	618	98	206	206	2e-104
MAG_AΩX23_186	UniRef100_X23_186~K03655	96.4	234	234	100.0	234	0.0	2e-104	702	98	234	234	2e-104
MAG_AΩX23_188	UniRef100_X23_188~K03402	96.4	356	356	100.0	356	0.0	2e-104	1068	98	356	356	2e-104
MAG_AΩX23_189	UniRef100_X23_189~K01356	96.4	405	405	100.0	405	0.0	2e-104	1215	98	405	405	2e-104
MAG_AΩX23_191	UniRef100_X23_191~K01011	96.4	320	320	100.0	320	0.0	2e-104	960	98	320	320	2e-104
MAG_AΩX23_194	UniRef100_X23_194~K02015	96.4	231	231	100.0	231	0.0	2e-104	693	98	231	231	2e-104
MAG_AΩX23_197	UniRef100_X23_197~K12510	96.4	302	302	100.0	302	0.0	2e-104	906	98	302	302	2e-104
MAG_AΩX23_200	UniRef100_X23_200~K16048	96.4	317	317	100.0	317	0.0	2e-104	951	98	317	317	2e-104
MAG_AΩX23_202	UniRef100_X23_202~K00135	96.4	270	270	100.0	270	0.0	2e-104	810	98	270	270	2e-104
MAG_AΩX23_203	UniRef100_X23_203~K13280	96.4	328	328	100.0	328	0.0	2e-104	984	98	328	328	2e-104
MAG_AΩX23_204	UniRef100_X23_204~K00121	96.4	280	280	100.0	280	0.0	2e-104	840	98	280	280	2e-104
MAG_AΩX23_209	UniRef100_X23_209~K06168	96.4	346	346	100.0	346	0.0	2e-104	1038	98	346	346	2e-104
MAG_AΩX23_211	UniRef100_X23_211~K01154	96.4	234	234	100.0	234	0.0	2e-104	702	98	234	234	2e-104
MAG_AΩX23_213	UniRef100_X23_213~K18833	96.4	325	325	100.0	325	0.0	2e-104	975	98	325	325	2e-104
MAG_AΩX23_218	UniRef100_X23_218~K20814	96.4	400	400	100.0	400	0.0	2e-104	1200	98	400	400	2e-104
MAG_AΩX23_219	UniRef100_X23_219~K01955	96.4	330	330	100.0	330	0.0	2e-104	990	98	330	330	2e-104
MAG_AΩX23_220	UniRef100_X23_220~K01990	96.4	332	332	100.0	332	0.0	2e-104	996	98	332	332	2e-104
MAG_AΩX23_226	UniRef100_X23_226~K01772	96.4	269	269	100.0	269	0.0	2e-104	807	98	269	269	2e-104
MAG_AΩX23_228	UniRef100_X23_228~K00767	96.4	362	362	100.0	362	0.0	2e-104	1086	98	362	362	2e-104
MAG_AΩX23_229	UniRef100_X23_229~K09903	96.4	331	331	100.0	331	0.0	2e-104	993	98	331	331	2e-104
MAG_AΩX23_230	UniRef100_X23_230~K17734	96.4	295	295	100.0	295	0.0	2e-104	885	98	295	295	2e-104
MAG_AΩX23_231	UniRef100_X23_231~K02551	96.4	319	319	100.0	319	0.0	2e-104	957	98	319	319	2e-104
MAG_AΩX23_233	UniRef100_X23_233~K06131	96.4	343	343	100.0	343	0.0	2e-104	1029	98	343	343	2e-104
MAG_AΩX23_234	UniRef100_X23_234~K10531	96.4	290	290	100.0	290	0.0	2e-104	870	98	290	290	2e-104
MAG_AΩX23_235	UniRef100_X23_235~K00075	96.4	453	453	100.0	453	0.0	2e-104	1359	98	453	453	2e-104
MAG_AΩX23_236	UniRef100_X23_236~K01031	96.4	378	378	100.0	378	0.0	2e-104	1134	98	378	378	2e-104
MAG_AΩX23_238	UniRef100_X23_238~K07447	96.4	380	380	100.0	380	0.0	2e-104	1140	98	380	380	2e-104
MAG_AΩX23_239	UniRef100_X23_239~K07497	96.4	345	345	100.0	345	0.0	2e-104	1035	98	345	345	2e-104
MAG_AΩX23_240	UniRef100_X23_240~K08972	96.4	313	313	100.0	313	0.0	2e-104	939	98	313	313	2e-104
MAG_AΩX23_241	UniRef100_X23_241~K11754	96.4	276	276	100.0	276	0.0	2e-104	828	98	276	276	2e-104
MAG_AΩX23_242	UniRef100_X23_242~K07053	96.4	255	255	100.0	255	0.0	2e-104	765	98	255	255	2e-104
MAG_AΩX23_243	UniRef100_X23_243~K02902	96.4	302	302	100.0	302	0.0	2e-104	906	98	302	302	2e-104
MAG_AΩX23_244	UniRef100_X23_244~K07483	96.4	278	278	100.0	278	0.0	2e-104	834	98	278	278	2e-104
MAG_AΩX23_245	UniRef100_X23_245~K02618	96.4	268	268	100.0	268	0.0	2e-104	804	98	268	268	2e-104
MAG_AΩX23_246	UniRef100_X23_246~K03313	96.4	324	324	100.0	324	0.0	2e-104	972	98	324	324	2e-104
MAG_AΩX23_248	UniRef100_X23_248~K07032	96.4	243	243	100.0	243	0.0	2e-104	729	98	243	243	2e-104
MAG_AΩX23_249	UniRef100_X23_249~K07030	96.4	422	422	100.0	422	0.0	2e-104	1266	98	422	422	2e-104
MAG_AΩX23_250	UniRef100_X23_250~K04487	96.4	253	253	100.0	253	0.0	2e-104	759	98	253	253	2e-104
MAG_AΩX23_255	UniRef100_X23_255~K01069	96.4	307	307	100.0	307	0.0	2e-104	921	98	307	307	2e-104
MAG_AΩX23_256	UniRef100_X23_256~K02342	96.4	317	317	100.0	317	0.0	2e-104	951	98	317	317	2e-104
MAG_AΩX23_257	UniRef100_X23_257~K03890	96.4	366	366	100.0	366	0.0	2e-104	1098	98	366	366	2e-104
MAG_AΩX23_259	UniRef100_X23_259~K04095	96.4	330	330	100.0	330	0.0	2e-104	990	98	330	330	2e-104
MAG_AΩX23_260	UniRef100_X23_260~K01739	96.4	374	374	100.0	374	0.0	2e-104	1122	98	374	374	2e-104
MAG_AΩX23_261	UniRef100_X23_261~K03529	96.4	339	339	100.0	339	0.0	2e-104	1017	98	339	339	2e-104
MAG_AΩX23_262	UniRef100_X23_262~K02016	96.4	335	335	100.0	335	0.0	2e-104	1005	98	335	335	2e-104
MAG_AΩX23_267	UniRef100_X23_267~K00281	96.4	254	254	100.0	254	0.0	2e-104	762	98	254	254	2e-104
MAG_AΩX23_273	UniRef100_X23_273~K07071	96.4	348	348	100.0	348	0.0	2e-104	1044	98	348	348	2e-104
MAG_AΩX23_275	UniRef100_X23_275~K02935	96.4	269	269	100.0	269	0.0	2e-104	807	98	269	269	2e-104
MAG_AΩX23_277	UniRef100_X23_277~K02361	96.4	311	311	100.0	311	0.0	2e-104	933	98	311	311	2e-104
MAG_AΩX23_284	UniRef100_X23_284~K18926	96.4	243	243	100.0	243	0.0	2e-104	729	98	243	243	2e-104
MAG_AΩX23_286	UniRef100_X23_286~K02963	96.4	289	289	100.0	289	0.0	2e-104	867	98	289	289	2e-104
MAG_AΩX23_292	UniRef100_X23_292~K01802	96.4	322	322	100.0	322	0.0	2e-104	966	98	322	322	2e-104
MAG_AΩX23_297	UniRef100_X23_297~K06911	96.4	295	295	100.0	295	0.0	2e-104	885	98	295	295	2e-104
MAG_AΩX24_2	UniRef100_X24_2~K00558	96.4	338	338	100.0	338	0.0	2e-104	1014	98	338	338	2e-104
MAG_AΩX24_6	UniRef100_X24_6~K00712	96.4	367	367	100.0	367	0.0	2e-104	1101	98	367	367	2e-104
MAG_AΩX24_10	UniRef100_X24_10~K16163	96.4	290	290	100.0	290	0.0	2e-104	870	98	290	290	2e-104
MAG_AΩX24_13	UniRef100_X24_13~K06987	96.4	307	307	100.0	307	0.0	2e-104	921	98	307	307	2e-104
MAG_AΩX24_17	UniRef100_X24_17~K03564	96.4	225	225	100.0	225	0.0	2e-104	675	98	225	225	2e-104
MAG_AΩX24_19	UniRef100_X24_19~K02904	96.4	257	257	100.0	257	0.0	2e-104	771	98	257	257	2e-104
MAG_AΩX25_1	UniRef100_X25_1~K19577	96.4	283	283	100.0	283	0.0	2e-104	849	98	283	283	2e-104
MAG_AΩX25_2	UniRef100_X25_2~K00986	96.4	329	329	100.0	329	0.0	2e-104	987	98	329	329	2e-104
MAG_AΩX25_3	UniRef100_X25_3~K01069	96.4	298	298	100.0	298	0.0	2e-104	894	98	298	298	2e-104
MAG_AΩX25_6	UniRef100_X25_6~K00117	96.4	379	379	100.0	379	0.0	2e-104	1137	98	379	379	2e-104
MAG_AΩX25_8	UniRef100_X25_8~K06199	96.4	321	321	100.0	321	0.0	2e-104	963	98	321	321	2e-104
MAG_AΩX25_9	UniRef100_X25_9~K00252	96.4	334	334	100.0	334	0.0	2e-104	1002	98	334	334	2e-104
MAG_AΩX25_15	UniRef100_X25_15~K03458	96.4	295	295	100.0	295	0.0	2e-104	885	98	295	295	2e-104
MAG_AΩX25_17	UniRef100_X25_17~K00140	96.4	363	363	100.0	363	0.0	2e-104	1089	98	363	363	2e-104
MAG_AΩX25_25	UniRef100_X25_25~K20938	96.4	408	408	100.0	408	0.0	2e-104	1224	98	408	408	2e-104
MAG_AΩX25_26	UniRef100_X25_26~K02031	96.4	349	349	100.0	349	0.0	2e-104	1047	98	349	349	2e-104
MAG_AΩX25_27	UniRef100_X25_27~K11753	96.4	336	336	100.0	336	0.0	2e-104	1008	98	336	336	2e-104
MAG_AΩX25_28	UniRef100_X25_28~K01491	96.4	326	326	100.0	326	0.0	2e-104	978	98	326	326	2e-104
MAG_AΩX25_30	UniRef100_X25_30~K00276	96.4	286	286	100.0	286	0.0	2e-104	858	98	286	286	2e-104
MAG_AΩX25_31	UniRef100_X25_31~K05794	96.4	249	249	100.0	249	0.0	2e-104	747	98	249	249	2e-104
MAG_AΩX25_32	UniRef100_X25_32~K13979	96.4	235	235	100.0	235	0.0	2e-104	705	98	235	235	2e-104
MAG_AΩX25_35	UniRef100_X25_35~K03704	96.4	324	324	100.0	324	0.0	2e-104	972	98	324	324	2e-104
MAG_AΩX25_37	UniRef100_X25_37~K02342	96.4	297	297	100.0	297	0.0	2e-104	891	98	297	297	2e-104
MAG_AΩX25_38	UniRef100_X25_38~K01588	96.4	399	399	100.0	399	0.0	2e-104	1197	98	399	399	2e-104
MAG_AΩX25_41	UniRef100_X25_41~K01934	96.4	350	350	100.0	350	0.0	2e-104	1050	98	350	350	2e-104
MAG_AΩX25_42	UniRef100_X25_42~K00831	96.4	381	381	100.0	381	0.0	2e-104	1143	98	381	381	2e-104
MAG_AΩX25_43	UniRef100_X25_43~K07483	96.4	266	266	100.0	266	0.0	2e-104	798	98	266	266	2e-104
MAG_AΩX25_45	UniRef100_X25_45~K00666	96.4	218	218	100.0	218	0.0	2e-104	654	98	218	218	2e-104
MAG_AΩX25_48	UniRef100_X25_48~K02503	96.4	274	274	100.0	274	0.0	2e-104	822	98	274	274	2e-104
MAG_AΩX25_49	UniRef100_X25_49~K06221	96.4	268	268	100.0	268	0.0	2e-104	804	98	268	268	2e-104
MAG_AΩX25_50	UniRef100_X25_50~K00615	96.4	303	303	100.0	303	0.0	2e-104	909	98	303	303	2e-104
MAG_AΩX25_51	UniRef100_X25_51~K12583	96.4	319	319	100.0	319	0.0	2e-104	957	98	319	319	2e-104
MAG_AΩX25_52	UniRef100_X25_52~K05799	96.4	290	290	100.0	290	0.0	2e-104	870	98	290	290	2e-104
MAG_AΩX25_53	UniRef100_X25_53~K01915	96.4	289	289	100.0	289	0.0	2e-104	867	98	289	289	2e-104
MAG_AΩX25_54	UniRef100_X25_54~K08296	96.4	152	152	100.0	152	0.0	2e-104	456	98	152	152	2e-104
MAG_AΩX25_55	UniRef100_X25_55~K01259	96.4	290	290	100.0	290	0.0	2e-104	870	98	290	290	2e-104
MAG_AΩX25_56	UniRef100_X25_56~K07979	96.4	328	328	100.0	328	0.0	2e-104	984	98	328	328	2e-104
MAG_AΩX25_57	UniRef100_X25_57~K07050	96.4	349	349	100.0	349	0.0	2e-104	1047	98	349	349	2e-104
MAG_AΩX25_58	UniRef100_X25_58~K01802	96.4	206	206	100.0	206	0.0	2e-104	618	98	206	206	2e-104
MAG_AΩX25_60	UniRef100_X25_60~K03575	96.4	292	292	100.0	292	0.0	2e-104	876	98	292	292	2e-104
MAG_AΩX25_62	UniRef100_X25_62~K03210	96.4	317	317	100.0	317	0.0	2e-104	951	98	317	317	2e-104
MAG_AΩX25_63	UniRef100_X25_63~K07098	96.4	246	246	100.0	246	0.0	2e-104	738	98	246	246	2e-104
MAG_AΩX25_65	UniRef100_X25_65~K06207	96.4	324	324	100.0	324	0.0	2e-104	972	98	324	324	2e-104
MAG_AΩX25_67	UniRef100_X25_67~K02003	96.4	315	315	100.0	315	0.0	2e-104	945	98	315	315	2e-104
MAG_AΩX25_68	UniRef100_X25_68~K07104	96.4	265	265	100.0	265	0.0	2e-104	795	98	265	265	2e-104
MAG_AΩX25_69	UniRef100_X25_69~K02834	96.4	342	342	100.0	342	0.0	2e-104	1026	98	342	342	2e-104
MAG_AΩX25_71	UniRef100_X25_71~K00980	96.4	451	451	100.0	451	0.0	2e-104	1353	98	451	451	2e-104
MAG_AΩX25_72	UniRef100_X25_72~K18277	96.4	263	263	100.0	263	0.0	2e-104	789	98	263	263	2e-104
MAG_AΩX25_74	UniRef100_X25_74~K01069	96.4	173	173	100.0	173	0.0	2e-104	519	98	173	173	2e-104
MAG_AΩX25_76	UniRef100_X25_76~K02003	96.4	336	336	100.0	336	0.0	2e-104	1008	98	336	336	2e-104
MAG_AΩX25_77	UniRef100_X25_77~K00975	96.4	322	322	100.0	322	0.0	2e-104	966	98	322	322	2e-104
MAG_AΩX25_79	UniRef100_X25_79~K03183	96.4	346	346	100.0	346	0.0	2e-104	1038	98	346	346	2e-104
MAG_AΩX25_80	UniRef100_X25_80~K02469	96.4	310	310	100.0	310	0.0	2e-104	930	98	310	310	2e-104
MAG_AΩX26_2	UniRef100_X26_2~K03750	96.4	299	299	100.0	299	0.0	2e-104	897	98	299	299	2e-104
MAG_AΩX26_3	UniRef100_X26_3~K02428	96.4	264	264	100.0	264	0.0	2e-104	792	98	264	264	2e-104
MAG_AΩX26_9	UniRef100_X26_9~K11263	96.4	388	388	100.0	388	0.0	2e-104	1164	98	388	388	2e-104
MAG_AΩX26_10	UniRef100_X26_10~K00128	96.4	378	378	100.0	378	0.0	2e-104	1134	98	378	378	2e-104
MAG_AΩX26_12	UniRef100_X26_12~K02823	96.4	344	344	100.0	344	0.0	2e-104	1032	98	344	344	2e-104
MAG_AΩX26_15	UniRef100_X26_15~K02083	96.4	387	387	100.0	387	0.0	2e-104	1161	98	387	387	2e-104
MAG_AΩX26_16	UniRef100_X26_16~K07492	96.4	315	315	100.0	315	0.0	2e-104	945	98	315	315	2e-104
MAG_AΩX26_19	UniRef100_X26_19~K00626	96.4	328	328	100.0	328	0.0	2e-104	984	98	328	328	2e-104
MAG_AΩX26_22	UniRef100_X26_22~K07497	96.4	286	286	100.0	286	0.0	2e-104	858	98	286	286	2e-104
MAG_AΩX26_25	UniRef100_X26_25~K01262	96.4	340	340	100.0	340	0.0	2e-104	1020	98	340	340	2e-104
MAG_AΩX26_26	UniRef100_X26_26~K07497	96.4	372	372	100.0	372	0.0	2e-104	1116	98	372	372	2e-104
MAG_AΩX26_27	UniRef100_X26_27~K05540	96.4	289	289	100.0	289	0.0	2e-104	867	98	289	289	2e-104
MAG_AΩX26_31	UniRef100_X26_31~K04567	96.4	287	287	100.0	287	0.0	2e-104	861	98	287	287	2e-104
MAG_AΩX26_33	UniRef100_X26_33~K07979	96.4	318	318	100.0	318	0.0	2e-104	954	98	318	318	2e-104
MAG_AΩX26_35	UniRef100_X26_35~K05281	96.4	362	362	100.0	362	0.0	2e-104	1086	98	362	362	2e-104
MAG_AΩX26_36	UniRef100_X26_36~K07284	96.4	342	342	100.0	342	0.0	2e-104	1026	98	342	342	2e-104
MAG_AΩX26_37	UniRef100_X26_37~K05882	96.4	291	291	100.0	291	0.0	2e-104	873	98	291	291	2e-104
MAG_AΩX26_38	UniRef100_X26_38~K00045	96.4	338	338	100.0	338	0.0	2e-104	1014	98	338	338	2e-104
MAG_AΩX26_40	UniRef100_X26_40~K07056	96.4	316	316	100.0	316	0.0	2e-104	948	98	316	316	2e-104
MAG_AΩX26_41	UniRef100_X26_41~K01104	96.4	331	331	100.0	331	0.0	2e-104	993	98	331	331	2e-104
MAG_AΩX26_42	UniRef100_X26_42~K03100	96.4	245	245	100.0	245	0.0	2e-104	735	98	245	245	2e-104
MAG_AΩX26_44	UniRef100_X26_44~K03783	96.4	308	308	100.0	308	0.0	2e-104	924	98	308	308	2e-104
MAG_AΩX26_45	UniRef100_X26_45~K00759	96.4	262	262	100.0	262	0.0	2e-104	786	98	262	262	2e-104
MAG_AΩX26_48	UniRef100_X26_48~K01489	96.4	250	250	100.0	250	0.0	2e-104	750	98	250	250	2e-104
MAG_AΩX26_50	UniRef100_X26_50~K03657	96.4	311	311	100.0	311	0.0	2e-104	933	98	311	311	2e-104
MAG_AΩX26_51	UniRef100_X26_51~K01955	96.4	487	487	100.0	487	0.0	2e-104	1461	98	487	487	2e-104
MAG_AΩX26_52	UniRef100_X26_52~K03652	96.4	269	269	100.0	269	0.0	2e-104	807	98	269	269	2e-104
MAG_AΩX26_53	UniRef100_X26_53~K02874	96.4	318	318	100.0	318	0.0	2e-104	954	98	318	318	2e-104
MAG_AΩX26_55	UniRef100_X26_55~K02612	96.4	228	228	100.0	228	0.0	2e-104	684	98	228	228	2e-104
MAG_AΩX26_57	UniRef100_X26_57~K02056	96.4	326	326	100.0	326	0.0	2e-104	978	98	326	326	2e-104
MAG_AΩX26_58	UniRef100_X26_58~K01834	96.4	338	338	100.0	338	0.0	2e-104	1014	98	338	338	2e-104
MAG_AΩX26_61	UniRef100_X26_61~K00262	96.4	272	272	100.0	272	0.0	2e-104	816	98	272	272	2e-104
MAG_AΩX26_62	UniRef100_X26_62~K02003	96.4	200	200	100.0	200	0.0	2e-104	600	98	200	200	2e-104
MAG_AΩX26_63	UniRef100_X26_63~K03293	96.4	264	264	100.0	264	0.0	2e-104	792	98	264	264	2e-104
MAG_AΩX26_64	UniRef100_X26_64~K11601	96.4	169	169	100.0	169	0.0	2e-104	507	98	169	169	2e-104
MAG_AΩX26_67	UniRef100_X26_67~K15371	96.4	325	325	100.0	325	0.0	2e-104	975	98	325	325	2e-104
MAG_AΩX26_70	UniRef100_X26_70~K00088	96.4	267	267	100.0	267	0.0	2e-104	801	98	267	267	2e-104
MAG_AΩX26_71	UniRef100_X26_71~K03147	96.4	379	379	100.0	379	0.0	2e-104	1137	98	379	379	2e-104
MAG_AΩX26_72	UniRef100_X26_72~K06191	96.4	321	321	100.0	321	0.0	2e-104	963	98	321	321	2e-104
MAG_AΩX26_74	UniRef100_X26_74~K07442	96.4	302	302	100.0	302	0.0	2e-104	906	98	302	302	2e-104
MAG_AΩX26_75	UniRef100_X26_75~K05847	96.4	289	289	100.0	289	0.0	2e-104	867	98	289	289	2e-104
MAG_AΩX26_80	UniRef100_X26_80~K07043	96.4	251	251	100.0	251	0.0	2e-104	753	98	251	251	2e-104
MAG_AΩX26_83	UniRef100_X26_83~K01556	96.4	318	318	100.0	318	0.0	2e-104	954	98	318	318	2e-104
MAG_AΩX26_87	UniRef100_X26_87~K03701	96.4	268	268	100.0	268	0.0	2e-104	804	98	268	268	2e-104
MAG_AΩX26_88	UniRef100_X26_88~K06999	96.4	326	326	100.0	326	0.0	2e-104	978	98	326	326	2e-104
MAG_AΩX26_90	UniRef100_X26_90~K06147	96.4	255	255	100.0	255	0.0	2e-104	765	98	255	255	2e-104
MAG_AΩX26_94	UniRef100_X26_94~K07082	96.4	379	379	100.0	379	0.0	2e-104	1137	98	379	379	2e-104
MAG_AΩX26_95	UniRef100_X26_95~K02217	96.4	304	304	100.0	304	0.0	2e-104	912	98	304	304	2e-104
MAG_AΩX26_96	UniRef100_X26_96~K00957	96.4	264	264	100.0	264	0.0	2e-104	792	98	264	264	2e-104
MAG_AΩX26_97	UniRef100_X26_97~K01487	96.4	230	230	100.0	230	0.0	2e-104	690	98	230	230	2e-104
MAG_AΩX26_102	UniRef100_X26_102~K09780	96.4	393	393	100.0	393	0.0	2e-104	1179	98	393	393	2e-104
MAG_AΩX26_103	UniRef100_X26_103~K01990	96.4	273	273	100.0	273	0.0	2e-104	819	98	273	273	2e-104
MAG_AΩX26_105	UniRef100_X26_105~K02013	96.4	264	264	100.0	264	0.0	2e-104	792	98	264	264	2e-104
MAG_AΩX26_109	UniRef100_X26_109~K04092	96.4	415	415	100.0	415	0.0	2e-104	1245	98	415	415	2e-104
MAG_AΩX26_113	UniRef100_X26_113~K00641	96.4	365	365	100.0	365	0.0	2e-104	1095	98	365	365	2e-104
MAG_AΩX26_115	UniRef100_X26_115~K00627	96.4	305	305	100.0	305	0.0	2e-104	915	98	305	305	2e-104
MAG_AΩX26_116	UniRef100_X26_116~K02015	96.4	325	325	100.0	325	0.0	2e-104	975	98	325	325	2e-104
MAG_AΩX26_117	UniRef100_X26_117~K00219	96.4	398	398	100.0	398	0.0	2e-104	1194	98	398	398	2e-104
MAG_AΩX26_120	UniRef100_X26_120~K00255	96.4	338	338	100.0	338	0.0	2e-104	1014	98	338	338	2e-104
MAG_AΩX26_123	UniRef100_X26_123~K03664	96.4	202	202	100.0	202	0.0	2e-104	606	98	202	202	2e-104
MAG_AΩX26_125	UniRef100_X26_125~K01929	96.4	289	289	100.0	289	0.0	2e-104	867	98	289	289	2e-104
MAG_AΩX26_126	UniRef100_X26_126~K16137	96.4	182	182	100.0	182	0.0	2e-104	546	98	182	182	2e-104
MAG_AΩX26_129	UniRef100_X26_129~K02004	96.4	280	280	100.0	280	0.0	2e-104	840	98	280	280	2e-104
MAG_AΩX26_130	UniRef100_X26_130~K03593	96.4	406	406	100.0	406	0.0	2e-104	1218	98	406	406	2e-104
MAG_AΩX27_2	UniRef100_X27_2~K01895	96.4	394	394	100.0	394	0.0	2e-104	1182	98	394	394	2e-104
MAG_AΩX27_5	UniRef100_X27_5~K01653	96.4	319	319	100.0	319	0.0	2e-104	957	98	319	319	2e-104
MAG_AΩX27_6	UniRef100_X27_6~K01733	96.4	349	349	100.0	349	0.0	2e-104	1047	98	349	349	2e-104
MAG_AΩX27_7	UniRef100_X27_7~K00975	96.4	313	313	100.0	313	0.0	2e-104	939	98	313	313	2e-104
MAG_AΩX27_11	UniRef100_X27_11~K03723	96.4	357	357	100.0	357	0.0	2e-104	1071	98	357	357	2e-104
MAG_AΩX27_13	UniRef100_X27_13~K06877	96.4	313	313	100.0	313	0.0	2e-104	939	98	313	313	2e-104
MAG_AΩX27_15	UniRef100_X27_15~K00374	96.4	258	258	100.0	258	0.0	2e-104	774	98	258	258	2e-104
MAG_AΩX27_16	UniRef100_X27_16~K01496	96.4	276	276	100.0	276	0.0	2e-104	828	98	276	276	2e-104
MAG_AΩX27_21	UniRef100_X27_21~K01897	96.4	260	260	100.0	260	0.0	2e-104	780	98	260	260	2e-104
MAG_AΩX27_22	UniRef100_X27_22~K09761	96.4	275	275	100.0	275	0.0	2e-104	825	98	275	275	2e-104
MAG_AΩX27_23	UniRef100_X27_23~K14393	96.4	234	234	100.0	234	0.0	2e-104	702	98	234	234	2e-104
MAG_AΩX27_27	UniRef100_X27_27~K01738	96.4	307	307	100.0	307	0.0	2e-104	921	98	307	307	2e-104
MAG_AΩX27_30	UniRef100_X27_30~K03799	96.4	239	239	100.0	239	0.0	2e-104	717	98	239	239	2e-104
MAG_AΩX27_32	UniRef100_X27_32~K16925	96.4	291	291	100.0	291	0.0	2e-104	873	98	291	291	2e-104
MAG_AΩX27_34	UniRef100_X27_34~K00344	96.4	322	322	100.0	322	0.0	2e-104	966	98	322	322	2e-104
MAG_AΩX27_35	UniRef100_X27_35~K02013	96.4	309	309	100.0	309	0.0	2e-104	927	98	309	309	2e-104
MAG_AΩX27_36	UniRef100_X27_36~K00373	96.4	346	346	100.0	346	0.0	2e-104	1038	98	346	346	2e-104
MAG_AΩX27_37	UniRef100_X27_37~K06895	96.4	208	208	100.0	208	0.0	2e-104	624	98	208	208	2e-104
MAG_AΩX27_39	UniRef100_X27_39~K00027	96.4	301	301	100.0	301	0.0	2e-104	903	98	301	301	2e-104
MAG_AΩX27_40	UniRef100_X27_40~K03635	96.4	343	343	100.0	343	0.0	2e-104	1029	98	343	343	2e-104
MAG_AΩX27_45	UniRef100_X27_45~K00602	96.4	257	257	100.0	257	0.0	2e-104	771	98	257	257	2e-104
MAG_AΩX27_48	UniRef100_X27_48~K05571	96.4	324	324	100.0	324	0.0	2e-104	972	98	324	324	2e-104
MAG_AΩX27_50	UniRef100_X27_50~K00797	96.4	374	374	100.0	374	0.0	2e-104	1122	98	374	374	2e-104
MAG_AΩX27_53	UniRef100_X27_53~K07107	96.4	261	261	100.0	261	0.0	2e-104	783	98	261	261	2e-104
MAG_AΩX27_54	UniRef100_X27_54~K03565	96.4	349	349	100.0	349	0.0	2e-104	1047	98	349	349	2e-104
MAG_AΩX27_56	UniRef100_X27_56~K03449	96.4	270	270	100.0	270	0.0	2e-104	810	98	270	270	2e-104
MAG_AΩX27_59	UniRef100_X27_59~K03501	96.4	346	346	100.0	346	0.0	2e-104	1038	98	346	346	2e-104
MAG_AΩX27_61	UniRef100_X27_61~K01647	96.4	331	331	100.0	331	0.0	2e-104	993	98	331	331	2e-104
MAG_AΩX27_62	UniRef100_X27_62~K02952	96.4	240	240	100.0	240	0.0	2e-104	720	98	240	240	2e-104
MAG_AΩX27_63	UniRef100_X27_63~K01652	96.4	310	310	100.0	310	0.0	2e-104	930	98	310	310	2e-104
MAG_AΩX27_64	UniRef100_X27_64~K03313	96.4	400	400	100.0	400	0.0	2e-104	1200	98	400	400	2e-104
MAG_AΩX27_65	UniRef100_X27_65~K01153	96.4	300	300	100.0	300	0.0	2e-104	900	98	300	300	2e-104
MAG_AΩX27_66	UniRef100_X27_66~K01501	96.4	273	273	100.0	273	0.0	2e-104	819	98	273	273	2e-104
MAG_AΩX27_69	UniRef100_X27_69~K06901	96.4	198	198	100.0	198	0.0	2e-104	594	98	198	198	2e-104
MAG_AΩX27_72	UniRef100_X27_72~K07742	96.4	317	317	100.0	317	0.0	2e-104	951	98	317	317	2e-104
MAG_AΩX27_73	UniRef100_X27_73~K02257	96.4	347	347	100.0	347	0.0	2e-104	1041	98	347	347	2e-104
MAG_AΩX27_74	UniRef100_X27_74~K01908	96.4	346	346	100.0	346	0.0	2e-104	1038	98	346	346	2e-104
MAG_AΩX27_76	UniRef100_X27_76~K00138	96.4	259	259	100.0	259	0.0	2e-104	777	98	259	259	2e-104
MAG_AΩX28_1	UniRef100_X28_1~K01436	96.4	284	284	100.0	284	0.0	2e-104	852	98	284	284	2e-104
MAG_AΩX28_2	UniRef100_X28_2~K01880	96.4	336	336	100.0	336	0.0	2e-104	1008	98	336	336	2e-104
MAG_AΩX28_4	UniRef100_X28_4~K05845	96.4	232	232	100.0	232	0.0	2e-104	696	98	232	232	2e-104
MAG_AΩX28_6	UniRef100_X28_6~K07399	96.4	353	353	100.0	353	0.0	2e-104	1059	98	353	353	2e-104
MAG_AΩX28_8	UniRef100_X28_8~K02074	96.4	169	169	100.0	169	0.0	2e-104	507	98	169	169	2e-104
MAG_AΩX28_11	UniRef100_X28_11~K05896	96.4	472	472	100.0	472	0.0	2e-104	1416	98	472	472	2e-104
MAG_AΩX28_13	UniRef100_X28_13~K13640	96.4	299	299	100.0	299	0.0	2e-104	897	98	299	299	2e-104
MAG_AΩX28_17	UniRef100_X28_17~K00666	96.4	307	307	100.0	307	0.0	2e-104	921	98	307	307	2e-104
MAG_AΩX28_20	UniRef100_X28_20~K15771	96.4	350	350	100.0	350	0.0	2e-104	1050	98	350	350	2e-104
MAG_AΩX28_21	UniRef100_X28_21~K01652	96.4	325	325	100.0	325	0.0	2e-104	975	98	325	325	2e-104
MAG_AΩX28_22	UniRef100_X28_22~K01715	96.4	304	304	100.0	304	0.0	2e-104	912	98	304	304	2e-104
MAG_AΩX28_23	UniRef100_X28_23~K02601	96.4	377	377	100.0	377	0.0	2e-104	1131	98	377	377	2e-104
MAG_AΩX28_24	UniRef100_X28_24~K01785	96.4	421	421	100.0	421	0.0	2e-104	1263	98	421	421	2e-104
MAG_AΩX28_30	UniRef100_X28_30~K00305	96.4	297	297	100.0	297	0.0	2e-104	891	98	297	297	2e-104
MAG_AΩX28_33	UniRef100_X28_33~K11921	96.4	381	381	100.0	381	0.0	2e-104	1143	98	381	381	2e-104
MAG_AΩX28_34	UniRef100_X28_34~K13771	96.4	283	283	100.0	283	0.0	2e-104	849	98	283	283	2e-104
MAG_AΩX28_36	UniRef100_X28_36~K02032	96.4	270	270	100.0	270	0.0	2e-104	810	98	270	270	2e-104
MAG_AΩX28_37	UniRef100_X28_37~K07776	96.4	246	246	100.0	246	0.0	2e-104	738	98	246	246	2e-104
MAG_AΩX28_38	UniRef100_X28_38~K01992	96.4	269	269	100.0	269	0.0	2e-104	807	98	269	269	2e-104
MAG_AΩX28_45	UniRef100_X28_45~K20074	96.4	342	342	100.0	342	0.0	2e-104	1026	98	342	342	2e-104
MAG_AΩX28_50	UniRef100_X28_50~K13940	96.4	256	256	100.0	256	0.0	2e-104	768	98	256	256	2e-104
MAG_AΩX28_52	UniRef100_X28_52~K00014	96.4	334	334	100.0	334	0.0	2e-104	1002	98	334	334	2e-104
MAG_AΩX28_53	UniRef100_X28_53~K00161	96.4	266	266	100.0	266	0.0	2e-104	798	98	266	266	2e-104
MAG_AΩX28_54	UniRef100_X28_54~K02036	96.4	240	240	100.0	240	0.0	2e-104	720	98	240	240	2e-104
MAG_AΩX28_55	UniRef100_X28_55~K02015	96.4	343	343	100.0	343	0.0	2e-104	1029	98	343	343	2e-104
MAG_AΩX28_57	UniRef100_X28_57~K02016	96.4	288	288	100.0	288	0.0	2e-104	864	98	288	288	2e-104
MAG_AΩX28_60	UniRef100_X28_60~K02433	96.4	306	306	100.0	306	0.0	2e-104	918	98	306	306	2e-104
MAG_AΩX28_61	UniRef100_X28_61~K00104	96.4	443	443	100.0	443	0.0	2e-104	1329	98	443	443	2e-104
MAG_AΩX28_62	UniRef100_X28_62~K00969	96.4	299	299	100.0	299	0.0	2e-104	897	98	299	299	2e-104
MAG_AΩX28_64	UniRef100_X28_64~K00036	96.4	342	342	100.0	342	0.0	2e-104	1026	98	342	342	2e-104
MAG_AΩX28_65	UniRef100_X28_65~K02881	96.4	270	270	100.0	270	0.0	2e-104	810	98	270	270	2e-104
MAG_AΩX28_66	UniRef100_X28_66~K10232	96.4	250	250	100.0	250	0.0	2e-104	750	98	250	250	2e-104
MAG_AΩX28_67	UniRef100_X28_67~K01091	96.4	272	272	100.0	272	0.0	2e-104	816	98	272	272	2e-104
MAG_AΩX28_69	UniRef100_X28_69~K03303	96.4	235	235	100.0	235	0.0	2e-104	705	98	235	235	2e-104
MAG_AΩZ19_1	UniRef100_Z19_1~K07491	96.4	258	258	100.0	258	0.0	2e-104	774	98	258	258	2e-104
MAG_AΩZ19_2	UniRef100_Z19_2~K07560	96.4	346	346	100.0	346	0.0	2e-104	1038	98	346	346	2e-104
MAG_AΩZ19_3	UniRef100_Z19_3~K01869	96.4	282	282	100.0	282	0.0	2e-104	846	98	282	282	2e-104
MAG_AΩZ19_5	UniRef100_Z19_5~K07114	96.4	356	356	100.0	356	0.0	2e-104	1068	98	356	356	2e-104
MAG_AΩZ19_6	UniRef100_Z19_6~K02075	96.4	267	267	100.0	267	0.0	2e-104	801	98	267	267	2e-104
MAG_AΩZ19_7	UniRef100_Z19_7~K01784	96.4	238	238	100.0	238	0.0	2e-104	714	98	238	238	2e-104
MAG_AΩZ19_8	UniRef100_Z19_8~K04112	96.4	418	418	100.0	418	0.0	2e-104	1254	98	418	418	2e-104
MAG_AΩZ19_9	UniRef100_Z19_9~K12410	96.4	398	398	100.0	398	0.0	2e-104	1194	98	398	398	2e-104
MAG_AΩZ19_10	UniRef100_Z19_10~K15977	96.4	336	336	100.0	336	0.0	2e-104	1008	98	336	336	2e-104
MAG_AΩZ19_12	UniRef100_Z19_12~K09001	96.4	315	315	100.0	315	0.0	2e-104	945	98	315	315	2e-104
MAG_AΩZ19_13	UniRef100_Z19_13~K08483	96.4	285	285	100.0	285	0.0	2e-104	855	98	285	285	2e-104
MAG_AΩZ19_18	UniRef100_Z19_18~K01591	96.4	220	220	100.0	220	0.0	2e-104	660	98	220	220	2e-104
MAG_AΩZ19_20	UniRef100_Z19_20~K00812	96.4	342	342	100.0	342	0.0	2e-104	1026	98	342	342	2e-104
MAG_AΩZ19_21	UniRef100_Z19_21~K03092	96.4	379	379	100.0	379	0.0	2e-104	1137	98	379	379	2e-104
MAG_AΩZ19_22	UniRef100_Z19_22~K07787	96.4	352	352	100.0	352	0.0	2e-104	1056	98	352	352	2e-104
MAG_AΩZ19_23	UniRef100_Z19_23~K01710	96.4	286	286	100.0	286	0.0	2e-104	858	98	286	286	2e-104
MAG_AΩZ19_25	UniRef100_Z19_25~K02337	96.4	329	329	100.0	329	0.0	2e-104	987	98	329	329	2e-104
MAG_AΩZ19_28	UniRef100_Z19_28~K13628	96.4	355	355	100.0	355	0.0	2e-104	1065	98	355	355	2e-104
MAG_AΩZ19_29	UniRef100_Z19_29~K07798	96.4	345	345	100.0	345	0.0	2e-104	1035	98	345	345	2e-104
MAG_AΩZ19_31	UniRef100_Z19_31~K07141	96.4	350	350	100.0	350	0.0	2e-104	1050	98	350	350	2e-104
MAG_AΩZ19_34	UniRef100_Z19_34~K04074	96.4	373	373	100.0	373	0.0	2e-104	1119	98	373	373	2e-104
MAG_AΩZ19_35	UniRef100_Z19_35~K02939	96.4	176	176	100.0	176	0.0	2e-104	528	98	176	176	2e-104
MAG_AΩZ19_36	UniRef100_Z19_36~K00059	96.4	306	306	100.0	306	0.0	2e-104	918	98	306	306	2e-104
MAG_AΩZ19_37	UniRef100_Z19_37~K03885	96.4	291	291	100.0	291	0.0	2e-104	873	98	291	291	2e-104
MAG_AΩZ19_38	UniRef100_Z19_38~K00031	96.4	397	397	100.0	397	0.0	2e-104	1191	98	397	397	2e-104
MAG_AΩZ19_39	UniRef100_Z19_39~K02650	96.4	327	327	100.0	327	0.0	2e-104	981	98	327	327	2e-104
MAG_AΩZ19_40	UniRef100_Z19_40~K02358	96.4	432	432	100.0	432	0.0	2e-104	1296	98	432	432	2e-104
MAG_AΩZ19_41	UniRef100_Z19_41~K01950	96.4	375	375	100.0	375	0.0	2e-104	1125	98	375	375	2e-104
MAG_AΩZ19_44	UniRef100_Z19_44~K01880	96.4	309	309	100.0	309	0.0	2e-104	927	98	309	309	2e-104
MAG_AΩZ19_45	UniRef100_Z19_45~K07391	96.4	393	393	100.0	393	0.0	2e-104	1179	98	393	393	2e-104
MAG_AΩZ19_47	UniRef100_Z19_47~K07082	96.4	219	219	100.0	219	0.0	2e-104	657	98	219	219	2e-104
MAG_AΩZ19_48	UniRef100_Z19_48~K02520	96.4	289	289	100.0	289	0.0	2e-104	867	98	289	289	2e-104
MAG_AΩZ19_49	UniRef100_Z19_49~K02662	96.4	227	227	100.0	227	0.0	2e-104	681	98	227	227	2e-104
MAG_AΩZ19_50	UniRef100_Z19_50~K01067	96.4	366	366	100.0	366	0.0	2e-104	1098	98	366	366	2e-104
MAG_AΩZ19_51	UniRef100_Z19_51~K06925	96.4	219	219	100.0	219	0.0	2e-104	657	98	219	219	2e-104
MAG_AΩZ19_53	UniRef100_Z19_53~K06217	96.4	298	298	100.0	298	0.0	2e-104	894	98	298	298	2e-104
MAG_AΩZ19_54	UniRef100_Z19_54~K06872	96.4	413	413	100.0	413	0.0	2e-104	1239	98	413	413	2e-104
MAG_AΩZ19_55	UniRef100_Z19_55~K02027	96.4	388	388	100.0	388	0.0	2e-104	1164	98	388	388	2e-104
MAG_AΩZ19_56	UniRef100_Z19_56~K01966	96.4	260	260	100.0	260	0.0	2e-104	780	98	260	260	2e-104
MAG_AΩZ19_58	UniRef100_Z19_58~K02948	96.4	262	262	100.0	262	0.0	2e-104	786	98	262	262	2e-104
MAG_AΩZ19_59	UniRef100_Z19_59~K00657	96.4	371	371	100.0	371	0.0	2e-104	1113	98	371	371	2e-104
MAG_AΩZ19_60	UniRef100_Z19_60~K00609	96.4	412	412	100.0	412	0.0	2e-104	1236	98	412	412	2e-104
MAG_AΩZ19_61	UniRef100_Z19_61~K06951	96.4	331	331	100.0	331	0.0	2e-104	993	98	331	331	2e-104
MAG_AΩZ19_63	UniRef100_Z19_63~K02671	96.4	379	379	100.0	379	0.0	2e-104	1137	98	379	379	2e-104
MAG_AΩZ19_64	UniRef100_Z19_64~K13990	96.4	386	386	100.0	386	0.0	2e-104	1158	98	386	386	2e-104
MAG_AΩZ19_66	UniRef100_Z19_66~K03704	96.4	325	325	100.0	325	0.0	2e-104	975	98	325	325	2e-104
MAG_AΩZ19_67	UniRef100_Z19_67~K10255	96.4	335	335	100.0	335	0.0	2e-104	1005	98	335	335	2e-104
MAG_AΩZ19_68	UniRef100_Z19_68~K12132	96.4	249	249	100.0	249	0.0	2e-104	747	98	249	249	2e-104
MAG_AΩZ19_69	UniRef100_Z19_69~K00075	96.4	347	347	100.0	347	0.0	2e-104	1041	98	347	347	2e-104
MAG_AΩZ19_74	UniRef100_Z19_74~K03640	96.4	398	398	100.0	398	0.0	2e-104	1194	98	398	398	2e-104
MAG_AΩZ19_75	UniRef100_Z19_75~K04567	96.4	261	261	100.0	261	0.0	2e-104	783	98	261	261	2e-104
MAG_AΩZ19_82	UniRef100_Z19_82~K01297	96.4	296	296	100.0	296	0.0	2e-104	888	98	296	296	2e-104
MAG_AΩZ19_83	UniRef100_Z19_83~K03076	96.4	380	380	100.0	380	0.0	2e-104	1140	98	380	380	2e-104
MAG_AΩZ19_84	UniRef100_Z19_84~K00343	96.4	455	455	100.0	455	0.0	2e-104	1365	98	455	455	2e-104
MAG_AΩZ19_86	UniRef100_Z19_86~K03977	96.4	323	323	100.0	323	0.0	2e-104	969	98	323	323	2e-104
MAG_AΩZ19_87	UniRef100_Z19_87~K01848	96.4	350	350	100.0	350	0.0	2e-104	1050	98	350	350	2e-104
MAG_AΩZ19_88	UniRef100_Z19_88~K00263	96.4	328	328	100.0	328	0.0	2e-104	984	98	328	328	2e-104
MAG_AΩZ19_89	UniRef100_Z19_89~K00311	96.4	372	372	100.0	372	0.0	2e-104	1116	98	372	372	2e-104
MAG_AΩZ19_92	UniRef100_Z19_92~K02106	96.4	410	410	100.0	410	0.0	2e-104	1230	98	410	410	2e-104
MAG_AΩZ19_95	UniRef100_Z19_95~K07712	96.4	408	408	100.0	408	0.0	2e-104	1224	98	408	408	2e-104
MAG_AΩZ19_96	UniRef100_Z19_96~K02874	96.4	358	358	100.0	358	0.0	2e-104	1074	98	358	358	2e-104
MAG_AΩZ19_97	UniRef100_Z19_97~K00338	96.4	315	315	100.0	315	0.0	2e-104	945	98	315	315	2e-104
MAG_AΩZ19_101	UniRef100_Z19_101~K07124	96.4	409	409	100.0	409	0.0	2e-104	1227	98	409	409	2e-104
MAG_AΩZ19_102	UniRef100_Z19_102~K01887	96.4	313	313	100.0	313	0.0	2e-104	939	98	313	313	2e-104
MAG_AΩZ19_103	UniRef100_Z19_103~K00525	96.4	392	392	100.0	392	0.0	2e-104	1176	98	392	392	2e-104
MAG_AΩZ19_104	UniRef100_Z19_104~K03072	96.4	302	302	100.0	302	0.0	2e-104	906	98	302	302	2e-104
MAG_AΩZ19_105	UniRef100_Z19_105~K00099	96.4	235	235	100.0	235	0.0	2e-104	705	98	235	235	2e-104
MAG_AΩZ19_106	UniRef100_Z19_106~K02004	96.4	415	415	100.0	415	0.0	2e-104	1245	98	415	415	2e-104
MAG_AΩZ19_107	UniRef100_Z19_107~K00786	96.4	345	345	100.0	345	0.0	2e-104	1035	98	345	345	2e-104
MAG_AΩZ19_109	UniRef100_Z19_109~K06180	96.4	276	276	100.0	276	0.0	2e-104	828	98	276	276	2e-104
MAG_AΩZ19_112	UniRef100_Z19_112~K02838	96.4	435	435	100.0	435	0.0	2e-104	1305	98	435	435	2e-104
MAG_AΩZ19_113	UniRef100_Z19_113~K03522	96.4	408	408	100.0	408	0.0	2e-104	1224	98	408	408	2e-104
MAG_AΩZ19_114	UniRef100_Z19_114~K00973	96.4	452	452	100.0	452	0.0	2e-104	1356	98	452	452	2e-104
MAG_AΩZ19_116	UniRef100_Z19_116~K03269	96.4	323	323	100.0	323	0.0	2e-104	969	98	323	323	2e-104
MAG_AΩZ20_1	UniRef100_Z20_1~K03926	96.4	282	282	100.0	282	0.0	2e-104	846	98	282	282	2e-104
MAG_AΩZ20_4	UniRef100_Z20_4~K03596	96.4	302	302	100.0	302	0.0	2e-104	906	98	302	302	2e-104
MAG_AΩZ20_5	UniRef100_Z20_5~K00677	96.4	358	358	100.0	358	0.0	2e-104	1074	98	358	358	2e-104
MAG_AΩZ20_7	UniRef100_Z20_7~K00645	96.4	354	354	100.0	354	0.0	2e-104	1062	98	354	354	2e-104
MAG_AΩZ20_8	UniRef100_Z20_8~K00261	96.4	349	349	100.0	349	0.0	2e-104	1047	98	349	349	2e-104
MAG_AΩZ20_9	UniRef100_Z20_9~K00927	96.4	329	329	100.0	329	0.0	2e-104	987	98	329	329	2e-104
MAG_AΩZ20_12	UniRef100_Z20_12~K03271	96.4	171	171	100.0	171	0.0	2e-104	513	98	171	171	2e-104
MAG_AΩZ20_13	UniRef100_Z20_13~K08999	96.4	333	333	100.0	333	0.0	2e-104	999	98	333	333	2e-104
MAG_AΩZ20_14	UniRef100_Z20_14~K06960	96.4	269	269	100.0	269	0.0	2e-104	807	98	269	269	2e-104
MAG_AΩZ20_15	UniRef100_Z20_15~K01893	96.4	313	313	100.0	313	0.0	2e-104	939	98	313	313	2e-104
MAG_AΩZ20_19	UniRef100_Z20_19~K01868	96.4	407	407	100.0	407	0.0	2e-104	1221	98	407	407	2e-104
MAG_AΩZ20_20	UniRef100_Z20_20~K13643	96.4	368	368	100.0	368	0.0	2e-104	1104	98	368	368	2e-104
MAG_AΩZ20_22	UniRef100_Z20_22~K03101	96.4	398	398	100.0	398	0.0	2e-104	1194	98	398	398	2e-104
MAG_AΩZ20_27	UniRef100_Z20_27~K03183	96.4	321	321	100.0	321	0.0	2e-104	963	98	321	321	2e-104
MAG_AΩZ20_29	UniRef100_Z20_29~K03800	96.4	234	234	100.0	234	0.0	2e-104	702	98	234	234	2e-104
MAG_AΩZ20_30	UniRef100_Z20_30~K01890	96.4	282	282	100.0	282	0.0	2e-104	846	98	282	282	2e-104
MAG_AΩZ20_32	UniRef100_Z20_32~K03086	96.4	281	281	100.0	281	0.0	2e-104	843	98	281	281	2e-104
MAG_AΩZ20_33	UniRef100_Z20_33~K19221	96.4	368	368	100.0	368	0.0	2e-104	1104	98	368	368	2e-104
MAG_AΩZ20_35	UniRef100_Z20_35~K00339	96.4	383	383	100.0	383	0.0	2e-104	1149	98	383	383	2e-104
MAG_AΩZ20_36	UniRef100_Z20_36~K00721	96.4	439	439	100.0	439	0.0	2e-104	1317	98	439	439	2e-104
MAG_AΩZ20_37	UniRef100_Z20_37~K09020	96.4	431	431	100.0	431	0.0	2e-104	1293	98	431	431	2e-104
MAG_AΩZ20_38	UniRef100_Z20_38~K03106	96.4	322	322	100.0	322	0.0	2e-104	966	98	322	322	2e-104
MAG_AΩZ20_40	UniRef100_Z20_40~K01712	96.4	348	348	100.0	348	0.0	2e-104	1044	98	348	348	2e-104
MAG_AΩZ20_41	UniRef100_Z20_41~K16264	96.4	467	467	100.0	467	0.0	2e-104	1401	98	467	467	2e-104
MAG_AΩZ20_42	UniRef100_Z20_42~K01923	96.4	359	359	100.0	359	0.0	2e-104	1077	98	359	359	2e-104
MAG_AΩZ20_43	UniRef100_Z20_43~K03547	96.4	372	372	100.0	372	0.0	2e-104	1116	98	372	372	2e-104
MAG_AΩZ20_44	UniRef100_Z20_44~K01962	96.4	382	382	100.0	382	0.0	2e-104	1146	98	382	382	2e-104
MAG_AΩZ20_46	UniRef100_Z20_46~K08681	96.4	386	386	100.0	386	0.0	2e-104	1158	98	386	386	2e-104
MAG_AΩZ20_47	UniRef100_Z20_47~K09139	96.4	423	423	100.0	423	0.0	2e-104	1269	98	423	423	2e-104
MAG_AΩZ20_49	UniRef100_Z20_49~K13789	96.4	322	322	100.0	322	0.0	2e-104	966	98	322	322	2e-104
MAG_AΩZ20_50	UniRef100_Z20_50~K02347	96.4	335	335	100.0	335	0.0	2e-104	1005	98	335	335	2e-104
MAG_AΩZ20_52	UniRef100_Z20_52~K06941	96.4	353	353	100.0	353	0.0	2e-104	1059	98	353	353	2e-104
MAG_BΩY01_1	UniRef100_Y01_1~K00015	96.4	256	256	100.0	256	0.0	2e-104	768	98	256	256	2e-104
MAG_BΩY01_2	UniRef100_Y01_2~K03627	96.4	266	266	100.0	266	0.0	2e-104	798	98	266	266	2e-104
MAG_BΩY01_4	UniRef100_Y01_4~K07321	96.4	399	399	100.0	399	0.0	2e-104	1197	98	399	399	2e-104
MAG_BΩY01_5	UniRef100_Y01_5~K03552	96.4	248	248	100.0	248	0.0	2e-104	744	98	248	248	2e-104
MAG_BΩY01_7	UniRef100_Y01_7~K05520	96.4	268	268	100.0	268	0.0	2e-104	804	98	268	268	2e-104
MAG_BΩY01_8	UniRef100_Y01_8~K00241	96.4	134	134	100.0	134	0.0	2e-104	402	98	134	134	2e-104
MAG_BΩY01_13	UniRef100_Y01_13~K00425	96.4	189	189	100.0	189	0.0	2e-104	567	98	189	189	2e-104
MAG_BΩY01_17	UniRef100_Y01_17~K03231	96.4	247	247	100.0	247	0.0	2e-104	741	98	247	247	2e-104
MAG_BΩY01_18	UniRef100_Y01_18~K00196	96.4	210	210	100.0	210	0.0	2e-104	630	98	210	210	2e-104
MAG_BΩY01_19	UniRef100_Y01_19~K06883	96.4	286	286	100.0	286	0.0	2e-104	858	98	286	286	2e-104
MAG_BΩY01_21	UniRef100_Y01_21~K06945	96.4	237	237	100.0	237	0.0	2e-104	711	98	237	237	2e-104
MAG_BΩY01_22	UniRef100_Y01_22~K09013	96.4	267	267	100.0	267	0.0	2e-104	801	98	267	267	2e-104
MAG_BΩY01_24	UniRef100_Y01_24~K00059	96.4	320	320	100.0	320	0.0	2e-104	960	98	320	320	2e-104
MAG_BΩY01_25	UniRef100_Y01_25~K03264	96.4	318	318	100.0	318	0.0	2e-104	954	98	318	318	2e-104
MAG_BΩY01_26	UniRef100_Y01_26~K00548	96.4	268	268	100.0	268	0.0	2e-104	804	98	268	268	2e-104
MAG_BΩY01_27	UniRef100_Y01_27~K17717	96.4	322	322	100.0	322	0.0	2e-104	966	98	322	322	2e-104
MAG_BΩY01_31	UniRef100_Y01_31~K01480	96.4	424	424	100.0	424	0.0	2e-104	1272	98	424	424	2e-104
MAG_BΩY01_34	UniRef100_Y01_34~K02049	96.4	194	194	100.0	194	0.0	2e-104	582	98	194	194	2e-104
MAG_BΩY01_35	UniRef100_Y01_35~K01714	96.4	301	301	100.0	301	0.0	2e-104	903	98	301	301	2e-104
MAG_BΩY01_39	UniRef100_Y01_39~K11392	96.4	267	267	100.0	267	0.0	2e-104	801	98	267	267	2e-104
MAG_BΩY01_40	UniRef100_Y01_40~K01885	96.4	344	344	100.0	344	0.0	2e-104	1032	98	344	344	2e-104
MAG_BΩY01_41	UniRef100_Y01_41~K10844	96.4	382	382	100.0	382	0.0	2e-104	1146	98	382	382	2e-104
MAG_BΩY01_43	UniRef100_Y01_43~K19142	96.4	337	337	100.0	337	0.0	2e-104	1011	98	337	337	2e-104
MAG_BΩY01_47	UniRef100_Y01_47~K07129	96.4	291	291	100.0	291	0.0	2e-104	873	98	291	291	2e-104
MAG_BΩY01_48	UniRef100_Y01_48~K01905	96.4	316	316	100.0	316	0.0	2e-104	948	98	316	316	2e-104
MAG_BΩY01_54	UniRef100_Y01_54~K07244	96.4	237	237	100.0	237	0.0	2e-104	711	98	237	237	2e-104
MAG_BΩY01_55	UniRef100_Y01_55~K02117	96.4	278	278	100.0	278	0.0	2e-104	834	98	278	278	2e-104
MAG_BΩY01_56	UniRef100_Y01_56~K01939	96.4	322	322	100.0	322	0.0	2e-104	966	98	322	322	2e-104
MAG_BΩY01_58	UniRef100_Y01_58~K01940	96.4	307	307	100.0	307	0.0	2e-104	921	98	307	307	2e-104
MAG_BΩY01_59	UniRef100_Y01_59~K06013	96.4	272	272	100.0	272	0.0	2e-104	816	98	272	272	2e-104
MAG_BΩY01_60	UniRef100_Y01_60~K06215	96.4	211	211	100.0	211	0.0	2e-104	633	98	211	211	2e-104
MAG_BΩY01_61	UniRef100_Y01_61~K02966	96.4	335	335	100.0	335	0.0	2e-104	1005	98	335	335	2e-104
MAG_BΩY01_63	UniRef100_Y01_63~K15496	96.4	263	263	100.0	263	0.0	2e-104	789	98	263	263	2e-104
MAG_BΩY01_66	UniRef100_Y01_66~K03531	96.4	354	354	100.0	354	0.0	2e-104	1062	98	354	354	2e-104
MAG_BΩY01_67	UniRef100_Y01_67~K00800	96.4	234	234	100.0	234	0.0	2e-104	702	98	234	234	2e-104
MAG_BΩY01_68	UniRef100_Y01_68~K03531	96.4	311	311	100.0	311	0.0	2e-104	933	98	311	311	2e-104
MAG_BΩY01_69	UniRef100_Y01_69~K02121	96.4	281	281	100.0	281	0.0	2e-104	843	98	281	281	2e-104
MAG_BΩY01_72	UniRef100_Y01_72~K15497	96.4	353	353	100.0	353	0.0	2e-104	1059	98	353	353	2e-104
MAG_BΩY01_75	UniRef100_Y01_75~K03738	96.4	294	294	100.0	294	0.0	2e-104	882	98	294	294	2e-104
MAG_BΩY01_77	UniRef100_Y01_77~K01990	96.4	329	329	100.0	329	0.0	2e-104	987	98	329	329	2e-104
MAG_BΩY01_78	UniRef100_Y01_78~K06883	96.4	238	238	100.0	238	0.0	2e-104	714	98	238	238	2e-104
MAG_BΩY01_80	UniRef100_Y01_80~K17995	96.4	242	242	100.0	242	0.0	2e-104	726	98	242	242	2e-104
MAG_BΩY01_81	UniRef100_Y01_81~K02028	96.4	309	309	100.0	309	0.0	2e-104	927	98	309	309	2e-104
MAG_BΩY01_82	UniRef100_Y01_82~K00175	96.4	284	284	100.0	284	0.0	2e-104	852	98	284	284	2e-104
MAG_BΩY01_83	UniRef100_Y01_83~K02077	96.4	254	254	100.0	254	0.0	2e-104	762	98	254	254	2e-104
MAG_BΩY01_84	UniRef100_Y01_84~K03057	96.4	370	370	100.0	370	0.0	2e-104	1110	98	370	370	2e-104
MAG_BΩY01_85	UniRef100_Y01_85~K05828	96.4	342	342	100.0	342	0.0	2e-104	1026	98	342	342	2e-104
MAG_BΩY01_89	UniRef100_Y01_89~K01738	96.4	293	293	100.0	293	0.0	2e-104	879	98	293	293	2e-104
MAG_BΩY01_95	UniRef100_Y01_95~K02035	96.4	235	235	100.0	235	0.0	2e-104	705	98	235	235	2e-104
MAG_BΩY01_96	UniRef100_Y01_96~K07250	96.4	390	390	100.0	390	0.0	2e-104	1170	98	390	390	2e-104
MAG_BΩY01_98	UniRef100_Y01_98~K01777	96.4	305	305	100.0	305	0.0	2e-104	915	98	305	305	2e-104
MAG_BΩY01_101	UniRef100_Y01_101~K01687	96.4	212	212	100.0	212	0.0	2e-104	636	98	212	212	2e-104
MAG_BΩY01_102	UniRef100_Y01_102~K07732	96.4	366	366	100.0	366	0.0	2e-104	1098	98	366	366	2e-104
MAG_BΩY01_103	UniRef100_Y01_103~K15778	96.4	310	310	100.0	310	0.0	2e-104	930	98	310	310	2e-104
MAG_BΩY01_106	UniRef100_Y01_106~K01338	96.4	271	271	100.0	271	0.0	2e-104	813	98	271	271	2e-104
MAG_BΩY02_1	UniRef100_Y02_1~K08094	96.4	301	301	100.0	301	0.0	2e-104	903	98	301	301	2e-104
MAG_BΩY02_6	UniRef100_Y02_6~K01998	96.4	334	334	100.0	334	0.0	2e-104	1002	98	334	334	2e-104
MAG_BΩY02_7	UniRef100_Y02_7~K04802	96.4	285	285	100.0	285	0.0	2e-104	855	98	285	285	2e-104
MAG_BΩY02_9	UniRef100_Y02_9~K00053	96.4	321	321	100.0	321	0.0	2e-104	963	98	321	321	2e-104
MAG_BΩY02_11	UniRef100_Y02_11~K01470	96.4	248	248	100.0	248	0.0	2e-104	744	98	248	248	2e-104
MAG_BΩY02_14	UniRef100_Y02_14~K01611	96.4	294	294	100.0	294	0.0	2e-104	882	98	294	294	2e-104
MAG_BΩY02_15	UniRef100_Y02_15~K03800	96.4	203	203	100.0	203	0.0	2e-104	609	98	203	203	2e-104
MAG_BΩY02_16	UniRef100_Y02_16~K09126	96.4	263	263	100.0	263	0.0	2e-104	789	98	263	263	2e-104
MAG_BΩY02_19	UniRef100_Y02_19~K02867	96.4	306	306	100.0	306	0.0	2e-104	918	98	306	306	2e-104
MAG_BΩY02_20	UniRef100_Y02_20~K17105	96.4	225	225	100.0	225	0.0	2e-104	675	98	225	225	2e-104
MAG_BΩY02_22	UniRef100_Y02_22~K06957	96.4	227	227	100.0	227	0.0	2e-104	681	98	227	227	2e-104
MAG_BΩY02_23	UniRef100_Y02_23~K06921	96.4	295	295	100.0	295	0.0	2e-104	885	98	295	295	2e-104
MAG_BΩY02_24	UniRef100_Y02_24~K01892	96.4	312	312	100.0	312	0.0	2e-104	936	98	312	312	2e-104
MAG_BΩY02_27	UniRef100_Y02_27~K02034	96.4	304	304	100.0	304	0.0	2e-104	912	98	304	304	2e-104
MAG_BΩY02_28	UniRef100_Y02_28~K02961	96.4	298	298	100.0	298	0.0	2e-104	894	98	298	298	2e-104
MAG_BΩY02_29	UniRef100_Y02_29~K16785	96.4	268	268	100.0	268	0.0	2e-104	804	98	268	268	2e-104
MAG_BΩY02_30	UniRef100_Y02_30~K01876	96.4	261	261	100.0	261	0.0	2e-104	783	98	261	261	2e-104
MAG_BΩY02_32	UniRef100_Y02_32~K03718	96.4	301	301	100.0	301	0.0	2e-104	903	98	301	301	2e-104
MAG_BΩY02_34	UniRef100_Y02_34~K00339	96.4	303	303	100.0	303	0.0	2e-104	909	98	303	303	2e-104
MAG_BΩY02_36	UniRef100_Y02_36~K06937	96.4	332	332	100.0	332	0.0	2e-104	996	98	332	332	2e-104
MAG_BΩY02_37	UniRef100_Y02_37~K02956	96.4	289	289	100.0	289	0.0	2e-104	867	98	289	289	2e-104
MAG_BΩY02_40	UniRef100_Y02_40~K09127	96.4	454	454	100.0	454	0.0	2e-104	1362	98	454	454	2e-104
MAG_BΩY02_41	UniRef100_Y02_41~K04796	96.4	206	206	100.0	206	0.0	2e-104	618	98	206	206	2e-104
MAG_BΩY02_42	UniRef100_Y02_42~K00001	96.4	307	307	100.0	307	0.0	2e-104	921	98	307	307	2e-104
MAG_BΩY02_43	UniRef100_Y02_43~K00812	96.4	314	314	100.0	314	0.0	2e-104	942	98	314	314	2e-104
MAG_BΩY02_49	UniRef100_Y02_49~K07496	96.4	381	381	100.0	381	0.0	2e-104	1143	98	381	381	2e-104
MAG_BΩY02_51	UniRef100_Y02_51~K07446	96.4	326	326	100.0	326	0.0	2e-104	978	98	326	326	2e-104
MAG_BΩY02_56	UniRef100_Y02_56~K00338	96.4	324	324	100.0	324	0.0	2e-104	972	98	324	324	2e-104
MAG_BΩY02_59	UniRef100_Y02_59~K00171	96.4	317	317	100.0	317	0.0	2e-104	951	98	317	317	2e-104
MAG_BΩY02_60	UniRef100_Y02_60~K00820	96.4	290	290	100.0	290	0.0	2e-104	870	98	290	290	2e-104
MAG_BΩY02_62	UniRef100_Y02_62~K07496	96.4	269	269	100.0	269	0.0	2e-104	807	98	269	269	2e-104
MAG_BΩY02_63	UniRef100_Y02_63~K00249	96.4	185	185	100.0	185	0.0	2e-104	555	98	185	185	2e-104
MAG_BΩY02_65	UniRef100_Y02_65~K09721	96.4	331	331	100.0	331	0.0	2e-104	993	98	331	331	2e-104
MAG_BΩY02_67	UniRef100_Y02_67~K06153	96.4	197	197	100.0	197	0.0	2e-104	591	98	197	197	2e-104
MAG_BΩY02_68	UniRef100_Y02_68~K01677	96.4	339	339	100.0	339	0.0	2e-104	1017	98	339	339	2e-104
MAG_BΩY02_69	UniRef100_Y02_69~K04069	96.4	263	263	100.0	263	0.0	2e-104	789	98	263	263	2e-104
MAG_BΩY02_70	UniRef100_Y02_70~K07133	96.4	321	321	100.0	321	0.0	2e-104	963	98	321	321	2e-104
MAG_BΩY02_71	UniRef100_Y02_71~K03389	96.4	276	276	100.0	276	0.0	2e-104	828	98	276	276	2e-104
MAG_BΩY02_72	UniRef100_Y02_72~K06947	96.4	386	386	100.0	386	0.0	2e-104	1158	98	386	386	2e-104
MAG_BΩY02_73	UniRef100_Y02_73~K01999	96.4	354	354	100.0	354	0.0	2e-104	1062	98	354	354	2e-104
MAG_BΩY02_74	UniRef100_Y02_74~K06953	96.4	310	310	100.0	310	0.0	2e-104	930	98	310	310	2e-104
MAG_BΩY02_76	UniRef100_Y02_76~K08851	96.4	276	276	100.0	276	0.0	2e-104	828	98	276	276	2e-104
MAG_BΩY02_77	UniRef100_Y02_77~K02533	96.4	202	202	100.0	202	0.0	2e-104	606	98	202	202	2e-104
MAG_BΩY02_79	UniRef100_Y02_79~K02339	96.4	294	294	100.0	294	0.0	2e-104	882	98	294	294	2e-104
MAG_BΩY02_80	UniRef100_Y02_80~K03433	96.4	347	347	100.0	347	0.0	2e-104	1041	98	347	347	2e-104
MAG_BΩY02_82	UniRef100_Y02_82~K06915	96.4	372	372	100.0	372	0.0	2e-104	1116	98	372	372	2e-104
MAG_BΩY02_83	UniRef100_Y02_83~K14170	96.4	282	282	100.0	282	0.0	2e-104	846	98	282	282	2e-104
MAG_BΩY02_85	UniRef100_Y02_85~K14561	96.4	269	269	100.0	269	0.0	2e-104	807	98	269	269	2e-104
MAG_BΩY02_87	UniRef100_Y02_87~K02991	96.4	343	343	100.0	343	0.0	2e-104	1029	98	343	343	2e-104
MAG_BΩY02_89	UniRef100_Y02_89~K05520	96.4	341	341	100.0	341	0.0	2e-104	1023	98	341	341	2e-104
MAG_BΩY02_90	UniRef100_Y02_90~K02874	96.4	241	241	100.0	241	0.0	2e-104	723	98	241	241	2e-104
MAG_BΩY02_92	UniRef100_Y02_92~K09141	96.4	266	266	100.0	266	0.0	2e-104	798	98	266	266	2e-104
MAG_BΩY02_94	UniRef100_Y02_94~K07466	96.4	287	287	100.0	287	0.0	2e-104	861	98	287	287	2e-104
MAG_BΩY02_96	UniRef100_Y02_96~K00067	96.4	277	277	100.0	277	0.0	2e-104	831	98	277	277	2e-104
MAG_BΩY02_98	UniRef100_Y02_98~K03622	96.4	209	209	100.0	209	0.0	2e-104	627	98	209	209	2e-104
MAG_BΩY02_99	UniRef100_Y02_99~K06929	96.4	239	239	100.0	239	0.0	2e-104	717	98	239	239	2e-104
MAG_BΩY02_100	UniRef100_Y02_100~K14656	96.4	324	324	100.0	324	0.0	2e-104	972	98	324	324	2e-104
MAG_BΩY02_101	UniRef100_Y02_101~K00820	96.4	202	202	100.0	202	0.0	2e-104	606	98	202	202	2e-104
MAG_BΩY02_102	UniRef100_Y02_102~K00283	96.4	277	277	100.0	277	0.0	2e-104	831	98	277	277	2e-104
MAG_BΩY02_103	UniRef100_Y02_103~K00549	96.4	302	302	100.0	302	0.0	2e-104	906	98	302	302	2e-104
MAG_BΩY03_1	UniRef100_Y03_1~K07090	96.4	305	305	100.0	305	0.0	2e-104	915	98	305	305	2e-104
MAG_BΩY03_2	UniRef100_Y03_2~K15865	96.4	289	289	100.0	289	0.0	2e-104	867	98	289	289	2e-104
MAG_BΩY03_6	UniRef100_Y03_6~K03718	96.4	315	315	100.0	315	0.0	2e-104	945	98	315	315	2e-104
MAG_BΩY03_7	UniRef100_Y03_7~K03709	96.4	259	259	100.0	259	0.0	2e-104	777	98	259	259	2e-104
MAG_BΩY03_9	UniRef100_Y03_9~K01992	96.4	301	301	100.0	301	0.0	2e-104	903	98	301	301	2e-104
MAG_BΩY03_10	UniRef100_Y03_10~K17830	96.4	286	286	100.0	286	0.0	2e-104	858	98	286	286	2e-104
MAG_BΩY03_11	UniRef100_Y03_11~K03719	96.4	211	211	100.0	211	0.0	2e-104	633	98	211	211	2e-104
MAG_BΩY03_12	UniRef100_Y03_12~K00759	96.4	337	337	100.0	337	0.0	2e-104	1011	98	337	337	2e-104
MAG_BΩY03_13	UniRef100_Y03_13~K07472	96.4	273	273	100.0	273	0.0	2e-104	819	98	273	273	2e-104
MAG_BΩY03_14	UniRef100_Y03_14~K00812	96.4	269	269	100.0	269	0.0	2e-104	807	98	269	269	2e-104
MAG_BΩY03_15	UniRef100_Y03_15~K19548	96.4	310	310	100.0	310	0.0	2e-104	930	98	310	310	2e-104
MAG_BΩY03_16	UniRef100_Y03_16~K00858	96.4	361	361	100.0	361	0.0	2e-104	1083	98	361	361	2e-104
MAG_BΩY03_17	UniRef100_Y03_17~K02885	96.4	335	335	100.0	335	0.0	2e-104	1005	98	335	335	2e-104
MAG_BΩY03_18	UniRef100_Y03_18~K19064	96.4	332	332	100.0	332	0.0	2e-104	996	98	332	332	2e-104
MAG_BΩY03_19	UniRef100_Y03_19~K11646	96.4	309	309	100.0	309	0.0	2e-104	927	98	309	309	2e-104
MAG_BΩY03_22	UniRef100_Y03_22~K09140	96.4	287	287	100.0	287	0.0	2e-104	861	98	287	287	2e-104
MAG_BΩY03_23	UniRef100_Y03_23~K04069	96.4	379	379	100.0	379	0.0	2e-104	1137	98	379	379	2e-104
MAG_BΩY03_27	UniRef100_Y03_27~K01755	96.4	295	295	100.0	295	0.0	2e-104	885	98	295	295	2e-104
MAG_BΩY03_29	UniRef100_Y03_29~K07096	96.4	136	136	100.0	136	0.0	2e-104	408	98	136	136	2e-104
MAG_BΩY04_1	UniRef100_Y04_1~K01996	96.4	242	242	100.0	242	0.0	2e-104	726	98	242	242	2e-104
MAG_BΩY04_2	UniRef100_Y04_2~K02933	96.4	365	365	100.0	365	0.0	2e-104	1095	98	365	365	2e-104
MAG_BΩY04_4	UniRef100_Y04_4~K02033	96.4	275	275	100.0	275	0.0	2e-104	825	98	275	275	2e-104
MAG_BΩY04_7	UniRef100_Y04_7~K15789	96.4	237	237	100.0	237	0.0	2e-104	711	98	237	237	2e-104
MAG_BΩY04_8	UniRef100_Y04_8~K01704	96.4	347	347	100.0	347	0.0	2e-104	1041	98	347	347	2e-104
MAG_BΩY04_9	UniRef100_Y04_9~K01845	96.4	278	278	100.0	278	0.0	2e-104	834	98	278	278	2e-104
MAG_BΩY04_10	UniRef100_Y04_10~K00283	96.4	236	236	100.0	236	0.0	2e-104	708	98	236	236	2e-104
MAG_BΩY04_12	UniRef100_Y04_12~K03969	96.4	354	354	100.0	354	0.0	2e-104	1062	98	354	354	2e-104
MAG_BΩY04_13	UniRef100_Y04_13~K00266	96.4	273	273	100.0	273	0.0	2e-104	819	98	273	273	2e-104
MAG_BΩY04_14	UniRef100_Y04_14~K00014	96.4	351	351	100.0	351	0.0	2e-104	1053	98	351	351	2e-104
MAG_BΩY04_15	UniRef100_Y04_15~K00111	96.4	321	321	100.0	321	0.0	2e-104	963	98	321	321	2e-104
MAG_BΩY04_16	UniRef100_Y04_16~K00852	96.4	343	343	100.0	343	0.0	2e-104	1029	98	343	343	2e-104
MAG_BΩY04_18	UniRef100_Y04_18~K02037	96.4	320	320	100.0	320	0.0	2e-104	960	98	320	320	2e-104
MAG_BΩY04_19	UniRef100_Y04_19~K07150	96.4	289	289	100.0	289	0.0	2e-104	867	98	289	289	2e-104
MAG_BΩY04_20	UniRef100_Y04_20~K01586	96.4	332	332	100.0	332	0.0	2e-104	996	98	332	332	2e-104
MAG_BΩY04_21	UniRef100_Y04_21~K00948	96.4	173	173	100.0	173	0.0	2e-104	519	98	173	173	2e-104
MAG_BΩY04_22	UniRef100_Y04_22~K01937	96.4	292	292	100.0	292	0.0	2e-104	876	98	292	292	2e-104
MAG_BΩY04_23	UniRef100_Y04_23~K02915	96.4	322	322	100.0	322	0.0	2e-104	966	98	322	322	2e-104
MAG_BΩY04_24	UniRef100_Y04_24~K16787	96.4	281	281	100.0	281	0.0	2e-104	843	98	281	281	2e-104
MAG_BΩY04_27	UniRef100_Y04_27~K06940	96.4	285	285	100.0	285	0.0	2e-104	855	98	285	285	2e-104
MAG_BΩY04_28	UniRef100_Y04_28~K07087	96.4	230	230	100.0	230	0.0	2e-104	690	98	230	230	2e-104
MAG_BΩY04_30	UniRef100_Y04_30~K02040	96.4	284	284	100.0	284	0.0	2e-104	852	98	284	284	2e-104
MAG_BΩY04_31	UniRef100_Y04_31~K00027	96.4	331	331	100.0	331	0.0	2e-104	993	98	331	331	2e-104
MAG_BΩY04_34	UniRef100_Y04_34~K02890	96.4	279	279	100.0	279	0.0	2e-104	837	98	279	279	2e-104
MAG_BΩY04_35	UniRef100_Y04_35~K06877	96.4	397	397	100.0	397	0.0	2e-104	1191	98	397	397	2e-104
MAG_BΩY04_38	UniRef100_Y04_38~K02123	96.4	263	263	100.0	263	0.0	2e-104	789	98	263	263	2e-104
MAG_BΩY04_39	UniRef100_Y04_39~K09157	96.4	337	337	100.0	337	0.0	2e-104	1011	98	337	337	2e-104
MAG_BΩY04_41	UniRef100_Y04_41~K02493	96.4	261	261	100.0	261	0.0	2e-104	783	98	261	261	2e-104
MAG_BΩY04_42	UniRef100_Y04_42~K03636	96.4	346	346	100.0	346	0.0	2e-104	1038	98	346	346	2e-104
MAG_BΩY04_47	UniRef100_Y04_47~K02006	96.4	306	306	100.0	306	0.0	2e-104	918	98	306	306	2e-104
MAG_BΩY04_48	UniRef100_Y04_48~K03234	96.4	275	275	100.0	275	0.0	2e-104	825	98	275	275	2e-104
MAG_BΩY04_52	UniRef100_Y04_52~K00762	96.4	241	241	100.0	241	0.0	2e-104	723	98	241	241	2e-104
MAG_BΩY04_55	UniRef100_Y04_55~K13280	96.4	336	336	100.0	336	0.0	2e-104	1008	98	336	336	2e-104
MAG_BΩY04_56	UniRef100_Y04_56~K03574	96.4	211	211	100.0	211	0.0	2e-104	633	98	211	211	2e-104
MAG_BΩY04_57	UniRef100_Y04_57~K02057	96.4	250	250	100.0	250	0.0	2e-104	750	98	250	250	2e-104
MAG_BΩY04_60	UniRef100_Y04_60~K05827	96.4	279	279	100.0	279	0.0	2e-104	837	98	279	279	2e-104
MAG_BΩY04_61	UniRef100_Y04_61~K11600	96.4	359	359	100.0	359	0.0	2e-104	1077	98	359	359	2e-104
MAG_BΩY04_62	UniRef100_Y04_62~K07558	96.4	343	343	100.0	343	0.0	2e-104	1029	98	343	343	2e-104
MAG_BΩY04_63	UniRef100_Y04_63~K02864	96.4	274	274	100.0	274	0.0	2e-104	822	98	274	274	2e-104
MAG_BΩY04_65	UniRef100_Y04_65~K01803	96.4	259	259	100.0	259	0.0	2e-104	777	98	259	259	2e-104
MAG_BΩY04_66	UniRef100_Y04_66~K02549	96.4	319	319	100.0	319	0.0	2e-104	957	98	319	319	2e-104
MAG_BΩY04_67	UniRef100_Y04_67~K00240	96.4	280	280	100.0	280	0.0	2e-104	840	98	280	280	2e-104
MAG_BΩY04_69	UniRef100_Y04_69~K00952	96.4	241	241	100.0	241	0.0	2e-104	723	98	241	241	2e-104
MAG_BΩY04_71	UniRef100_Y04_71~K02881	96.4	321	321	100.0	321	0.0	2e-104	963	98	321	321	2e-104
MAG_BΩY04_72	UniRef100_Y04_72~K00198	96.4	256	256	100.0	256	0.0	2e-104	768	98	256	256	2e-104
MAG_BΩY04_73	UniRef100_Y04_73~K02033	96.4	267	267	100.0	267	0.0	2e-104	801	98	267	267	2e-104
MAG_BΩY04_74	UniRef100_Y04_74~K01858	96.4	362	362	100.0	362	0.0	2e-104	1086	98	362	362	2e-104
MAG_BΩY04_75	UniRef100_Y04_75~K03179	96.4	295	295	100.0	295	0.0	2e-104	885	98	295	295	2e-104
MAG_BΩY04_76	UniRef100_Y04_76~K04800	96.4	331	331	100.0	331	0.0	2e-104	993	98	331	331	2e-104
MAG_BΩY04_77	UniRef100_Y04_77~K03785	96.4	237	237	100.0	237	0.0	2e-104	711	98	237	237	2e-104
MAG_BΩY04_78	UniRef100_Y04_78~K01974	96.4	394	394	100.0	394	0.0	2e-104	1182	98	394	394	2e-104
MAG_BΩY05_1	UniRef100_Y05_1~K07012	96.4	345	345	100.0	345	0.0	2e-104	1035	98	345	345	2e-104
MAG_BΩY05_2	UniRef100_Y05_2~K01622	96.4	362	362	100.0	362	0.0	2e-104	1086	98	362	362	2e-104
MAG_BΩY05_3	UniRef100_Y05_3~K02036	96.4	368	368	100.0	368	0.0	2e-104	1104	98	368	368	2e-104
MAG_BΩY05_4	UniRef100_Y05_4~K02965	96.4	330	330	100.0	330	0.0	2e-104	990	98	330	330	2e-104
MAG_BΩY05_6	UniRef100_Y05_6~K03718	96.4	237	237	100.0	237	0.0	2e-104	711	98	237	237	2e-104
MAG_BΩY05_7	UniRef100_Y05_7~K02907	96.4	294	294	100.0	294	0.0	2e-104	882	98	294	294	2e-104
MAG_BΩY05_8	UniRef100_Y05_8~K03120	96.4	361	361	100.0	361	0.0	2e-104	1083	98	361	361	2e-104
MAG_BΩY05_9	UniRef100_Y05_9~K02124	96.4	309	309	100.0	309	0.0	2e-104	927	98	309	309	2e-104
MAG_BΩY05_10	UniRef100_Y05_10~K03237	96.4	298	298	100.0	298	0.0	2e-104	894	98	298	298	2e-104
MAG_BΩY05_11	UniRef100_Y05_11~K02683	96.4	279	279	100.0	279	0.0	2e-104	837	98	279	279	2e-104
MAG_BΩY05_13	UniRef100_Y05_13~K03653	96.4	282	282	100.0	282	0.0	2e-104	846	98	282	282	2e-104
MAG_BΩY05_15	UniRef100_Y05_15~K03593	96.4	290	290	100.0	290	0.0	2e-104	870	98	290	290	2e-104
MAG_BΩY05_17	UniRef100_Y05_17~K19064	96.4	255	255	100.0	255	0.0	2e-104	765	98	255	255	2e-104
MAG_BΩY05_18	UniRef100_Y05_18~K01874	96.4	353	353	100.0	353	0.0	2e-104	1059	98	353	353	2e-104
MAG_BΩY05_20	UniRef100_Y05_20~K00052	96.4	358	358	100.0	358	0.0	2e-104	1074	98	358	358	2e-104
MAG_BΩY05_21	UniRef100_Y05_21~K00872	96.4	315	315	100.0	315	0.0	2e-104	945	98	315	315	2e-104
MAG_BΩY05_24	UniRef100_Y05_24~K00600	96.4	286	286	100.0	286	0.0	2e-104	858	98	286	286	2e-104
MAG_BΩY05_28	UniRef100_Y05_28~K14597	96.4	371	371	100.0	371	0.0	2e-104	1113	98	371	371	2e-104
MAG_BΩY05_29	UniRef100_Y05_29~K10725	96.4	381	381	100.0	381	0.0	2e-104	1143	98	381	381	2e-104
MAG_BΩY05_34	UniRef100_Y05_34~K03605	96.4	295	295	100.0	295	0.0	2e-104	885	98	295	295	2e-104
MAG_BΩY05_36	UniRef100_Y05_36~K03521	96.4	213	213	100.0	213	0.0	2e-104	639	98	213	213	2e-104
MAG_BΩY05_37	UniRef100_Y05_37~K01179	96.4	127	127	100.0	127	0.0	2e-104	381	98	127	127	2e-104
MAG_BΩY05_38	UniRef100_Y05_38~K06154	96.4	304	304	100.0	304	0.0	2e-104	912	98	304	304	2e-104
MAG_BΩY05_41	UniRef100_Y05_41~K03718	96.4	340	340	100.0	340	0.0	2e-104	1020	98	340	340	2e-104
MAG_BΩY05_43	UniRef100_Y05_43~K02323	96.4	262	262	100.0	262	0.0	2e-104	786	98	262	262	2e-104
MAG_BΩY05_44	UniRef100_Y05_44~K04655	96.4	318	318	100.0	318	0.0	2e-104	954	98	318	318	2e-104
MAG_BΩY05_45	UniRef100_Y05_45~K01689	96.4	310	310	100.0	310	0.0	2e-104	930	98	310	310	2e-104
MAG_BΩY05_46	UniRef100_Y05_46~K01995	96.4	283	283	100.0	283	0.0	2e-104	849	98	283	283	2e-104
MAG_BΩY05_48	UniRef100_Y05_48~K02034	96.4	380	380	100.0	380	0.0	2e-104	1140	98	380	380	2e-104
MAG_BΩY05_51	UniRef100_Y05_51~K09516	96.4	281	281	100.0	281	0.0	2e-104	843	98	281	281	2e-104
MAG_BΩY05_52	UniRef100_Y05_52~K03652	96.4	151	151	100.0	151	0.0	2e-104	453	98	151	151	2e-104
MAG_BΩY05_53	UniRef100_Y05_53~K00567	96.4	272	272	100.0	272	0.0	2e-104	816	98	272	272	2e-104
MAG_BΩY05_56	UniRef100_Y05_56~K00003	96.4	241	241	100.0	241	0.0	2e-104	723	98	241	241	2e-104
MAG_BΩY05_57	UniRef100_Y05_57~K01641	96.4	337	337	100.0	337	0.0	2e-104	1011	98	337	337	2e-104
MAG_BΩY05_58	UniRef100_Y05_58~K03432	96.4	302	302	100.0	302	0.0	2e-104	906	98	302	302	2e-104
MAG_BΩY05_60	UniRef100_Y05_60~K07182	96.4	247	247	100.0	247	0.0	2e-104	741	98	247	247	2e-104
MAG_BΩY05_61	UniRef100_Y05_61~K08482	96.4	294	294	100.0	294	0.0	2e-104	882	98	294	294	2e-104
MAG_BΩY05_62	UniRef100_Y05_62~K03146	96.4	278	278	100.0	278	0.0	2e-104	834	98	278	278	2e-104
MAG_BΩY05_66	UniRef100_Y05_66~K02930	96.4	319	319	100.0	319	0.0	2e-104	957	98	319	319	2e-104
MAG_BΩY05_68	UniRef100_Y05_68~K07566	96.4	229	229	100.0	229	0.0	2e-104	687	98	229	229	2e-104
MAG_BΩY05_70	UniRef100_Y05_70~K02984	96.4	322	322	100.0	322	0.0	2e-104	966	98	322	322	2e-104
MAG_BΩY05_72	UniRef100_Y05_72~K09732	96.4	249	249	100.0	249	0.0	2e-104	747	98	249	249	2e-104
MAG_BΩY05_73	UniRef100_Y05_73~K02962	96.4	224	224	100.0	224	0.0	2e-104	672	98	224	224	2e-104
MAG_BΩY05_75	UniRef100_Y05_75~K07496	96.4	343	343	100.0	343	0.0	2e-104	1029	98	343	343	2e-104
MAG_BΩY05_76	UniRef100_Y05_76~K01872	96.4	359	359	100.0	359	0.0	2e-104	1077	98	359	359	2e-104
MAG_BΩY05_78	UniRef100_Y05_78~K01439	96.4	196	196	100.0	196	0.0	2e-104	588	98	196	196	2e-104
MAG_BΩY05_81	UniRef100_Y05_81~K07142	96.4	240	240	100.0	240	0.0	2e-104	720	98	240	240	2e-104
MAG_BΩY05_82	UniRef100_Y05_82~K03168	96.4	198	198	100.0	198	0.0	2e-104	594	98	198	198	2e-104
MAG_BΩY05_83	UniRef100_Y05_83~K02032	96.4	308	308	100.0	308	0.0	2e-104	924	98	308	308	2e-104
MAG_BΩY05_84	UniRef100_Y05_84~K08281	96.4	294	294	100.0	294	0.0	2e-104	882	98	294	294	2e-104
MAG_BΩY05_85	UniRef100_Y05_85~K01992	96.4	263	263	100.0	263	0.0	2e-104	789	98	263	263	2e-104
MAG_BΩY05_88	UniRef100_Y05_88~K01439	96.4	279	279	100.0	279	0.0	2e-104	837	98	279	279	2e-104
MAG_BΩY05_89	UniRef100_Y05_89~K00610	96.4	319	319	100.0	319	0.0	2e-104	957	98	319	319	2e-104
MAG_BΩY05_90	UniRef100_Y05_90~K02877	96.4	281	281	100.0	281	0.0	2e-104	843	98	281	281	2e-104
MAG_BΩY05_91	UniRef100_Y05_91~K02058	96.4	255	255	100.0	255	0.0	2e-104	765	98	255	255	2e-104
MAG_BΩY05_94	UniRef100_Y05_94~K00812	96.4	279	279	100.0	279	0.0	2e-104	837	98	279	279	2e-104
MAG_BΩY05_96	UniRef100_Y05_96~K17993	96.4	233	233	100.0	233	0.0	2e-104	699	98	233	233	2e-104
MAG_BΩY05_97	UniRef100_Y05_97~K02975	96.4	246	246	100.0	246	0.0	2e-104	738	98	246	246	2e-104
MAG_BΩY05_99	UniRef100_Y05_99~K07025	96.4	216	216	100.0	216	0.0	2e-104	648	98	216	216	2e-104
MAG_BΩY05_101	UniRef100_Y05_101~K06176	96.4	264	264	100.0	264	0.0	2e-104	792	98	264	264	2e-104
MAG_BΩY05_104	UniRef100_Y05_104~K05826	96.4	306	306	100.0	306	0.0	2e-104	918	98	306	306	2e-104
MAG_BΩY05_106	UniRef100_Y05_106~K04070	96.4	194	194	100.0	194	0.0	2e-104	582	98	194	194	2e-104
MAG_BΩY05_107	UniRef100_Y05_107~K02056	96.4	364	364	100.0	364	0.0	2e-104	1092	98	364	364	2e-104
MAG_BΩY05_108	UniRef100_Y05_108~K02929	96.4	299	299	100.0	299	0.0	2e-104	897	98	299	299	2e-104
MAG_BΩY05_111	UniRef100_Y05_111~K07013	96.4	336	336	100.0	336	0.0	2e-104	1008	98	336	336	2e-104
MAG_BΩY06_1	UniRef100_Y06_1~K07064	96.4	334	334	100.0	334	0.0	2e-104	1002	98	334	334	2e-104
MAG_BΩY06_2	UniRef100_Y06_2~K02523	96.4	320	320	100.0	320	0.0	2e-104	960	98	320	320	2e-104
MAG_BΩY06_3	UniRef100_Y06_3~K01998	96.4	307	307	100.0	307	0.0	2e-104	921	98	307	307	2e-104
MAG_BΩY06_5	UniRef100_Y06_5~K02057	96.4	202	202	100.0	202	0.0	2e-104	606	98	202	202	2e-104
MAG_BΩY06_6	UniRef100_Y06_6~K02873	96.4	396	396	100.0	396	0.0	2e-104	1188	98	396	396	2e-104
MAG_BΩY06_7	UniRef100_Y06_7~K01265	96.4	308	308	100.0	308	0.0	2e-104	924	98	308	308	2e-104
MAG_BΩY06_8	UniRef100_Y06_8~K03055	96.4	304	304	100.0	304	0.0	2e-104	912	98	304	304	2e-104
MAG_BΩY06_10	UniRef100_Y06_10~K16318	96.4	294	294	100.0	294	0.0	2e-104	882	98	294	294	2e-104
MAG_BΩY06_11	UniRef100_Y06_11~K02009	96.4	285	285	100.0	285	0.0	2e-104	855	98	285	285	2e-104
MAG_BΩY06_12	UniRef100_Y06_12~K02908	96.4	219	219	100.0	219	0.0	2e-104	657	98	219	219	2e-104
MAG_BΩY06_13	UniRef100_Y06_13~K06969	96.4	293	293	100.0	293	0.0	2e-104	879	98	293	293	2e-104
MAG_BΩY06_14	UniRef100_Y06_14~K00926	96.4	324	324	100.0	324	0.0	2e-104	972	98	324	324	2e-104
MAG_BΩY06_15	UniRef100_Y06_15~K00059	96.4	320	320	100.0	320	0.0	2e-104	960	98	320	320	2e-104
MAG_BΩY06_16	UniRef100_Y06_16~K00261	96.4	330	330	100.0	330	0.0	2e-104	990	98	330	330	2e-104
MAG_BΩY06_17	UniRef100_Y06_17~K19085	96.4	232	232	100.0	232	0.0	2e-104	696	98	232	232	2e-104
MAG_BΩY06_18	UniRef100_Y06_18~K01996	96.4	267	267	100.0	267	0.0	2e-104	801	98	267	267	2e-104
MAG_BΩY06_19	UniRef100_Y06_19~K13525	96.4	298	298	100.0	298	0.0	2e-104	894	98	298	298	2e-104
MAG_BΩY06_20	UniRef100_Y06_20~K02889	96.4	221	221	100.0	221	0.0	2e-104	663	98	221	221	2e-104
MAG_BΩY06_21	UniRef100_Y06_21~K15987	96.4	300	300	100.0	300	0.0	2e-104	900	98	300	300	2e-104
MAG_BΩY06_22	UniRef100_Y06_22~K00340	96.4	322	322	100.0	322	0.0	2e-104	966	98	322	322	2e-104
MAG_BΩY06_23	UniRef100_Y06_23~K21029	96.4	400	400	100.0	400	0.0	2e-104	1200	98	400	400	2e-104
MAG_BΩY06_27	UniRef100_Y06_27~K02049	96.4	366	366	100.0	366	0.0	2e-104	1098	98	366	366	2e-104
MAG_BΩY06_29	UniRef100_Y06_29~K07463	96.4	209	209	100.0	209	0.0	2e-104	627	98	209	209	2e-104
MAG_BΩY06_30	UniRef100_Y06_30~K02019	96.4	352	352	100.0	352	0.0	2e-104	1056	98	352	352	2e-104
MAG_BΩY06_31	UniRef100_Y06_31~K01997	96.4	237	237	100.0	237	0.0	2e-104	711	98	237	237	2e-104
MAG_BΩY06_32	UniRef100_Y06_32~K09482	96.4	271	271	100.0	271	0.0	2e-104	813	98	271	271	2e-104
MAG_BΩY07_2	UniRef100_Y07_2~K02952	96.4	334	334	100.0	334	0.0	2e-104	1002	98	334	334	2e-104
MAG_BΩY07_4	UniRef100_Y07_4~K00928	96.4	294	294	100.0	294	0.0	2e-104	882	98	294	294	2e-104
MAG_BΩY07_10	UniRef100_Y07_10~K06940	96.4	249	249	100.0	249	0.0	2e-104	747	98	249	249	2e-104
MAG_BΩY07_13	UniRef100_Y07_13~K07166	96.4	310	310	100.0	310	0.0	2e-104	930	98	310	310	2e-104
MAG_BΩY07_15	UniRef100_Y07_15~K09730	96.4	200	200	100.0	200	0.0	2e-104	600	98	200	200	2e-104
MAG_BΩY07_17	UniRef100_Y07_17~K03752	96.4	354	354	100.0	354	0.0	2e-104	1062	98	354	354	2e-104
MAG_BΩY07_19	UniRef100_Y07_19~K02974	96.4	300	300	100.0	300	0.0	2e-104	900	98	300	300	2e-104
MAG_BΩY07_20	UniRef100_Y07_20~K01703	96.4	186	186	100.0	186	0.0	2e-104	558	98	186	186	2e-104
MAG_BΩY07_22	UniRef100_Y07_22~K01867	96.4	395	395	100.0	395	0.0	2e-104	1185	98	395	395	2e-104
MAG_BΩY07_23	UniRef100_Y07_23~K19221	96.4	249	249	100.0	249	0.0	2e-104	747	98	249	249	2e-104
MAG_BΩY07_25	UniRef100_Y07_25~K03076	96.4	319	319	100.0	319	0.0	2e-104	957	98	319	319	2e-104
MAG_BΩY07_27	UniRef100_Y07_27~K04651	96.4	418	418	100.0	418	0.0	2e-104	1254	98	418	418	2e-104
MAG_BΩY07_31	UniRef100_Y07_31~K02437	96.4	248	248	100.0	248	0.0	2e-104	744	98	248	248	2e-104
MAG_BΩY07_32	UniRef100_Y07_32~K02032	96.4	174	174	100.0	174	0.0	2e-104	522	98	174	174	2e-104
MAG_BΩY07_34	UniRef100_Y07_34~K15016	96.4	284	284	100.0	284	0.0	2e-104	852	98	284	284	2e-104
MAG_BΩY07_35	UniRef100_Y07_35~K07090	96.4	298	298	100.0	298	0.0	2e-104	894	98	298	298	2e-104
MAG_BΩY07_36	UniRef100_Y07_36~K07151	96.4	248	248	100.0	248	0.0	2e-104	744	98	248	248	2e-104
MAG_BΩY07_37	UniRef100_Y07_37~K00943	96.4	231	231	100.0	231	0.0	2e-104	693	98	231	231	2e-104
MAG_BΩY07_38	UniRef100_Y07_38~K01823	96.4	280	280	100.0	280	0.0	2e-104	840	98	280	280	2e-104
MAG_BΩY07_39	UniRef100_Y07_39~K00946	96.4	238	238	100.0	238	0.0	2e-104	714	98	238	238	2e-104
MAG_BΩY07_40	UniRef100_Y07_40~K00179	96.4	294	294	100.0	294	0.0	2e-104	882	98	294	294	2e-104
MAG_BΩY07_43	UniRef100_Y07_43~K06940	96.4	238	238	100.0	238	0.0	2e-104	714	98	238	238	2e-104
MAG_BΩY08_2	UniRef100_Y08_2~K07027	96.4	266	266	100.0	266	0.0	2e-104	798	98	266	266	2e-104
MAG_BΩY08_3	UniRef100_Y08_3~K00782	96.4	206	206	100.0	206	0.0	2e-104	618	98	206	206	2e-104
MAG_BΩY08_4	UniRef100_Y08_4~K03470	96.4	259	259	100.0	259	0.0	2e-104	777	98	259	259	2e-104
MAG_BΩY08_5	UniRef100_Y08_5~K14165	96.4	222	222	100.0	222	0.0	2e-104	666	98	222	222	2e-104
MAG_BΩY08_6	UniRef100_Y08_6~K09736	96.4	281	281	100.0	281	0.0	2e-104	843	98	281	281	2e-104
MAG_BΩY08_7	UniRef100_Y08_7~K01486	96.4	323	323	100.0	323	0.0	2e-104	969	98	323	323	2e-104
MAG_BΩY08_8	UniRef100_Y08_8~K03924	96.4	258	258	100.0	258	0.0	2e-104	774	98	258	258	2e-104
MAG_BΩY08_10	UniRef100_Y08_10~K01998	96.4	349	349	100.0	349	0.0	2e-104	1047	98	349	349	2e-104
MAG_BΩY08_12	UniRef100_Y08_12~K01012	96.4	266	266	100.0	266	0.0	2e-104	798	98	266	266	2e-104
MAG_BΩY08_13	UniRef100_Y08_13~K04654	96.4	300	300	100.0	300	0.0	2e-104	900	98	300	300	2e-104
MAG_BΩY08_14	UniRef100_Y08_14~K07143	96.4	280	280	100.0	280	0.0	2e-104	840	98	280	280	2e-104
MAG_BΩY08_16	UniRef100_Y08_16~K02886	96.4	224	224	100.0	224	0.0	2e-104	672	98	224	224	2e-104
MAG_BΩY08_17	UniRef100_Y08_17~K01438	96.4	361	361	100.0	361	0.0	2e-104	1083	98	361	361	2e-104
MAG_BΩY08_18	UniRef100_Y08_18~K08979	96.4	415	415	100.0	415	0.0	2e-104	1245	98	415	415	2e-104
MAG_BΩY08_21	UniRef100_Y08_21~K00528	96.4	293	293	100.0	293	0.0	2e-104	879	98	293	293	2e-104
MAG_BΩY08_22	UniRef100_Y08_22~K11529	96.4	300	300	100.0	300	0.0	2e-104	900	98	300	300	2e-104
MAG_BΩY08_26	UniRef100_Y08_26~K01170	96.4	257	257	100.0	257	0.0	2e-104	771	98	257	257	2e-104
MAG_BΩY08_29	UniRef100_Y08_29~K01990	96.4	319	319	100.0	319	0.0	2e-104	957	98	319	319	2e-104
MAG_BΩY08_35	UniRef100_Y08_35~K07577	96.4	266	266	100.0	266	0.0	2e-104	798	98	266	266	2e-104
MAG_BΩY08_37	UniRef100_Y08_37~K04069	96.4	267	267	100.0	267	0.0	2e-104	801	98	267	267	2e-104
MAG_BΩY08_39	UniRef100_Y08_39~K07133	96.4	357	357	100.0	357	0.0	2e-104	1071	98	357	357	2e-104
MAG_BΩY08_40	UniRef100_Y08_40~K09000	96.4	271	271	100.0	271	0.0	2e-104	813	98	271	271	2e-104
MAG_BΩY08_41	UniRef100_Y08_41~K05595	96.4	268	268	100.0	268	0.0	2e-104	804	98	268	268	2e-104
MAG_BΩY08_42	UniRef100_Y08_42~K01883	96.4	312	312	100.0	312	0.0	2e-104	936	98	312	312	2e-104
MAG_BΩY08_43	UniRef100_Y08_43~K03738	96.4	326	326	100.0	326	0.0	2e-104	978	98	326	326	2e-104
MAG_BΩY08_45	UniRef100_Y08_45~K09121	96.4	209	209	100.0	209	0.0	2e-104	627	98	209	209	2e-104
MAG_BΩY08_48	UniRef100_Y08_48~K07101	96.4	364	364	100.0	364	0.0	2e-104	1092	98	364	364	2e-104
MAG_BΩY08_50	UniRef100_Y08_50~K03424	96.4	238	238	100.0	238	0.0	2e-104	714	98	238	238	2e-104
MAG_BΩY08_52	UniRef100_Y08_52~K03183	96.4	260	260	100.0	260	0.0	2e-104	780	98	260	260	2e-104
MAG_BΩY08_53	UniRef100_Y08_53~K09122	96.4	260	260	100.0	260	0.0	2e-104	780	98	260	260	2e-104
MAG_BΩY08_55	UniRef100_Y08_55~K07579	96.4	260	260	100.0	260	0.0	2e-104	780	98	260	260	2e-104
MAG_BΩY08_56	UniRef100_Y08_56~K00626	96.4	202	202	100.0	202	0.0	2e-104	606	98	202	202	2e-104
MAG_BΩY08_58	UniRef100_Y08_58~K04799	96.4	287	287	100.0	287	0.0	2e-104	861	98	287	287	2e-104
MAG_BΩY08_61	UniRef100_Y08_61~K01866	96.4	238	238	100.0	238	0.0	2e-104	714	98	238	238	2e-104
MAG_BΩY08_63	UniRef100_Y08_63~K01915	96.4	282	282	100.0	282	0.0	2e-104	846	98	282	282	2e-104
MAG_BΩY08_64	UniRef100_Y08_64~K03626	96.4	350	350	100.0	350	0.0	2e-104	1050	98	350	350	2e-104
MAG_BΩY08_65	UniRef100_Y08_65~K07059	96.4	286	286	100.0	286	0.0	2e-104	858	98	286	286	2e-104
MAG_BΩY08_67	UniRef100_Y08_67~K19244	96.4	288	288	100.0	288	0.0	2e-104	864	98	288	288	2e-104
MAG_BΩY08_70	UniRef100_Y08_70~K00928	96.4	235	235	100.0	235	0.0	2e-104	705	98	235	235	2e-104
MAG_BΩY08_71	UniRef100_Y08_71~K14574	96.4	259	259	100.0	259	0.0	2e-104	777	98	259	259	2e-104
MAG_BΩY08_72	UniRef100_Y08_72~K09726	96.4	199	199	100.0	199	0.0	2e-104	597	98	199	199	2e-104
MAG_BΩY08_74	UniRef100_Y08_74~K03298	96.4	319	319	100.0	319	0.0	2e-104	957	98	319	319	2e-104
MAG_BΩY08_75	UniRef100_Y08_75~K01996	96.4	368	368	100.0	368	0.0	2e-104	1104	98	368	368	2e-104
MAG_BΩY08_77	UniRef100_Y08_77~K03167	96.4	297	297	100.0	297	0.0	2e-104	891	98	297	297	2e-104
MAG_BΩY08_78	UniRef100_Y08_78~K01893	96.4	295	295	100.0	295	0.0	2e-104	885	98	295	295	2e-104
MAG_BΩY08_80	UniRef100_Y08_80~K16927	96.4	325	325	100.0	325	0.0	2e-104	975	98	325	325	2e-104
MAG_BΩY08_83	UniRef100_Y08_83~K03386	96.4	289	289	100.0	289	0.0	2e-104	867	98	289	289	2e-104
MAG_BΩY08_84	UniRef100_Y08_84~K15449	96.4	252	252	100.0	252	0.0	2e-104	756	98	252	252	2e-104
MAG_BΩY08_85	UniRef100_Y08_85~K00721	96.4	367	367	100.0	367	0.0	2e-104	1101	98	367	367	2e-104
MAG_BΩY08_87	UniRef100_Y08_87~K03298	96.4	245	245	100.0	245	0.0	2e-104	735	98	245	245	2e-104
MAG_BΩY08_88	UniRef100_Y08_88~K03113	96.4	280	280	100.0	280	0.0	2e-104	840	98	280	280	2e-104
MAG_BΩY08_89	UniRef100_Y08_89~K03799	96.4	285	285	100.0	285	0.0	2e-104	855	98	285	285	2e-104
MAG_BΩY08_90	UniRef100_Y08_90~K04796	96.4	303	303	100.0	303	0.0	2e-104	909	98	303	303	2e-104
MAG_BΩY09_2	UniRef100_Y09_2~K02976	96.4	247	247	100.0	247	0.0	2e-104	741	98	247	247	2e-104
MAG_BΩY09_3	UniRef100_Y09_3~K07573	96.4	255	255	100.0	255	0.0	2e-104	765	98	255	255	2e-104
MAG_BΩY09_5	UniRef100_Y09_5~K09143	96.4	254	254	100.0	254	0.0	2e-104	762	98	254	254	2e-104
MAG_BΩY09_7	UniRef100_Y09_7~K00573	96.4	385	385	100.0	385	0.0	2e-104	1155	98	385	385	2e-104
MAG_BΩY09_10	UniRef100_Y09_10~K09723	96.4	257	257	100.0	257	0.0	2e-104	771	98	257	257	2e-104
MAG_BΩY09_12	UniRef100_Y09_12~K01652	96.4	220	220	100.0	220	0.0	2e-104	660	98	220	220	2e-104
MAG_BΩY09_14	UniRef100_Y09_14~K01784	96.4	276	276	100.0	276	0.0	2e-104	828	98	276	276	2e-104
MAG_BΩY09_16	UniRef100_Y09_16~K03529	96.4	266	266	100.0	266	0.0	2e-104	798	98	266	266	2e-104
MAG_BΩY09_18	UniRef100_Y09_18~K17994	96.4	345	345	100.0	345	0.0	2e-104	1035	98	345	345	2e-104
MAG_BΩY09_19	UniRef100_Y09_19~K00333	96.4	358	358	100.0	358	0.0	2e-104	1074	98	358	358	2e-104
MAG_BΩY09_21	UniRef100_Y09_21~K04801	96.4	285	285	100.0	285	0.0	2e-104	855	98	285	285	2e-104
MAG_BΩY09_22	UniRef100_Y09_22~K02003	96.4	232	232	100.0	232	0.0	2e-104	696	98	232	232	2e-104
MAG_BΩY09_25	UniRef100_Y09_25~K15888	96.4	255	255	100.0	255	0.0	2e-104	765	98	255	255	2e-104
MAG_BΩY09_26	UniRef100_Y09_26~K09497	96.4	200	200	100.0	200	0.0	2e-104	600	98	200	200	2e-104
MAG_BΩY09_27	UniRef100_Y09_27~K19143	96.4	313	313	100.0	313	0.0	2e-104	939	98	313	313	2e-104
MAG_BΩY09_28	UniRef100_Y09_28~K06944	96.4	228	228	100.0	228	0.0	2e-104	684	98	228	228	2e-104
MAG_BΩY09_29	UniRef100_Y09_29~K12251	96.4	238	238	100.0	238	0.0	2e-104	714	98	238	238	2e-104
MAG_BΩY09_30	UniRef100_Y09_30~K00812	96.4	299	299	100.0	299	0.0	2e-104	897	98	299	299	2e-104
MAG_BΩY09_31	UniRef100_Y09_31~K07133	96.4	262	262	100.0	262	0.0	2e-104	786	98	262	262	2e-104
MAG_BΩY09_33	UniRef100_Y09_33~K03056	96.4	266	266	100.0	266	0.0	2e-104	798	98	266	266	2e-104
MAG_BΩY09_36	UniRef100_Y09_36~K01887	96.4	234	234	100.0	234	0.0	2e-104	702	98	234	234	2e-104
MAG_BΩY09_37	UniRef100_Y09_37~K02472	96.4	392	392	100.0	392	0.0	2e-104	1176	98	392	392	2e-104
MAG_BΩY09_38	UniRef100_Y09_38~K00611	96.4	379	379	100.0	379	0.0	2e-104	1137	98	379	379	2e-104
MAG_BΩY09_44	UniRef100_Y09_44~K02977	96.4	191	191	100.0	191	0.0	2e-104	573	98	191	191	2e-104
MAG_BΩY09_45	UniRef100_Y09_45~K01591	96.4	297	297	100.0	297	0.0	2e-104	891	98	297	297	2e-104
MAG_BΩY09_50	UniRef100_Y09_50~K07025	96.4	205	205	100.0	205	0.0	2e-104	615	98	205	205	2e-104
MAG_BΩY09_51	UniRef100_Y09_51~K02927	96.4	258	258	100.0	258	0.0	2e-104	774	98	258	258	2e-104
MAG_BΩY09_52	UniRef100_Y09_52~K07575	96.4	264	264	100.0	264	0.0	2e-104	792	98	264	264	2e-104
MAG_BΩY09_54	UniRef100_Y09_54~K04042	96.4	302	302	100.0	302	0.0	2e-104	906	98	302	302	2e-104
MAG_BΩY09_55	UniRef100_Y09_55~K01867	96.4	292	292	100.0	292	0.0	2e-104	876	98	292	292	2e-104
MAG_BΩY09_56	UniRef100_Y09_56~K09729	96.4	332	332	100.0	332	0.0	2e-104	996	98	332	332	2e-104
MAG_BΩY09_59	UniRef100_Y09_59~K02316	96.4	268	268	100.0	268	0.0	2e-104	804	98	268	268	2e-104
MAG_BΩY09_62	UniRef100_Y09_62~K01975	96.4	295	295	100.0	295	0.0	2e-104	885	98	295	295	2e-104
MAG_BΩY09_63	UniRef100_Y09_63~K00096	96.4	320	320	100.0	320	0.0	2e-104	960	98	320	320	2e-104
MAG_BΩY09_67	UniRef100_Y09_67~K07721	96.4	326	326	100.0	326	0.0	2e-104	978	98	326	326	2e-104
MAG_BΩY09_69	UniRef100_Y09_69~K01426	96.4	366	366	100.0	366	0.0	2e-104	1098	98	366	366	2e-104
MAG_BΩY09_71	UniRef100_Y09_71~K07731	96.4	370	370	100.0	370	0.0	2e-104	1110	98	370	370	2e-104
MAG_BΩY09_72	UniRef100_Y09_72~K01733	96.4	235	235	100.0	235	0.0	2e-104	705	98	235	235	2e-104
MAG_BΩY09_74	UniRef100_Y09_74~K05873	96.4	429	429	100.0	429	0.0	2e-104	1287	98	429	429	2e-104
MAG_BΩY09_75	UniRef100_Y09_75~K04566	96.4	300	300	100.0	300	0.0	2e-104	900	98	300	300	2e-104
MAG_BΩY09_76	UniRef100_Y09_76~K03636	96.4	339	339	100.0	339	0.0	2e-104	1017	98	339	339	2e-104
MAG_BΩY09_79	UniRef100_Y09_79~K00174	96.4	190	190	100.0	190	0.0	2e-104	570	98	190	190	2e-104
MAG_BΩY09_82	UniRef100_Y09_82~K01873	96.4	332	332	100.0	332	0.0	2e-104	996	98	332	332	2e-104
MAG_BΩY09_83	UniRef100_Y09_83~K06898	96.4	327	327	100.0	327	0.0	2e-104	981	98	327	327	2e-104
MAG_BΩY09_90	UniRef100_Y09_90~K02871	96.4	255	255	100.0	255	0.0	2e-104	765	98	255	255	2e-104
MAG_BΩY09_92	UniRef100_Y09_92~K01858	96.4	290	290	100.0	290	0.0	2e-104	870	98	290	290	2e-104
MAG_BΩY09_93	UniRef100_Y09_93~K00782	96.4	240	240	100.0	240	0.0	2e-104	720	98	240	240	2e-104
MAG_BΩY09_95	UniRef100_Y09_95~K05337	96.4	289	289	100.0	289	0.0	2e-104	867	98	289	289	2e-104
MAG_BΩY09_96	UniRef100_Y09_96~K17884	96.4	292	292	100.0	292	0.0	2e-104	876	98	292	292	2e-104
MAG_BΩY09_97	UniRef100_Y09_97~K02008	96.4	426	426	100.0	426	0.0	2e-104	1278	98	426	426	2e-104
MAG_BΩY09_99	UniRef100_Y09_99~K03166	96.4	279	279	100.0	279	0.0	2e-104	837	98	279	279	2e-104
MAG_BΩY09_100	UniRef100_Y09_100~K09497	96.4	264	264	100.0	264	0.0	2e-104	792	98	264	264	2e-104
MAG_BΩY09_101	UniRef100_Y09_101~K01791	96.4	280	280	100.0	280	0.0	2e-104	840	98	280	280	2e-104
MAG_BΩY10_1	UniRef100_Y10_1~K03106	96.4	220	220	100.0	220	0.0	2e-104	660	98	220	220	2e-104
MAG_BΩY10_2	UniRef100_Y10_2~K02322	96.4	196	196	100.0	196	0.0	2e-104	588	98	196	196	2e-104
MAG_BΩY10_3	UniRef100_Y10_3~K11473	96.4	352	352	100.0	352	0.0	2e-104	1056	98	352	352	2e-104
MAG_BΩY10_4	UniRef100_Y10_4~K09155	96.4	270	270	100.0	270	0.0	2e-104	810	98	270	270	2e-104
MAG_BΩY10_5	UniRef100_Y10_5~K09715	96.4	243	243	100.0	243	0.0	2e-104	729	98	243	243	2e-104
MAG_BΩY10_6	UniRef100_Y10_6~K15495	96.4	284	284	100.0	284	0.0	2e-104	852	98	284	284	2e-104
MAG_BΩY10_9	UniRef100_Y10_9~K06935	96.4	329	329	100.0	329	0.0	2e-104	987	98	329	329	2e-104
MAG_BΩY10_10	UniRef100_Y10_10~K02035	96.4	232	232	100.0	232	0.0	2e-104	696	98	232	232	2e-104
MAG_BΩY10_11	UniRef100_Y10_11~K16874	96.4	373	373	100.0	373	0.0	2e-104	1119	98	373	373	2e-104
MAG_BΩY10_16	UniRef100_Y10_16~K01990	96.4	284	284	100.0	284	0.0	2e-104	852	98	284	284	2e-104
MAG_BΩY10_17	UniRef100_Y10_17~K02995	96.4	259	259	100.0	259	0.0	2e-104	777	98	259	259	2e-104
MAG_BΩY10_18	UniRef100_Y10_18~K01868	96.4	253	253	100.0	253	0.0	2e-104	759	98	253	253	2e-104
MAG_BΩY10_19	UniRef100_Y10_19~K01903	96.4	252	252	100.0	252	0.0	2e-104	756	98	252	252	2e-104
MAG_BΩY10_20	UniRef100_Y10_20~K14568	96.4	269	269	100.0	269	0.0	2e-104	807	98	269	269	2e-104
MAG_BΩY10_24	UniRef100_Y10_24~K20110	96.4	354	354	100.0	354	0.0	2e-104	1062	98	354	354	2e-104
MAG_BΩY10_25	UniRef100_Y10_25~K03531	96.4	299	299	100.0	299	0.0	2e-104	897	98	299	299	2e-104
MAG_BΩY10_26	UniRef100_Y10_26~K06921	96.4	339	339	100.0	339	0.0	2e-104	1017	98	339	339	2e-104
MAG_BΩY10_27	UniRef100_Y10_27~K09716	96.4	211	211	100.0	211	0.0	2e-104	633	98	211	211	2e-104
MAG_BΩY10_28	UniRef100_Y10_28~K19710	96.4	316	316	100.0	316	0.0	2e-104	948	98	316	316	2e-104
MAG_BΩY10_29	UniRef100_Y10_29~K00172	96.4	293	293	100.0	293	0.0	2e-104	879	98	293	293	2e-104
MAG_BΩY10_31	UniRef100_Y10_31~K02034	96.4	381	381	100.0	381	0.0	2e-104	1143	98	381	381	2e-104
MAG_BΩY10_33	UniRef100_Y10_33~K16011	96.4	311	311	100.0	311	0.0	2e-104	933	98	311	311	2e-104
MAG_BΩY10_36	UniRef100_Y10_36~K03388	96.4	304	304	100.0	304	0.0	2e-104	912	98	304	304	2e-104
MAG_BΩY10_38	UniRef100_Y10_38~K07475	96.4	314	314	100.0	314	0.0	2e-104	942	98	314	314	2e-104
MAG_BΩY10_40	UniRef100_Y10_40~K03319	96.4	290	290	100.0	290	0.0	2e-104	870	98	290	290	2e-104
MAG_BΩY10_41	UniRef100_Y10_41~K01992	96.4	275	275	100.0	275	0.0	2e-104	825	98	275	275	2e-104
MAG_BΩY10_42	UniRef100_Y10_42~K02056	96.4	301	301	100.0	301	0.0	2e-104	903	98	301	301	2e-104
MAG_BΩY10_43	UniRef100_Y10_43~K06173	96.4	226	226	100.0	226	0.0	2e-104	678	98	226	226	2e-104
MAG_BΩY10_45	UniRef100_Y10_45~K07335	96.4	227	227	100.0	227	0.0	2e-104	681	98	227	227	2e-104
MAG_BΩY10_46	UniRef100_Y10_46~K06222	96.4	297	297	100.0	297	0.0	2e-104	891	98	297	297	2e-104
MAG_BΩY10_47	UniRef100_Y10_47~K03521	96.4	273	273	100.0	273	0.0	2e-104	819	98	273	273	2e-104
MAG_BΩY10_48	UniRef100_Y10_48~K01752	96.4	214	214	100.0	214	0.0	2e-104	642	98	214	214	2e-104
MAG_BΩY10_49	UniRef100_Y10_49~K04794	96.4	305	305	100.0	305	0.0	2e-104	915	98	305	305	2e-104
MAG_BΩY10_50	UniRef100_Y10_50~K04656	96.4	211	211	100.0	211	0.0	2e-104	633	98	211	211	2e-104
MAG_BΩY10_51	UniRef100_Y10_51~K01869	96.4	324	324	100.0	324	0.0	2e-104	972	98	324	324	2e-104
MAG_BΩY10_53	UniRef100_Y10_53~K04069	96.4	257	257	100.0	257	0.0	2e-104	771	98	257	257	2e-104
MAG_BΩY10_54	UniRef100_Y10_54~K00858	96.4	279	279	100.0	279	0.0	2e-104	837	98	279	279	2e-104
MAG_BΩY10_56	UniRef100_Y10_56~K14127	96.4	271	271	100.0	271	0.0	2e-104	813	98	271	271	2e-104
MAG_BΩY10_58	UniRef100_Y10_58~K01251	96.4	273	273	100.0	273	0.0	2e-104	819	98	273	273	2e-104
MAG_BΩY10_59	UniRef100_Y10_59~K02948	96.4	313	313	100.0	313	0.0	2e-104	939	98	313	313	2e-104
MAG_BΩY10_60	UniRef100_Y10_60~K01997	96.4	288	288	100.0	288	0.0	2e-104	864	98	288	288	2e-104
MAG_BΩY10_61	UniRef100_Y10_61~K17286	96.4	221	221	100.0	221	0.0	2e-104	663	98	221	221	2e-104
MAG_BΩY10_63	UniRef100_Y10_63~K02883	96.4	339	339	100.0	339	0.0	2e-104	1017	98	339	339	2e-104
MAG_BΩY10_64	UniRef100_Y10_64~K03547	96.4	249	249	100.0	249	0.0	2e-104	747	98	249	249	2e-104
MAG_BΩY10_68	UniRef100_Y10_68~K11645	96.4	338	338	100.0	338	0.0	2e-104	1014	98	338	338	2e-104
MAG_BΩY10_70	UniRef100_Y10_70~K00763	96.4	271	271	100.0	271	0.0	2e-104	813	98	271	271	2e-104
MAG_BΩY10_71	UniRef100_Y10_71~K10747	96.4	205	205	100.0	205	0.0	2e-104	615	98	205	205	2e-104
MAG_BΩY11_2	UniRef100_Y11_2~K10725	96.4	307	307	100.0	307	0.0	2e-104	921	98	307	307	2e-104
MAG_BΩY11_3	UniRef100_Y11_3~K01091	96.4	257	257	100.0	257	0.0	2e-104	771	98	257	257	2e-104
MAG_BΩY11_4	UniRef100_Y11_4~K08963	96.4	331	331	100.0	331	0.0	2e-104	993	98	331	331	2e-104
MAG_BΩY11_5	UniRef100_Y11_5~K07581	96.4	285	285	100.0	285	0.0	2e-104	855	98	285	285	2e-104
MAG_BΩY11_6	UniRef100_Y11_6~K08681	96.4	154	154	100.0	154	0.0	2e-104	462	98	154	154	2e-104
MAG_BΩY11_7	UniRef100_Y11_7~K02895	96.4	295	295	100.0	295	0.0	2e-104	885	98	295	295	2e-104
MAG_BΩY11_8	UniRef100_Y11_8~K02051	96.4	251	251	100.0	251	0.0	2e-104	753	98	251	251	2e-104
MAG_BΩY11_9	UniRef100_Y11_9~K19664	96.4	240	240	100.0	240	0.0	2e-104	720	98	240	240	2e-104
MAG_BΩY11_11	UniRef100_Y11_11~K18532	96.4	212	212	100.0	212	0.0	2e-104	636	98	212	212	2e-104
MAG_BΩY11_12	UniRef100_Y11_12~K06915	96.4	281	281	100.0	281	0.0	2e-104	843	98	281	281	2e-104
MAG_BΩY11_14	UniRef100_Y11_14~K03738	96.4	283	283	100.0	283	0.0	2e-104	849	98	283	283	2e-104
MAG_BΩY11_15	UniRef100_Y11_15~K00939	96.4	321	321	100.0	321	0.0	2e-104	963	98	321	321	2e-104
MAG_BΩY11_17	UniRef100_Y11_17~K03605	96.4	299	299	100.0	299	0.0	2e-104	897	98	299	299	2e-104
MAG_BΩY11_19	UniRef100_Y11_19~K01001	96.4	330	330	100.0	330	0.0	2e-104	990	98	330	330	2e-104
MAG_BΩY11_20	UniRef100_Y11_20~K09119	96.4	318	318	100.0	318	0.0	2e-104	954	98	318	318	2e-104
MAG_BΩY11_22	UniRef100_Y11_22~K01905	96.4	367	367	100.0	367	0.0	2e-104	1101	98	367	367	2e-104
MAG_BΩY11_23	UniRef100_Y11_23~K01733	96.4	414	414	100.0	414	0.0	2e-104	1242	98	414	414	2e-104
MAG_BΩY11_25	UniRef100_Y11_25~K07038	96.4	276	276	100.0	276	0.0	2e-104	828	98	276	276	2e-104
MAG_BΩY11_26	UniRef100_Y11_26~K09157	96.4	339	339	100.0	339	0.0	2e-104	1017	98	339	339	2e-104
MAG_BΩY11_27	UniRef100_Y11_27~K02031	96.4	208	208	100.0	208	0.0	2e-104	624	98	208	208	2e-104
MAG_BΩY11_29	UniRef100_Y11_29~K02050	96.4	157	157	100.0	157	0.0	2e-104	471	98	157	157	2e-104
MAG_BΩY11_30	UniRef100_Y11_30~K03170	96.4	297	297	100.0	297	0.0	2e-104	891	98	297	297	2e-104
MAG_BΩY11_33	UniRef100_Y11_33~K04653	96.4	312	312	100.0	312	0.0	2e-104	936	98	312	312	2e-104
MAG_BΩY11_34	UniRef100_Y11_34~K15635	96.4	300	300	100.0	300	0.0	2e-104	900	98	300	300	2e-104
MAG_BΩY11_35	UniRef100_Y11_35~K01997	96.4	330	330	100.0	330	0.0	2e-104	990	98	330	330	2e-104
MAG_BΩY11_36	UniRef100_Y11_36~K00337	96.4	278	278	100.0	278	0.0	2e-104	834	98	278	278	2e-104
MAG_BΩY11_38	UniRef100_Y11_38~K02931	96.4	400	400	100.0	400	0.0	2e-104	1200	98	400	400	2e-104
MAG_BΩY12_1	UniRef100_Y12_1~K01992	96.4	328	328	100.0	328	0.0	2e-104	984	98	328	328	2e-104
MAG_BΩY12_2	UniRef100_Y12_2~K07159	96.4	319	319	100.0	319	0.0	2e-104	957	98	319	319	2e-104
MAG_BΩY12_3	UniRef100_Y12_3~K00809	96.4	213	213	100.0	213	0.0	2e-104	639	98	213	213	2e-104
MAG_BΩY12_7	UniRef100_Y12_7~K00796	96.4	308	308	100.0	308	0.0	2e-104	924	98	308	308	2e-104
MAG_BΩY12_8	UniRef100_Y12_8~K06922	96.4	241	241	100.0	241	0.0	2e-104	723	98	241	241	2e-104
MAG_BΩY12_9	UniRef100_Y12_9~K00059	96.4	288	288	100.0	288	0.0	2e-104	864	98	288	288	2e-104
MAG_BΩY12_10	UniRef100_Y12_10~K00030	96.4	304	304	100.0	304	0.0	2e-104	912	98	304	304	2e-104
MAG_BΩY12_11	UniRef100_Y12_11~K07159	96.4	276	276	100.0	276	0.0	2e-104	828	98	276	276	2e-104
MAG_BΩY12_13	UniRef100_Y12_13~K00186	96.4	261	261	100.0	261	0.0	2e-104	783	98	261	261	2e-104
MAG_BΩY12_14	UniRef100_Y12_14~K06878	96.4	216	216	100.0	216	0.0	2e-104	648	98	216	216	2e-104
MAG_BΩY12_16	UniRef100_Y12_16~K00412	96.4	236	236	100.0	236	0.0	2e-104	708	98	236	236	2e-104
MAG_BΩY12_17	UniRef100_Y12_17~K08355	96.4	271	271	100.0	271	0.0	2e-104	813	98	271	271	2e-104
MAG_BΩY12_18	UniRef100_Y12_18~K03058	96.4	212	212	100.0	212	0.0	2e-104	636	98	212	212	2e-104
MAG_BΩY12_19	UniRef100_Y12_19~K02038	96.4	333	333	100.0	333	0.0	2e-104	999	98	333	333	2e-104
MAG_BΩY12_20	UniRef100_Y12_20~K01465	96.4	373	373	100.0	373	0.0	2e-104	1119	98	373	373	2e-104
MAG_BΩY12_22	UniRef100_Y12_22~K07583	96.4	232	232	100.0	232	0.0	2e-104	696	98	232	232	2e-104
MAG_BΩY12_24	UniRef100_Y12_24~K03388	96.4	358	358	100.0	358	0.0	2e-104	1074	98	358	358	2e-104
MAG_BΩY12_25	UniRef100_Y12_25~K03724	96.4	322	322	100.0	322	0.0	2e-104	966	98	322	322	2e-104
MAG_BΩY12_28	UniRef100_Y12_28~K00759	96.4	355	355	100.0	355	0.0	2e-104	1065	98	355	355	2e-104
MAG_BΩY12_31	UniRef100_Y12_31~K07059	96.4	183	183	100.0	183	0.0	2e-104	549	98	183	183	2e-104
MAG_BΩY12_32	UniRef100_Y12_32~K01090	96.4	224	224	100.0	224	0.0	2e-104	672	98	224	224	2e-104
MAG_BΩY12_34	UniRef100_Y12_34~K06863	96.4	268	268	100.0	268	0.0	2e-104	804	98	268	268	2e-104
MAG_BΩY12_35	UniRef100_Y12_35~K09152	96.4	295	295	100.0	295	0.0	2e-104	885	98	295	295	2e-104
MAG_BΩY12_36	UniRef100_Y12_36~K07064	96.4	309	309	100.0	309	0.0	2e-104	927	98	309	309	2e-104
MAG_BΩY12_37	UniRef100_Y12_37~K06139	96.4	313	313	100.0	313	0.0	2e-104	939	98	313	313	2e-104
MAG_BΩY12_38	UniRef100_Y12_38~K07178	96.4	253	253	100.0	253	0.0	2e-104	759	98	253	253	2e-104
MAG_BΩY12_40	UniRef100_Y12_40~K01784	96.4	371	371	100.0	371	0.0	2e-104	1113	98	371	371	2e-104
MAG_BΩY12_42	UniRef100_Y12_42~K01611	96.4	299	299	100.0	299	0.0	2e-104	897	98	299	299	2e-104
MAG_BΩY12_43	UniRef100_Y12_43~K02030	96.4	267	267	100.0	267	0.0	2e-104	801	98	267	267	2e-104
MAG_BΩY12_44	UniRef100_Y12_44~K19074	96.4	277	277	100.0	277	0.0	2e-104	831	98	277	277	2e-104
MAG_BΩY12_45	UniRef100_Y12_45~K17218	96.4	254	254	100.0	254	0.0	2e-104	762	98	254	254	2e-104
MAG_BΩY12_46	UniRef100_Y12_46~K02050	96.4	269	269	100.0	269	0.0	2e-104	807	98	269	269	2e-104
MAG_BΩY12_47	UniRef100_Y12_47~K00681	96.4	337	337	100.0	337	0.0	2e-104	1011	98	337	337	2e-104
MAG_BΩY12_49	UniRef100_Y12_49~K01678	96.4	268	268	100.0	268	0.0	2e-104	804	98	268	268	2e-104
MAG_BΩY12_50	UniRef100_Y12_50~K01478	96.4	257	257	100.0	257	0.0	2e-104	771	98	257	257	2e-104
MAG_BΩY12_51	UniRef100_Y12_51~K18855	96.4	308	308	100.0	308	0.0	2e-104	924	98	308	308	2e-104
MAG_BΩY12_55	UniRef100_Y12_55~K01872	96.4	265	265	100.0	265	0.0	2e-104	795	98	265	265	2e-104
MAG_BΩY12_56	UniRef100_Y12_56~K07450	96.4	273	273	100.0	273	0.0	2e-104	819	98	273	273	2e-104
MAG_BΩY12_58	UniRef100_Y12_58~K01997	96.4	330	330	100.0	330	0.0	2e-104	990	98	330	330	2e-104
MAG_BΩY12_60	UniRef100_Y12_60~K07442	96.4	232	232	100.0	232	0.0	2e-104	696	98	232	232	2e-104
MAG_BΩY12_61	UniRef100_Y12_61~K03540	96.4	394	394	100.0	394	0.0	2e-104	1182	98	394	394	2e-104
MAG_BΩY12_62	UniRef100_Y12_62~K00196	96.4	358	358	100.0	358	0.0	2e-104	1074	98	358	358	2e-104
MAG_BΩY12_63	UniRef100_Y12_63~K02896	96.4	328	328	100.0	328	0.0	2e-104	984	98	328	328	2e-104
MAG_BΩY12_65	UniRef100_Y12_65~K04655	96.4	335	335	100.0	335	0.0	2e-104	1005	98	335	335	2e-104
MAG_BΩY13_2	UniRef100_Y13_2~K11717	96.4	360	360	100.0	360	0.0	2e-104	1080	98	360	360	2e-104
MAG_BΩY13_4	UniRef100_Y13_4~K01999	96.4	313	313	100.0	313	0.0	2e-104	939	98	313	313	2e-104
MAG_BΩY13_8	UniRef100_Y13_8~K00721	96.4	225	225	100.0	225	0.0	2e-104	675	98	225	225	2e-104
MAG_BΩY13_9	UniRef100_Y13_9~K07722	96.4	278	278	100.0	278	0.0	2e-104	834	98	278	278	2e-104
MAG_BΩY13_10	UniRef100_Y13_10~K01990	96.4	241	241	100.0	241	0.0	2e-104	723	98	241	241	2e-104
MAG_BΩY13_14	UniRef100_Y13_14~K02910	96.4	246	246	100.0	246	0.0	2e-104	738	98	246	246	2e-104
MAG_BΩY13_15	UniRef100_Y13_15~K01271	96.4	269	269	100.0	269	0.0	2e-104	807	98	269	269	2e-104
MAG_BΩY13_16	UniRef100_Y13_16~K01890	96.4	385	385	100.0	385	0.0	2e-104	1155	98	385	385	2e-104
MAG_BΩY13_19	UniRef100_Y13_19~K03546	96.4	355	355	100.0	355	0.0	2e-104	1065	98	355	355	2e-104
MAG_BΩY13_20	UniRef100_Y13_20~K18915	96.4	272	272	100.0	272	0.0	2e-104	816	98	272	272	2e-104
MAG_BΩY13_23	UniRef100_Y13_23~K07023	96.4	269	269	100.0	269	0.0	2e-104	807	98	269	269	2e-104
MAG_BΩY13_25	UniRef100_Y13_25~K00176	96.4	229	229	100.0	229	0.0	2e-104	687	98	229	229	2e-104
MAG_BΩY13_29	UniRef100_Y13_29~K04487	96.4	226	226	100.0	226	0.0	2e-104	678	98	226	226	2e-104
MAG_BΩY13_31	UniRef100_Y13_31~K03105	96.4	267	267	100.0	267	0.0	2e-104	801	98	267	267	2e-104
MAG_BΩY13_33	UniRef100_Y13_33~K10747	96.4	347	347	100.0	347	0.0	2e-104	1041	98	347	347	2e-104
MAG_BΩY13_35	UniRef100_Y13_35~K08093	96.4	238	238	100.0	238	0.0	2e-104	714	98	238	238	2e-104
MAG_BΩY13_36	UniRef100_Y13_36~K02057	96.4	332	332	100.0	332	0.0	2e-104	996	98	332	332	2e-104
MAG_BΩY13_37	UniRef100_Y13_37~K00239	96.4	213	213	100.0	213	0.0	2e-104	639	98	213	213	2e-104
MAG_BΩY13_45	UniRef100_Y13_45~K06921	96.4	259	259	100.0	259	0.0	2e-104	777	98	259	259	2e-104
MAG_BΩY13_46	UniRef100_Y13_46~K06990	96.4	243	243	100.0	243	0.0	2e-104	729	98	243	243	2e-104
MAG_BΩY13_48	UniRef100_Y13_48~K03330	96.4	338	338	100.0	338	0.0	2e-104	1014	98	338	338	2e-104
MAG_BΩY13_50	UniRef100_Y13_50~K07403	96.4	236	236	100.0	236	0.0	2e-104	708	98	236	236	2e-104
MAG_BΩY13_54	UniRef100_Y13_54~K02034	96.4	343	343	100.0	343	0.0	2e-104	1029	98	343	343	2e-104
MAG_BΩY13_55	UniRef100_Y13_55~K09022	96.4	243	243	100.0	243	0.0	2e-104	729	98	243	243	2e-104
MAG_BΩY13_57	UniRef100_Y13_57~K03110	96.4	285	285	100.0	285	0.0	2e-104	855	98	285	285	2e-104
MAG_BΩY13_58	UniRef100_Y13_58~K16164	96.4	277	277	100.0	277	0.0	2e-104	831	98	277	277	2e-104
MAG_BΩY13_60	UniRef100_Y13_60~K07068	96.4	242	242	100.0	242	0.0	2e-104	726	98	242	242	2e-104
MAG_BΩY13_63	UniRef100_Y13_63~K02472	96.4	315	315	100.0	315	0.0	2e-104	945	98	315	315	2e-104
MAG_BΩY13_66	UniRef100_Y13_66~K07477	96.4	329	329	100.0	329	0.0	2e-104	987	98	329	329	2e-104
MAG_BΩY13_67	UniRef100_Y13_67~K01299	96.4	357	357	100.0	357	0.0	2e-104	1071	98	357	357	2e-104
MAG_BΩY13_68	UniRef100_Y13_68~K17488	96.4	312	312	100.0	312	0.0	2e-104	936	98	312	312	2e-104
MAG_BΩY13_71	UniRef100_Y13_71~K00803	96.4	439	439	100.0	439	0.0	2e-104	1317	98	439	439	2e-104
MAG_BΩY13_75	UniRef100_Y13_75~K01269	96.4	252	252	100.0	252	0.0	2e-104	756	98	252	252	2e-104
MAG_BΩY13_76	UniRef100_Y13_76~K02954	96.4	278	278	100.0	278	0.0	2e-104	834	98	278	278	2e-104
MAG_BΩY13_81	UniRef100_Y13_81~K06174	96.4	415	415	100.0	415	0.0	2e-104	1245	98	415	415	2e-104
MAG_BΩY13_82	UniRef100_Y13_82~K07739	96.4	266	266	100.0	266	0.0	2e-104	798	98	266	266	2e-104
MAG_BΩY13_83	UniRef100_Y13_83~K03789	96.4	285	285	100.0	285	0.0	2e-104	855	98	285	285	2e-104
MAG_BΩY13_84	UniRef100_Y13_84~K03568	96.4	226	226	100.0	226	0.0	2e-104	678	98	226	226	2e-104
MAG_BΩY13_88	UniRef100_Y13_88~K05829	96.4	206	206	100.0	206	0.0	2e-104	618	98	206	206	2e-104
MAG_BΩY13_89	UniRef100_Y13_89~K02074	96.4	338	338	100.0	338	0.0	2e-104	1014	98	338	338	2e-104
MAG_BΩY13_90	UniRef100_Y13_90~K05830	96.4	281	281	100.0	281	0.0	2e-104	843	98	281	281	2e-104
MAG_BΩY13_92	UniRef100_Y13_92~K02892	96.4	314	314	100.0	314	0.0	2e-104	942	98	314	314	2e-104
MAG_BΩY13_95	UniRef100_Y13_95~K01262	96.4	263	263	100.0	263	0.0	2e-104	789	98	263	263	2e-104
MAG_BΩY13_97	UniRef100_Y13_97~K03637	96.4	245	245	100.0	245	0.0	2e-104	735	98	245	245	2e-104
MAG_BΩY13_98	UniRef100_Y13_98~K06024	96.4	272	272	100.0	272	0.0	2e-104	816	98	272	272	2e-104
MAG_BΩY13_99	UniRef100_Y13_99~K03470	96.4	365	365	100.0	365	0.0	2e-104	1095	98	365	365	2e-104
MAG_BΩY13_101	UniRef100_Y13_101~K04798	96.4	282	282	100.0	282	0.0	2e-104	846	98	282	282	2e-104
MAG_BΩY13_104	UniRef100_Y13_104~K07238	96.4	261	261	100.0	261	0.0	2e-104	783	98	261	261	2e-104
MAG_BΩY13_106	UniRef100_Y13_106~K02986	96.4	366	366	100.0	366	0.0	2e-104	1098	98	366	366	2e-104
MAG_BΩY13_107	UniRef100_Y13_107~K07022	96.4	242	242	100.0	242	0.0	2e-104	726	98	242	242	2e-104
MAG_BΩY13_110	UniRef100_Y13_110~K16785	96.4	304	304	100.0	304	0.0	2e-104	912	98	304	304	2e-104
MAG_BΩY13_111	UniRef100_Y13_111~K07073	96.4	256	256	100.0	256	0.0	2e-104	768	98	256	256	2e-104
MAG_BΩY13_114	UniRef100_Y13_114~K03531	96.4	241	241	100.0	241	0.0	2e-104	723	98	241	241	2e-104
MAG_BΩY13_118	UniRef100_Y13_118~K03546	96.4	205	205	100.0	205	0.0	2e-104	615	98	205	205	2e-104
MAG_BΩY13_120	UniRef100_Y13_120~K03594	96.4	364	364	100.0	364	0.0	2e-104	1092	98	364	364	2e-104
MAG_BΩY13_121	UniRef100_Y13_121~K16785	96.4	356	356	100.0	356	0.0	2e-104	1068	98	356	356	2e-104
MAG_BΩY13_123	UniRef100_Y13_123~K06863	96.4	324	324	100.0	324	0.0	2e-104	972	98	324	324	2e-104
MAG_BΩY13_125	UniRef100_Y13_125~K01733	96.4	242	242	100.0	242	0.0	2e-104	726	98	242	242	2e-104
MAG_BΩY13_129	UniRef100_Y13_129~K02004	96.4	263	263	100.0	263	0.0	2e-104	789	98	263	263	2e-104
MAG_BΩY13_131	UniRef100_Y13_131~K11312	96.4	239	239	100.0	239	0.0	2e-104	717	98	239	239	2e-104
MAG_BΩY13_133	UniRef100_Y13_133~K06974	96.4	233	233	100.0	233	0.0	2e-104	699	98	233	233	2e-104
MAG_BΩY13_139	UniRef100_Y13_139~K12410	96.4	302	302	100.0	302	0.0	2e-104	906	98	302	302	2e-104
MAG_BΩY13_141	UniRef100_Y13_141~K03231	96.4	190	190	100.0	190	0.0	2e-104	570	98	190	190	2e-104
MAG_BΩY13_142	UniRef100_Y13_142~K09951	96.4	301	301	100.0	301	0.0	2e-104	903	98	301	301	2e-104
MAG_BΩY13_143	UniRef100_Y13_143~K03679	96.4	284	284	100.0	284	0.0	2e-104	852	98	284	284	2e-104
MAG_BΩY13_146	UniRef100_Y13_146~K13787	96.4	260	260	100.0	260	0.0	2e-104	780	98	260	260	2e-104
MAG_BΩY14_3	UniRef100_Y14_3~K02946	96.4	314	314	100.0	314	0.0	2e-104	942	98	314	314	2e-104
MAG_BΩY14_5	UniRef100_Y14_5~K00343	96.4	313	313	100.0	313	0.0	2e-104	939	98	313	313	2e-104
MAG_BΩY14_6	UniRef100_Y14_6~K09163	96.4	301	301	100.0	301	0.0	2e-104	903	98	301	301	2e-104
MAG_BΩY14_7	UniRef100_Y14_7~K10844	96.4	314	314	100.0	314	0.0	2e-104	942	98	314	314	2e-104
MAG_BΩY14_10	UniRef100_Y14_10~K07722	96.4	290	290	100.0	290	0.0	2e-104	870	98	290	290	2e-104
MAG_BΩY14_11	UniRef100_Y14_11~K00384	96.4	328	328	100.0	328	0.0	2e-104	984	98	328	328	2e-104
MAG_BΩY14_12	UniRef100_Y14_12~K00626	96.4	239	239	100.0	239	0.0	2e-104	717	98	239	239	2e-104
MAG_BΩY14_16	UniRef100_Y14_16~K01807	96.4	240	240	100.0	240	0.0	2e-104	720	98	240	240	2e-104
MAG_BΩY14_17	UniRef100_Y14_17~K07076	96.4	335	335	100.0	335	0.0	2e-104	1005	98	335	335	2e-104
MAG_BΩY14_19	UniRef100_Y14_19~K11131	96.4	304	304	100.0	304	0.0	2e-104	912	98	304	304	2e-104
MAG_BΩY14_21	UniRef100_Y14_21~K06607	96.4	286	286	100.0	286	0.0	2e-104	858	98	286	286	2e-104
MAG_BΩY14_22	UniRef100_Y14_22~K02319	96.4	292	292	100.0	292	0.0	2e-104	876	98	292	292	2e-104
MAG_BΩY14_24	UniRef100_Y14_24~K12234	96.4	298	298	100.0	298	0.0	2e-104	894	98	298	298	2e-104
MAG_BΩY14_25	UniRef100_Y14_25~K00772	96.4	311	311	100.0	311	0.0	2e-104	933	98	311	311	2e-104
MAG_BΩY14_26	UniRef100_Y14_26~K05825	96.4	272	272	100.0	272	0.0	2e-104	816	98	272	272	2e-104
MAG_BΩY14_27	UniRef100_Y14_27~K21029	96.4	379	379	100.0	379	0.0	2e-104	1137	98	379	379	2e-104
MAG_BΩY14_28	UniRef100_Y14_28~K01790	96.4	238	238	100.0	238	0.0	2e-104	714	98	238	238	2e-104
MAG_BΩY14_29	UniRef100_Y14_29~K08975	96.4	217	217	100.0	217	0.0	2e-104	651	98	217	217	2e-104
MAG_BΩY14_30	UniRef100_Y14_30~K00332	96.4	286	286	100.0	286	0.0	2e-104	858	98	286	286	2e-104
MAG_BΩY14_35	UniRef100_Y14_35~K09131	96.4	184	184	100.0	184	0.0	2e-104	552	98	184	184	2e-104
MAG_BΩY14_37	UniRef100_Y14_37~K01881	96.4	309	309	100.0	309	0.0	2e-104	927	98	309	309	2e-104
MAG_BΩY14_39	UniRef100_Y14_39~K02979	96.4	388	388	100.0	388	0.0	2e-104	1164	98	388	388	2e-104
MAG_BΩY14_45	UniRef100_Y14_45~K06885	96.4	360	360	100.0	360	0.0	2e-104	1080	98	360	360	2e-104
MAG_BΩY14_46	UniRef100_Y14_46~K02031	96.4	296	296	100.0	296	0.0	2e-104	888	98	296	296	2e-104
MAG_BΩY14_47	UniRef100_Y14_47~K02032	96.4	229	229	100.0	229	0.0	2e-104	687	98	229	229	2e-104
MAG_BΩY14_48	UniRef100_Y14_48~K00180	96.4	283	283	100.0	283	0.0	2e-104	849	98	283	283	2e-104
MAG_BΩY14_49	UniRef100_Y14_49~K00390	96.4	286	286	100.0	286	0.0	2e-104	858	98	286	286	2e-104
MAG_BΩY14_50	UniRef100_Y14_50~K07135	96.4	342	342	100.0	342	0.0	2e-104	1026	98	342	342	2e-104
MAG_BΩY14_51	UniRef100_Y14_51~K07097	96.4	296	296	100.0	296	0.0	2e-104	888	98	296	296	2e-104
MAG_BΩY14_52	UniRef100_Y14_52~K09742	96.4	307	307	100.0	307	0.0	2e-104	921	98	307	307	2e-104
MAG_BΩY14_53	UniRef100_Y14_53~K01303	96.4	282	282	100.0	282	0.0	2e-104	846	98	282	282	2e-104
MAG_BΩY14_55	UniRef100_Y14_55~K03724	96.4	272	272	100.0	272	0.0	2e-104	816	98	272	272	2e-104
MAG_BΩY14_56	UniRef100_Y14_56~K00869	96.4	271	271	100.0	271	0.0	2e-104	813	98	271	271	2e-104
MAG_BΩY14_59	UniRef100_Y14_59~K02035	96.4	279	279	100.0	279	0.0	2e-104	837	98	279	279	2e-104
MAG_BΩY14_60	UniRef100_Y14_60~K01704	96.4	317	317	100.0	317	0.0	2e-104	951	98	317	317	2e-104
MAG_BΩY14_62	UniRef100_Y14_62~K02988	96.4	313	313	100.0	313	0.0	2e-104	939	98	313	313	2e-104
MAG_BΩY14_64	UniRef100_Y14_64~K07061	96.4	365	365	100.0	365	0.0	2e-104	1095	98	365	365	2e-104
MAG_BΩY14_68	UniRef100_Y14_68~K01439	96.4	299	299	100.0	299	0.0	2e-104	897	98	299	299	2e-104
MAG_BΩY14_69	UniRef100_Y14_69~K01478	96.4	252	252	100.0	252	0.0	2e-104	756	98	252	252	2e-104
MAG_BΩY14_70	UniRef100_Y14_70~K03654	96.4	359	359	100.0	359	0.0	2e-104	1077	98	359	359	2e-104
MAG_BΩY14_71	UniRef100_Y14_71~K16928	96.4	276	276	100.0	276	0.0	2e-104	828	98	276	276	2e-104
MAG_BΩY14_73	UniRef100_Y14_73~K03236	96.4	299	299	100.0	299	0.0	2e-104	897	98	299	299	2e-104
MAG_BΩY14_76	UniRef100_Y14_76~K01581	96.4	296	296	100.0	296	0.0	2e-104	888	98	296	296	2e-104
MAG_BΩY14_79	UniRef100_Y14_79~K17104	96.4	386	386	100.0	386	0.0	2e-104	1158	98	386	386	2e-104
MAG_BΩY14_80	UniRef100_Y14_80~K06878	96.4	238	238	100.0	238	0.0	2e-104	714	98	238	238	2e-104
MAG_BΩY14_81	UniRef100_Y14_81~K03388	96.4	296	296	100.0	296	0.0	2e-104	888	98	296	296	2e-104
MAG_BΩY14_83	UniRef100_Y14_83~K00266	96.4	288	288	100.0	288	0.0	2e-104	864	98	288	288	2e-104
MAG_BΩY14_84	UniRef100_Y14_84~K01079	96.4	275	275	100.0	275	0.0	2e-104	825	98	275	275	2e-104
MAG_BΩY14_85	UniRef100_Y14_85~K06921	96.4	279	279	100.0	279	0.0	2e-104	837	98	279	279	2e-104
MAG_BΩY14_86	UniRef100_Y14_86~K09711	96.4	391	391	100.0	391	0.0	2e-104	1173	98	391	391	2e-104
MAG_BΩY14_89	UniRef100_Y14_89~K04795	96.4	280	280	100.0	280	0.0	2e-104	840	98	280	280	2e-104
MAG_BΩY14_91	UniRef100_Y14_91~K06864	96.4	280	280	100.0	280	0.0	2e-104	840	98	280	280	2e-104
MAG_BΩY14_93	UniRef100_Y14_93~K03636	96.4	314	314	100.0	314	0.0	2e-104	942	98	314	314	2e-104
MAG_BΩY14_94	UniRef100_Y14_94~K09735	96.4	261	261	100.0	261	0.0	2e-104	783	98	261	261	2e-104
MAG_BΩY14_95	UniRef100_Y14_95~K03738	96.4	210	210	100.0	210	0.0	2e-104	630	98	210	210	2e-104
MAG_BΩY14_99	UniRef100_Y14_99~K00282	96.4	340	340	100.0	340	0.0	2e-104	1020	98	340	340	2e-104
MAG_BΩY14_100	UniRef100_Y14_100~K02007	96.4	247	247	100.0	247	0.0	2e-104	741	98	247	247	2e-104
MAG_BΩY14_101	UniRef100_Y14_101~K02994	96.4	330	330	100.0	330	0.0	2e-104	990	98	330	330	2e-104
MAG_BΩY14_107	UniRef100_Y14_107~K03050	96.4	312	312	100.0	312	0.0	2e-104	936	98	312	312	2e-104
MAG_BΩY14_108	UniRef100_Y14_108~K01998	96.4	418	418	100.0	418	0.0	2e-104	1254	98	418	418	2e-104
MAG_BΩY14_111	UniRef100_Y14_111~K06953	96.4	316	316	100.0	316	0.0	2e-104	948	98	316	316	2e-104
MAG_BΩY14_112	UniRef100_Y14_112~K07041	96.4	274	274	100.0	274	0.0	2e-104	822	98	274	274	2e-104
MAG_BΩY14_119	UniRef100_Y14_119~K01090	96.4	347	347	100.0	347	0.0	2e-104	1041	98	347	347	2e-104
MAG_BΩY14_122	UniRef100_Y14_122~K07572	96.4	270	270	100.0	270	0.0	2e-104	810	98	270	270	2e-104
MAG_BΩY14_126	UniRef100_Y14_126~K03265	96.4	321	321	100.0	321	0.0	2e-104	963	98	321	321	2e-104
MAG_BΩY14_133	UniRef100_Y14_133~K12722	96.4	211	211	100.0	211	0.0	2e-104	633	98	211	211	2e-104
MAG_BΩY14_135	UniRef100_Y14_135~K16924	96.4	178	178	100.0	178	0.0	2e-104	534	98	178	178	2e-104
MAG_BΩY14_137	UniRef100_Y14_137~K02201	96.4	237	237	100.0	237	0.0	2e-104	711	98	237	237	2e-104
MAG_BΩY14_144	UniRef100_Y14_144~K07464	96.4	320	320	100.0	320	0.0	2e-104	960	98	320	320	2e-104
MAG_BΩY14_146	UniRef100_Y14_146~K04759	96.4	278	278	100.0	278	0.0	2e-104	834	98	278	278	2e-104
MAG_BΩY14_148	UniRef100_Y14_148~K01006	96.4	279	279	100.0	279	0.0	2e-104	837	98	279	279	2e-104
MAG_BΩY14_150	UniRef100_Y14_150~K00330	96.4	274	274	100.0	274	0.0	2e-104	822	98	274	274	2e-104
MAG_BΩY14_152	UniRef100_Y14_152~K00425	96.4	289	289	100.0	289	0.0	2e-104	867	98	289	289	2e-104
MAG_BΩY14_154	UniRef100_Y14_154~K01409	96.4	252	252	100.0	252	0.0	2e-104	756	98	252	252	2e-104
MAG_BΩY14_159	UniRef100_Y14_159~K01995	96.4	247	247	100.0	247	0.0	2e-104	741	98	247	247	2e-104
MAG_BΩY14_160	UniRef100_Y14_160~K06865	96.4	271	271	100.0	271	0.0	2e-104	813	98	271	271	2e-104
MAG_BΩY14_161	UniRef100_Y14_161~K02950	96.4	359	359	100.0	359	0.0	2e-104	1077	98	359	359	2e-104
MAG_BΩY14_165	UniRef100_Y14_165~K06897	96.4	306	306	100.0	306	0.0	2e-104	918	98	306	306	2e-104
MAG_BΩY14_167	UniRef100_Y14_167~K06284	96.4	288	288	100.0	288	0.0	2e-104	864	98	288	288	2e-104
MAG_BΩY14_170	UniRef100_Y14_170~K03726	96.4	281	281	100.0	281	0.0	2e-104	843	98	281	281	2e-104
MAG_BΩY14_171	UniRef100_Y14_171~K03284	96.4	230	230	100.0	230	0.0	2e-104	690	98	230	230	2e-104
MAG_BΩY14_172	UniRef100_Y14_172~K01999	96.4	287	287	100.0	287	0.0	2e-104	861	98	287	287	2e-104
MAG_BΩY14_174	UniRef100_Y14_174~K09003	96.4	329	329	100.0	329	0.0	2e-104	987	98	329	329	2e-104
MAG_BΩY14_175	UniRef100_Y14_175~K01902	96.4	320	320	100.0	320	0.0	2e-104	960	98	320	320	2e-104
MAG_BΩY14_176	UniRef100_Y14_176~K01996	96.4	157	157	100.0	157	0.0	2e-104	471	98	157	157	2e-104
MAG_BΩY14_177	UniRef100_Y14_177~K09133	96.4	356	356	100.0	356	0.0	2e-104	1068	98	356	356	2e-104
MAG_BΩY14_183	UniRef100_Y14_183~K03118	96.4	253	253	100.0	253	0.0	2e-104	759	98	253	253	2e-104
MAG_BΩY14_186	UniRef100_Y14_186~K19089	96.4	204	204	100.0	204	0.0	2e-104	612	98	204	204	2e-104
MAG_BΩY14_187	UniRef100_Y14_187~K01990	96.4	232	232	100.0	232	0.0	2e-104	696	98	232	232	2e-104
MAG_BΩY14_188	UniRef100_Y14_188~K14564	96.4	316	316	100.0	316	0.0	2e-104	948	98	316	316	2e-104
MAG_BΩY14_189	UniRef100_Y14_189~K02996	96.4	280	280	100.0	280	0.0	2e-104	840	98	280	280	2e-104
MAG_BΩY14_192	UniRef100_Y14_192~K06921	96.4	258	258	100.0	258	0.0	2e-104	774	98	258	258	2e-104
MAG_BΩY14_193	UniRef100_Y14_193~K02936	96.4	302	302	100.0	302	0.0	2e-104	906	98	302	302	2e-104
MAG_BΩY14_195	UniRef100_Y14_195~K03049	96.4	361	361	100.0	361	0.0	2e-104	1083	98	361	361	2e-104
MAG_BΩY14_196	UniRef100_Y14_196~K03592	96.4	301	301	100.0	301	0.0	2e-104	903	98	301	301	2e-104
MAG_BΩY14_197	UniRef100_Y14_197~K02967	96.4	264	264	100.0	264	0.0	2e-104	792	98	264	264	2e-104
MAG_BΩY14_198	UniRef100_Y14_198~K03390	96.4	249	249	100.0	249	0.0	2e-104	747	98	249	249	2e-104
MAG_BΩY14_199	UniRef100_Y14_199~K06928	96.4	323	323	100.0	323	0.0	2e-104	969	98	323	323	2e-104
MAG_BΩY14_200	UniRef100_Y14_200~K03242	96.4	184	184	100.0	184	0.0	2e-104	552	98	184	184	2e-104
MAG_BΩY14_202	UniRef100_Y14_202~K06870	96.4	408	408	100.0	408	0.0	2e-104	1224	98	408	408	2e-104
MAG_BΩY14_203	UniRef100_Y14_203~K02912	96.4	229	229	100.0	229	0.0	2e-104	687	98	229	229	2e-104
MAG_BΩY14_207	UniRef100_Y14_207~K01736	96.4	168	168	100.0	168	0.0	2e-104	504	98	168	168	2e-104
MAG_BΩY14_208	UniRef100_Y14_208~K13798	96.4	258	258	100.0	258	0.0	2e-104	774	98	258	258	2e-104
MAG_BΩY14_209	UniRef100_Y14_209~K03531	96.4	227	227	100.0	227	0.0	2e-104	681	98	227	227	2e-104
MAG_BΩY14_211	UniRef100_Y14_211~K01756	96.4	267	267	100.0	267	0.0	2e-104	801	98	267	267	2e-104
MAG_BΩY14_213	UniRef100_Y14_213~K03263	96.4	327	327	100.0	327	0.0	2e-104	981	98	327	327	2e-104
MAG_BΩY14_214	UniRef100_Y14_214~K16786	96.4	232	232	100.0	232	0.0	2e-104	696	98	232	232	2e-104
MAG_BΩY14_215	UniRef100_Y14_215~K00609	96.4	294	294	100.0	294	0.0	2e-104	882	98	294	294	2e-104
MAG_BΩY14_216	UniRef100_Y14_216~K02032	96.4	336	336	100.0	336	0.0	2e-104	1008	98	336	336	2e-104
MAG_BΩY14_217	UniRef100_Y14_217~K03238	96.4	326	326	100.0	326	0.0	2e-104	978	98	326	326	2e-104
MAG_BΩY14_218	UniRef100_Y14_218~K01951	96.4	263	263	100.0	263	0.0	2e-104	789	98	263	263	2e-104
MAG_BΩY14_222	UniRef100_Y14_222~K07496	96.4	277	277	100.0	277	0.0	2e-104	831	98	277	277	2e-104
MAG_BΩY14_223	UniRef100_Y14_223~K01494	96.4	319	319	100.0	319	0.0	2e-104	957	98	319	319	2e-104
MAG_BΩY14_225	UniRef100_Y14_225~K00927	96.4	341	341	100.0	341	0.0	2e-104	1023	98	341	341	2e-104
MAG_BΩY14_228	UniRef100_Y14_228~K00823	96.4	319	319	100.0	319	0.0	2e-104	957	98	319	319	2e-104
MAG_BΩY14_230	UniRef100_Y14_230~K01533	96.4	361	361	100.0	361	0.0	2e-104	1083	98	361	361	2e-104
MAG_BΩY14_231	UniRef100_Y14_231~K07108	96.4	267	267	100.0	267	0.0	2e-104	801	98	267	267	2e-104
MAG_BΩY14_232	UniRef100_Y14_232~K00171	96.4	305	305	100.0	305	0.0	2e-104	915	98	305	305	2e-104
MAG_BΩY14_235	UniRef100_Y14_235~K02118	96.4	336	336	100.0	336	0.0	2e-104	1008	98	336	336	2e-104
MAG_BΩY14_236	UniRef100_Y14_236~K04768	96.4	277	277	100.0	277	0.0	2e-104	831	98	277	277	2e-104
MAG_BΩY14_237	UniRef100_Y14_237~K02921	96.4	269	269	100.0	269	0.0	2e-104	807	98	269	269	2e-104
MAG_BΩY14_238	UniRef100_Y14_238~K03976	96.4	276	276	100.0	276	0.0	2e-104	828	98	276	276	2e-104
MAG_BΩY14_239	UniRef100_Y14_239~K01999	96.4	253	253	100.0	253	0.0	2e-104	759	98	253	253	2e-104
MAG_BΩY14_240	UniRef100_Y14_240~K09680	96.4	330	330	100.0	330	0.0	2e-104	990	98	330	330	2e-104
MAG_BΩY14_241	UniRef100_Y14_241~K10726	96.4	293	293	100.0	293	0.0	2e-104	879	98	293	293	2e-104
MAG_BΩY14_243	UniRef100_Y14_243~K17870	96.4	227	227	100.0	227	0.0	2e-104	681	98	227	227	2e-104
MAG_BΩY14_245	UniRef100_Y14_245~K02075	96.4	392	392	100.0	392	0.0	2e-104	1176	98	392	392	2e-104
MAG_BΩY14_246	UniRef100_Y14_246~K03182	96.4	296	296	100.0	296	0.0	2e-104	888	98	296	296	2e-104
MAG_BΩY14_247	UniRef100_Y14_247~K15444	96.4	408	408	100.0	408	0.0	2e-104	1224	98	408	408	2e-104
MAG_BΩY14_249	UniRef100_Y14_249~K01995	96.4	254	254	100.0	254	0.0	2e-104	762	98	254	254	2e-104
MAG_BΩY14_250	UniRef100_Y14_250~K02319	96.4	225	225	100.0	225	0.0	2e-104	675	98	225	225	2e-104
MAG_BΩY14_251	UniRef100_Y14_251~K00286	96.4	195	195	100.0	195	0.0	2e-104	585	98	195	195	2e-104
MAG_BΩY14_253	UniRef100_Y14_253~K09147	96.4	308	308	100.0	308	0.0	2e-104	924	98	308	308	2e-104
MAG_BΩY14_255	UniRef100_Y14_255~K05982	96.4	222	222	100.0	222	0.0	2e-104	666	98	222	222	2e-104
MAG_BΩY14_256	UniRef100_Y14_256~K15342	96.4	281	281	100.0	281	0.0	2e-104	843	98	281	281	2e-104
MAG_BΩY14_258	UniRef100_Y14_258~K12574	96.4	329	329	100.0	329	0.0	2e-104	987	98	329	329	2e-104
MAG_BΩY14_260	UniRef100_Y14_260~K02906	96.4	319	319	100.0	319	0.0	2e-104	957	98	319	319	2e-104
MAG_BΩY14_261	UniRef100_Y14_261~K13993	96.4	412	412	100.0	412	0.0	2e-104	1236	98	412	412	2e-104
MAG_BΩY14_262	UniRef100_Y14_262~K01026	96.4	308	308	100.0	308	0.0	2e-104	924	98	308	308	2e-104
MAG_BΩY14_263	UniRef100_Y14_263~K09120	96.4	289	289	100.0	289	0.0	2e-104	867	98	289	289	2e-104
MAG_BΩY14_265	UniRef100_Y14_265~K01512	96.4	276	276	100.0	276	0.0	2e-104	828	98	276	276	2e-104
MAG_BΩY14_267	UniRef100_Y14_267~K09129	96.4	271	271	100.0	271	0.0	2e-104	813	98	271	271	2e-104
MAG_BΩY14_269	UniRef100_Y14_269~K11258	96.4	268	268	100.0	268	0.0	2e-104	804	98	268	268	2e-104
MAG_BΩY14_273	UniRef100_Y14_273~K00170	96.4	379	379	100.0	379	0.0	2e-104	1137	98	379	379	2e-104
MAG_BΩY14_276	UniRef100_Y14_276~K02528	96.4	214	214	100.0	214	0.0	2e-104	642	98	214	214	2e-104
MAG_BΩY14_277	UniRef100_Y14_277~K00945	96.4	291	291	100.0	291	0.0	2e-104	873	98	291	291	2e-104
MAG_BΩY14_279	UniRef100_Y14_279~K06942	96.4	339	339	100.0	339	0.0	2e-104	1017	98	339	339	2e-104
MAG_BΩY14_280	UniRef100_Y14_280~K07098	96.4	358	358	100.0	358	0.0	2e-104	1074	98	358	358	2e-104
MAG_BΩY14_282	UniRef100_Y14_282~K14415	96.4	275	275	100.0	275	0.0	2e-104	825	98	275	275	2e-104
MAG_BΩY14_284	UniRef100_Y14_284~K07580	96.4	359	359	100.0	359	0.0	2e-104	1077	98	359	359	2e-104
MAG_BΩY15_1	UniRef100_Y15_1~K03294	96.4	245	245	100.0	245	0.0	2e-104	735	98	245	245	2e-104
MAG_BΩY15_2	UniRef100_Y15_2~K00812	96.4	324	324	100.0	324	0.0	2e-104	972	98	324	324	2e-104
MAG_BΩY15_7	UniRef100_Y15_7~K00133	96.4	313	313	100.0	313	0.0	2e-104	939	98	313	313	2e-104
MAG_BΩY15_8	UniRef100_Y15_8~K01821	96.4	308	308	100.0	308	0.0	2e-104	924	98	308	308	2e-104
MAG_BΩY15_9	UniRef100_Y15_9~K07005	96.4	369	369	100.0	369	0.0	2e-104	1107	98	369	369	2e-104
MAG_BΩY15_11	UniRef100_Y15_11~K03232	96.4	264	264	100.0	264	0.0	2e-104	792	98	264	264	2e-104
MAG_BΩY15_13	UniRef100_Y15_13~K02983	96.4	321	321	100.0	321	0.0	2e-104	963	98	321	321	2e-104
MAG_BΩY15_15	UniRef100_Y15_15~K03325	96.4	311	311	100.0	311	0.0	2e-104	933	98	311	311	2e-104
MAG_BΩY15_17	UniRef100_Y15_17~K19225	96.4	295	295	100.0	295	0.0	2e-104	885	98	295	295	2e-104
MAG_BΩY15_18	UniRef100_Y15_18~K02119	96.4	158	158	100.0	158	0.0	2e-104	474	98	158	158	2e-104
MAG_BΩY15_20	UniRef100_Y15_20~K03718	96.4	216	216	100.0	216	0.0	2e-104	648	98	216	216	2e-104
MAG_BΩY15_21	UniRef100_Y15_21~K19076	96.4	332	332	100.0	332	0.0	2e-104	996	98	332	332	2e-104
MAG_BΩY15_23	UniRef100_Y15_23~K03787	96.4	188	188	100.0	188	0.0	2e-104	564	98	188	188	2e-104
MAG_BΩY15_24	UniRef100_Y15_24~K02978	96.4	147	147	100.0	147	0.0	2e-104	441	98	147	147	2e-104
MAG_BΩY15_25	UniRef100_Y15_25~K19802	96.4	260	260	100.0	260	0.0	2e-104	780	98	260	260	2e-104
MAG_BΩY15_26	UniRef100_Y15_26~K07033	96.4	217	217	100.0	217	0.0	2e-104	651	98	217	217	2e-104
MAG_BΩY15_27	UniRef100_Y15_27~K00054	96.4	265	265	100.0	265	0.0	2e-104	795	98	265	265	2e-104
MAG_BΩY15_28	UniRef100_Y15_28~K01703	96.4	290	290	100.0	290	0.0	2e-104	870	98	290	290	2e-104
MAG_BΩY15_29	UniRef100_Y15_29~K02031	96.4	219	219	100.0	219	0.0	2e-104	657	98	219	219	2e-104
MAG_BΩY15_32	UniRef100_Y15_32~K01101	96.4	283	283	100.0	283	0.0	2e-104	849	98	283	283	2e-104
MAG_BΩY15_33	UniRef100_Y15_33~K19091	96.4	290	290	100.0	290	0.0	2e-104	870	98	290	290	2e-104
MAG_BΩY15_34	UniRef100_Y15_34~K01990	96.4	262	262	100.0	262	0.0	2e-104	786	98	262	262	2e-104
MAG_BΩY15_36	UniRef100_Y15_36~K01889	96.4	305	305	100.0	305	0.0	2e-104	915	98	305	305	2e-104
MAG_BΩY15_37	UniRef100_Y15_37~K00525	96.4	333	333	100.0	333	0.0	2e-104	999	98	333	333	2e-104
MAG_BΩY15_38	UniRef100_Y15_38~K06885	96.4	319	319	100.0	319	0.0	2e-104	957	98	319	319	2e-104
MAG_BΩY15_39	UniRef100_Y15_39~K12941	96.4	262	262	100.0	262	0.0	2e-104	786	98	262	262	2e-104
MAG_BΩY15_40	UniRef100_Y15_40~K07496	96.4	378	378	100.0	378	0.0	2e-104	1134	98	378	378	2e-104
MAG_BΩY15_41	UniRef100_Y15_41~K01884	96.4	240	240	100.0	240	0.0	2e-104	720	98	240	240	2e-104
MAG_BΩY15_42	UniRef100_Y15_42~K13963	96.4	269	269	100.0	269	0.0	2e-104	807	98	269	269	2e-104
MAG_BΩY15_43	UniRef100_Y15_43~K04758	96.4	343	343	100.0	343	0.0	2e-104	1029	98	343	343	2e-104
MAG_BΩY15_45	UniRef100_Y15_45~K07041	96.4	287	287	100.0	287	0.0	2e-104	861	98	287	287	2e-104
MAG_BΩY15_46	UniRef100_Y15_46~K09726	96.4	323	323	100.0	323	0.0	2e-104	969	98	323	323	2e-104
MAG_BΩY15_47	UniRef100_Y15_47~K07133	96.4	298	298	100.0	298	0.0	2e-104	894	98	298	298	2e-104
MAG_BΩY15_49	UniRef100_Y15_49~K02033	96.4	292	292	100.0	292	0.0	2e-104	876	98	292	292	2e-104
MAG_BΩY15_50	UniRef100_Y15_50~K00823	96.4	291	291	100.0	291	0.0	2e-104	873	98	291	291	2e-104
MAG_BΩY15_52	UniRef100_Y15_52~K02875	96.4	399	399	100.0	399	0.0	2e-104	1197	98	399	399	2e-104
MAG_BΩY15_54	UniRef100_Y15_54~K02992	96.4	210	210	100.0	210	0.0	2e-104	630	98	210	210	2e-104
MAG_BΩY15_55	UniRef100_Y15_55~K09744	96.4	191	191	100.0	191	0.0	2e-104	573	98	191	191	2e-104
MAG_BΩY15_58	UniRef100_Y15_58~K01880	96.4	188	188	100.0	188	0.0	2e-104	564	98	188	188	2e-104
MAG_BΩY15_59	UniRef100_Y15_59~K00555	96.4	342	342	100.0	342	0.0	2e-104	1026	98	342	342	2e-104
MAG_BΩY15_60	UniRef100_Y15_60~K17828	96.4	304	304	100.0	304	0.0	2e-104	912	98	304	304	2e-104
MAG_BΩY15_61	UniRef100_Y15_61~K04483	96.4	289	289	100.0	289	0.0	2e-104	867	98	289	289	2e-104
MAG_BΩY15_64	UniRef100_Y15_64~K01754	96.4	312	312	100.0	312	0.0	2e-104	936	98	312	312	2e-104
MAG_BΩY15_65	UniRef100_Y15_65~K03665	96.4	236	236	100.0	236	0.0	2e-104	708	98	236	236	2e-104
MAG_BΩY15_66	UniRef100_Y15_66~K01007	96.4	314	314	100.0	314	0.0	2e-104	942	98	314	314	2e-104
MAG_BΩY15_67	UniRef100_Y15_67~K03522	96.4	352	352	100.0	352	0.0	2e-104	1056	98	352	352	2e-104
MAG_BΩY15_68	UniRef100_Y15_68~K02987	96.4	269	269	100.0	269	0.0	2e-104	807	98	269	269	2e-104
MAG_BΩY15_71	UniRef100_Y15_71~K03738	96.4	344	344	100.0	344	0.0	2e-104	1032	98	344	344	2e-104
MAG_BΩY15_73	UniRef100_Y15_73~K02982	96.4	338	338	100.0	338	0.0	2e-104	1014	98	338	338	2e-104
MAG_BΩY15_76	UniRef100_Y15_76~K07013	96.4	263	263	100.0	263	0.0	2e-104	789	98	263	263	2e-104
MAG_BΩY15_78	UniRef100_Y15_78~K01802	96.4	271	271	100.0	271	0.0	2e-104	813	98	271	271	2e-104
MAG_BΩY15_79	UniRef100_Y15_79~K20608	96.4	227	227	100.0	227	0.0	2e-104	681	98	227	227	2e-104
MAG_BΩY15_81	UniRef100_Y15_81~K00104	96.4	292	292	100.0	292	0.0	2e-104	876	98	292	292	2e-104
MAG_BΩY15_82	UniRef100_Y15_82~K15450	96.4	245	245	100.0	245	0.0	2e-104	735	98	245	245	2e-104
MAG_BΩY15_83	UniRef100_Y15_83~K01739	96.4	314	314	100.0	314	0.0	2e-104	942	98	314	314	2e-104
MAG_BΩY15_85	UniRef100_Y15_85~K01905	96.4	381	381	100.0	381	0.0	2e-104	1143	98	381	381	2e-104
MAG_BΩY15_88	UniRef100_Y15_88~K07076	96.4	289	289	100.0	289	0.0	2e-104	867	98	289	289	2e-104
MAG_BΩY15_90	UniRef100_Y15_90~K09150	96.4	270	270	100.0	270	0.0	2e-104	810	98	270	270	2e-104
MAG_BΩY15_91	UniRef100_Y15_91~K07137	96.4	188	188	100.0	188	0.0	2e-104	564	98	188	188	2e-104
MAG_BΩY15_95	UniRef100_Y15_95~K00639	96.4	196	196	100.0	196	0.0	2e-104	588	98	196	196	2e-104
MAG_BΩY15_96	UniRef100_Y15_96~K03538	96.4	277	277	100.0	277	0.0	2e-104	831	98	277	277	2e-104
MAG_BΩY15_98	UniRef100_Y15_98~K00282	96.4	255	255	100.0	255	0.0	2e-104	765	98	255	255	2e-104
MAG_BΩY15_100	UniRef100_Y15_100~K12574	96.4	295	295	100.0	295	0.0	2e-104	885	98	295	295	2e-104
MAG_BΩY15_101	UniRef100_Y15_101~K00973	96.4	212	212	100.0	212	0.0	2e-104	636	98	212	212	2e-104
MAG_BΩY15_102	UniRef100_Y15_102~K03151	96.4	253	253	100.0	253	0.0	2e-104	759	98	253	253	2e-104
MAG_BΩY15_103	UniRef100_Y15_103~K02039	96.4	312	312	100.0	312	0.0	2e-104	936	98	312	312	2e-104
MAG_BΩY15_104	UniRef100_Y15_104~K13993	96.4	338	338	100.0	338	0.0	2e-104	1014	98	338	338	2e-104
MAG_BΩY15_105	UniRef100_Y15_105~K02601	96.4	190	190	100.0	190	0.0	2e-104	570	98	190	190	2e-104
MAG_BΩY15_106	UniRef100_Y15_106~K02922	96.4	282	282	100.0	282	0.0	2e-104	846	98	282	282	2e-104
MAG_BΩY15_108	UniRef100_Y15_108~K06607	96.4	324	324	100.0	324	0.0	2e-104	972	98	324	324	2e-104
MAG_BΩY16_1	UniRef100_Y16_1~K18779	96.4	307	307	100.0	307	0.0	2e-104	921	98	307	307	2e-104
MAG_BΩY16_2	UniRef100_Y16_2~K06910	96.4	225	225	100.0	225	0.0	2e-104	675	98	225	225	2e-104
MAG_BΩY16_3	UniRef100_Y16_3~K16785	96.4	276	276	100.0	276	0.0	2e-104	828	98	276	276	2e-104
MAG_BΩY16_4	UniRef100_Y16_4~K01092	96.4	222	222	100.0	222	0.0	2e-104	666	98	222	222	2e-104
MAG_BΩY16_5	UniRef100_Y16_5~K02029	96.4	259	259	100.0	259	0.0	2e-104	777	98	259	259	2e-104
MAG_BΩY16_6	UniRef100_Y16_6~K04763	96.4	296	296	100.0	296	0.0	2e-104	888	98	296	296	2e-104
MAG_BΩY16_8	UniRef100_Y16_8~K00611	96.4	372	372	100.0	372	0.0	2e-104	1116	98	372	372	2e-104
MAG_BΩY16_9	UniRef100_Y16_9~K01990	96.4	347	347	100.0	347	0.0	2e-104	1041	98	347	347	2e-104
MAG_BΩY16_11	UniRef100_Y16_11~K00331	96.4	377	377	100.0	377	0.0	2e-104	1131	98	377	377	2e-104
MAG_BΩY16_12	UniRef100_Y16_12~K07133	96.4	230	230	100.0	230	0.0	2e-104	690	98	230	230	2e-104
MAG_BΩY16_14	UniRef100_Y16_14~K06875	96.4	312	312	100.0	312	0.0	2e-104	936	98	312	312	2e-104
MAG_BΩY16_16	UniRef100_Y16_16~K03531	96.4	325	325	100.0	325	0.0	2e-104	975	98	325	325	2e-104
MAG_BΩY16_17	UniRef100_Y16_17~K07466	96.4	281	281	100.0	281	0.0	2e-104	843	98	281	281	2e-104
MAG_BΩY16_19	UniRef100_Y16_19~K09738	96.4	243	243	100.0	243	0.0	2e-104	729	98	243	243	2e-104
MAG_BΩY16_20	UniRef100_Y16_20~K12960	96.4	224	224	100.0	224	0.0	2e-104	672	98	224	224	2e-104
MAG_BΩY16_21	UniRef100_Y16_21~K06961	96.4	251	251	100.0	251	0.0	2e-104	753	98	251	251	2e-104
MAG_BΩY16_22	UniRef100_Y16_22~K00104	96.4	257	257	100.0	257	0.0	2e-104	771	98	257	257	2e-104
MAG_BΩY16_24	UniRef100_Y16_24~K01151	96.4	271	271	100.0	271	0.0	2e-104	813	98	271	271	2e-104
MAG_BΩY16_25	UniRef100_Y16_25~K00169	96.4	305	305	100.0	305	0.0	2e-104	915	98	305	305	2e-104
MAG_BΩY16_26	UniRef100_Y16_26~K01535	96.4	241	241	100.0	241	0.0	2e-104	723	98	241	241	2e-104
MAG_BΩY16_27	UniRef100_Y16_27~K07096	96.4	154	154	100.0	154	0.0	2e-104	462	98	154	154	2e-104
MAG_BΩY16_30	UniRef100_Y16_30~K13525	96.4	347	347	100.0	347	0.0	2e-104	1041	98	347	347	2e-104
MAG_BΩY16_31	UniRef100_Y16_31~K07332	96.4	328	328	100.0	328	0.0	2e-104	984	98	328	328	2e-104
MAG_BΩY16_33	UniRef100_Y16_33~K00088	96.4	344	344	100.0	344	0.0	2e-104	1032	98	344	344	2e-104
MAG_BΩY16_35	UniRef100_Y16_35~K13993	96.4	304	304	100.0	304	0.0	2e-104	912	98	304	304	2e-104
MAG_BΩY16_36	UniRef100_Y16_36~K00242	96.4	286	286	100.0	286	0.0	2e-104	858	98	286	286	2e-104
MAG_BΩY16_39	UniRef100_Y16_39~K01470	96.4	225	225	100.0	225	0.0	2e-104	675	98	225	225	2e-104
MAG_BΩY16_40	UniRef100_Y16_40~K06965	96.4	286	286	100.0	286	0.0	2e-104	858	98	286	286	2e-104
MAG_BΩY16_41	UniRef100_Y16_41~K09116	96.4	323	323	100.0	323	0.0	2e-104	969	98	323	323	2e-104
MAG_BΩY16_42	UniRef100_Y16_42~K00784	96.4	329	329	100.0	329	0.0	2e-104	987	98	329	329	2e-104
MAG_BΩY16_43	UniRef100_Y16_43~K03738	96.4	246	246	100.0	246	0.0	2e-104	738	98	246	246	2e-104
MAG_BΩY16_46	UniRef100_Y16_46~K20265	96.4	259	259	100.0	259	0.0	2e-104	777	98	259	259	2e-104
MAG_BΩY16_48	UniRef100_Y16_48~K03047	96.4	350	350	100.0	350	0.0	2e-104	1050	98	350	350	2e-104
MAG_BΩY16_49	UniRef100_Y16_49~K04069	96.4	336	336	100.0	336	0.0	2e-104	1008	98	336	336	2e-104
MAG_BΩY16_51	UniRef100_Y16_51~K00794	96.4	278	278	100.0	278	0.0	2e-104	834	98	278	278	2e-104
MAG_BΩY16_52	UniRef100_Y16_52~K15429	96.4	299	299	100.0	299	0.0	2e-104	897	98	299	299	2e-104
MAG_BΩY16_53	UniRef100_Y16_53~K02948	96.4	260	260	100.0	260	0.0	2e-104	780	98	260	260	2e-104
MAG_BΩY16_54	UniRef100_Y16_54~K06001	96.4	272	272	100.0	272	0.0	2e-104	816	98	272	272	2e-104
MAG_BΩY16_55	UniRef100_Y16_55~K03593	96.4	321	321	100.0	321	0.0	2e-104	963	98	321	321	2e-104
MAG_BΩY16_56	UniRef100_Y16_56~K02029	96.4	193	193	100.0	193	0.0	2e-104	579	98	193	193	2e-104
MAG_BΩY16_58	UniRef100_Y16_58~K03926	96.4	287	287	100.0	287	0.0	2e-104	861	98	287	287	2e-104
MAG_BΩY16_59	UniRef100_Y16_59~K00170	96.4	382	382	100.0	382	0.0	2e-104	1146	98	382	382	2e-104
MAG_BΩY16_61	UniRef100_Y16_61~K03638	96.4	356	356	100.0	356	0.0	2e-104	1068	98	356	356	2e-104
MAG_BΩY16_62	UniRef100_Y16_62~K03639	96.4	216	216	100.0	216	0.0	2e-104	648	98	216	216	2e-104
MAG_BΩY16_63	UniRef100_Y16_63~K07088	96.4	220	220	100.0	220	0.0	2e-104	660	98	220	220	2e-104
MAG_BΩY16_64	UniRef100_Y16_64~K05919	96.4	343	343	100.0	343	0.0	2e-104	1029	98	343	343	2e-104
MAG_BΩY16_65	UniRef100_Y16_65~K01714	96.4	254	254	100.0	254	0.0	2e-104	762	98	254	254	2e-104
MAG_BΩY16_66	UniRef100_Y16_66~K01649	96.4	269	269	100.0	269	0.0	2e-104	807	98	269	269	2e-104
MAG_BΩY16_67	UniRef100_Y16_67~K00772	96.4	251	251	100.0	251	0.0	2e-104	753	98	251	251	2e-104
MAG_BΩY16_70	UniRef100_Y16_70~K19135	96.4	301	301	100.0	301	0.0	2e-104	903	98	301	301	2e-104
MAG_BΩY16_71	UniRef100_Y16_71~K04483	96.4	396	396	100.0	396	0.0	2e-104	1188	98	396	396	2e-104
MAG_BΩY16_73	UniRef100_Y16_73~K01480	96.4	263	263	100.0	263	0.0	2e-104	789	98	263	263	2e-104
MAG_BΩY16_75	UniRef100_Y16_75~K03041	96.4	242	242	100.0	242	0.0	2e-104	726	98	242	242	2e-104
MAG_BΩY16_76	UniRef100_Y16_76~K01870	96.4	300	300	100.0	300	0.0	2e-104	900	98	300	300	2e-104
MAG_BΩY16_77	UniRef100_Y16_77~K18700	96.4	277	277	100.0	277	0.0	2e-104	831	98	277	277	2e-104
MAG_BΩY16_78	UniRef100_Y16_78~K03531	96.4	271	271	100.0	271	0.0	2e-104	813	98	271	271	2e-104
MAG_BΩY16_80	UniRef100_Y16_80~K00864	96.4	348	348	100.0	348	0.0	2e-104	1044	98	348	348	2e-104
MAG_BΩY16_82	UniRef100_Y16_82~K02031	96.4	347	347	100.0	347	0.0	2e-104	1041	98	347	347	2e-104
MAG_BΩY16_83	UniRef100_Y16_83~K08282	96.4	259	259	100.0	259	0.0	2e-104	777	98	259	259	2e-104
MAG_BΩY16_86	UniRef100_Y16_86~K07743	96.4	259	259	100.0	259	0.0	2e-104	777	98	259	259	2e-104
MAG_BΩY16_87	UniRef100_Y16_87~K04034	96.4	307	307	100.0	307	0.0	2e-104	921	98	307	307	2e-104
MAG_BΩY16_90	UniRef100_Y16_90~K06934	96.4	349	349	100.0	349	0.0	2e-104	1047	98	349	349	2e-104
MAG_BΩY16_91	UniRef100_Y16_91~K01710	96.4	171	171	100.0	171	0.0	2e-104	513	98	171	171	2e-104
MAG_BΩY16_92	UniRef100_Y16_92~K17830	96.4	285	285	100.0	285	0.0	2e-104	855	98	285	285	2e-104
MAG_BΩY16_93	UniRef100_Y16_93~K01905	96.4	224	224	100.0	224	0.0	2e-104	672	98	224	224	2e-104
MAG_BΩY16_95	UniRef100_Y16_95~K00823	96.4	348	348	100.0	348	0.0	2e-104	1044	98	348	348	2e-104
MAG_BΩY16_97	UniRef100_Y16_97~K00342	96.4	331	331	100.0	331	0.0	2e-104	993	98	331	331	2e-104
MAG_BΩY17_1	UniRef100_Y17_1~K18641	96.4	242	242	100.0	242	0.0	2e-104	726	98	242	242	2e-104
MAG_BΩY17_3	UniRef100_Y17_3~K02035	96.4	301	301	100.0	301	0.0	2e-104	903	98	301	301	2e-104
MAG_BΩY17_4	UniRef100_Y17_4~K06915	96.4	380	380	100.0	380	0.0	2e-104	1140	98	380	380	2e-104
MAG_BΩY17_7	UniRef100_Y17_7~K00605	96.4	182	182	100.0	182	0.0	2e-104	546	98	182	182	2e-104
MAG_BΩY17_8	UniRef100_Y17_8~K06869	96.4	171	171	100.0	171	0.0	2e-104	513	98	171	171	2e-104
MAG_BΩY17_10	UniRef100_Y17_10~K18882	96.4	324	324	100.0	324	0.0	2e-104	972	98	324	324	2e-104
MAG_BΩY17_11	UniRef100_Y17_11~K01001	96.4	245	245	100.0	245	0.0	2e-104	735	98	245	245	2e-104
MAG_BΩY17_16	UniRef100_Y17_16~K00759	96.4	244	244	100.0	244	0.0	2e-104	732	98	244	244	2e-104
MAG_BΩY17_17	UniRef100_Y17_17~K07250	96.4	283	283	100.0	283	0.0	2e-104	849	98	283	283	2e-104
MAG_BΩY17_18	UniRef100_Y17_18~K01992	96.4	298	298	100.0	298	0.0	2e-104	894	98	298	298	2e-104
MAG_BΩY17_26	UniRef100_Y17_26~K00611	96.4	337	337	100.0	337	0.0	2e-104	1011	98	337	337	2e-104
MAG_BΩY17_27	UniRef100_Y17_27~K01934	96.4	255	255	100.0	255	0.0	2e-104	765	98	255	255	2e-104
MAG_BΩY17_30	UniRef100_Y17_30~K02380	96.4	312	312	100.0	312	0.0	2e-104	936	98	312	312	2e-104
MAG_BΩY17_32	UniRef100_Y17_32~K03136	96.4	289	289	100.0	289	0.0	2e-104	867	98	289	289	2e-104
MAG_BΩY17_34	UniRef100_Y17_34~K07577	96.4	340	340	100.0	340	0.0	2e-104	1020	98	340	340	2e-104
MAG_BΩY17_35	UniRef100_Y17_35~K02600	96.4	281	281	100.0	281	0.0	2e-104	843	98	281	281	2e-104
MAG_BΩY17_39	UniRef100_Y17_39~K07496	96.4	333	333	100.0	333	0.0	2e-104	999	98	333	333	2e-104
MAG_BΩY17_40	UniRef100_Y17_40~K13051	96.4	310	310	100.0	310	0.0	2e-104	930	98	310	310	2e-104
MAG_BΩY17_43	UniRef100_Y17_43~K01482	96.4	241	241	100.0	241	0.0	2e-104	723	98	241	241	2e-104
MAG_BΩY17_44	UniRef100_Y17_44~K00341	96.4	248	248	100.0	248	0.0	2e-104	744	98	248	248	2e-104
MAG_BΩY17_47	UniRef100_Y17_47~K02869	96.4	366	366	100.0	366	0.0	2e-104	1098	98	366	366	2e-104
MAG_BΩY17_48	UniRef100_Y17_48~K03124	96.4	305	305	100.0	305	0.0	2e-104	915	98	305	305	2e-104
MAG_BΩY17_50	UniRef100_Y17_50~K02428	96.4	233	233	100.0	233	0.0	2e-104	699	98	233	233	2e-104
MAG_BΩY17_52	UniRef100_Y17_52~K05337	96.4	311	311	100.0	311	0.0	2e-104	933	98	311	311	2e-104
MAG_BΩY17_54	UniRef100_Y17_54~K16887	96.4	335	335	100.0	335	0.0	2e-104	1005	98	335	335	2e-104
MAG_BΩY17_57	UniRef100_Y17_57~K06921	96.4	240	240	100.0	240	0.0	2e-104	720	98	240	240	2e-104
MAG_BΩY17_59	UniRef100_Y17_59~K07445	96.4	239	239	100.0	239	0.0	2e-104	717	98	239	239	2e-104
MAG_BΩY17_63	UniRef100_Y17_63~K00140	96.4	306	306	100.0	306	0.0	2e-104	918	98	306	306	2e-104
MAG_BΩY17_64	UniRef100_Y17_64~K10773	96.4	329	329	100.0	329	0.0	2e-104	987	98	329	329	2e-104
MAG_BΩY17_65	UniRef100_Y17_65~K07080	96.4	249	249	100.0	249	0.0	2e-104	747	98	249	249	2e-104
MAG_BΩY17_66	UniRef100_Y17_66~K06943	96.4	295	295	100.0	295	0.0	2e-104	885	98	295	295	2e-104
MAG_BΩY17_68	UniRef100_Y17_68~K12589	96.4	365	365	100.0	365	0.0	2e-104	1095	98	365	365	2e-104
MAG_BΩY17_73	UniRef100_Y17_73~K00150	96.4	333	333	100.0	333	0.0	2e-104	999	98	333	333	2e-104
MAG_BΩY17_74	UniRef100_Y17_74~K00797	96.4	261	261	100.0	261	0.0	2e-104	783	98	261	261	2e-104
MAG_BΩY17_76	UniRef100_Y17_76~K02120	96.4	338	338	100.0	338	0.0	2e-104	1014	98	338	338	2e-104
MAG_BΩY17_77	UniRef100_Y17_77~K09903	96.4	298	298	100.0	298	0.0	2e-104	894	98	298	298	2e-104
MAG_BΩY17_78	UniRef100_Y17_78~K07108	96.4	254	254	100.0	254	0.0	2e-104	762	98	254	254	2e-104
MAG_BΩY17_79	UniRef100_Y17_79~K07250	96.4	232	232	100.0	232	0.0	2e-104	696	98	232	232	2e-104
MAG_BΩY17_80	UniRef100_Y17_80~K13010	96.4	285	285	100.0	285	0.0	2e-104	855	98	285	285	2e-104
MAG_BΩY17_82	UniRef100_Y17_82~K04488	96.4	278	278	100.0	278	0.0	2e-104	834	98	278	278	2e-104
MAG_BΩY18_1	UniRef100_Y18_1~K00940	96.4	342	342	100.0	342	0.0	2e-104	1026	98	342	342	2e-104
MAG_BΩY18_3	UniRef100_Y18_3~K00001	96.4	266	266	100.0	266	0.0	2e-104	798	98	266	266	2e-104
MAG_BΩY18_4	UniRef100_Y18_4~K02924	96.4	247	247	100.0	247	0.0	2e-104	741	98	247	247	2e-104
MAG_BΩY18_5	UniRef100_Y18_5~K05919	96.4	209	209	100.0	209	0.0	2e-104	627	98	209	209	2e-104
MAG_BΩY18_6	UniRef100_Y18_6~K00891	96.4	266	266	100.0	266	0.0	2e-104	798	98	266	266	2e-104
MAG_BΩY18_7	UniRef100_Y18_7~K04085	96.4	300	300	100.0	300	0.0	2e-104	900	98	300	300	2e-104
MAG_BΩY18_8	UniRef100_Y18_8~K03243	96.4	285	285	100.0	285	0.0	2e-104	855	98	285	285	2e-104
MAG_BΩY18_11	UniRef100_Y18_11~K01872	96.4	355	355	100.0	355	0.0	2e-104	1065	98	355	355	2e-104
MAG_BΩY18_12	UniRef100_Y18_12~K06859	96.4	248	248	100.0	248	0.0	2e-104	744	98	248	248	2e-104
MAG_BΩY18_14	UniRef100_Y18_14~K02257	96.4	298	298	100.0	298	0.0	2e-104	894	98	298	298	2e-104
MAG_BΩY18_16	UniRef100_Y18_16~K01515	96.4	239	239	100.0	239	0.0	2e-104	717	98	239	239	2e-104
MAG_BΩY18_20	UniRef100_Y18_20~K12990	96.4	324	324	100.0	324	0.0	2e-104	972	98	324	324	2e-104
MAG_BΩY18_21	UniRef100_Y18_21~K02863	96.4	312	312	100.0	312	0.0	2e-104	936	98	312	312	2e-104
MAG_BΩY18_22	UniRef100_Y18_22~K19087	96.4	289	289	100.0	289	0.0	2e-104	867	98	289	289	2e-104
MAG_BΩY18_24	UniRef100_Y18_24~K14128	96.4	350	350	100.0	350	0.0	2e-104	1050	98	350	350	2e-104
MAG_BΩY18_25	UniRef100_Y18_25~K02057	96.4	339	339	100.0	339	0.0	2e-104	1017	98	339	339	2e-104
MAG_BΩY18_26	UniRef100_Y18_26~K00656	96.4	360	360	100.0	360	0.0	2e-104	1080	98	360	360	2e-104
MAG_BΩY18_27	UniRef100_Y18_27~K00789	96.4	208	208	100.0	208	0.0	2e-104	624	98	208	208	2e-104
MAG_BΩY18_29	UniRef100_Y18_29~K03116	96.4	359	359	100.0	359	0.0	2e-104	1077	98	359	359	2e-104
MAG_BΩY18_30	UniRef100_Y18_30~K05794	96.4	347	347	100.0	347	0.0	2e-104	1041	98	347	347	2e-104
MAG_BΩY18_31	UniRef100_Y18_31~K01893	96.4	302	302	100.0	302	0.0	2e-104	906	98	302	302	2e-104
MAG_BΩY18_33	UniRef100_Y18_33~K17996	96.4	267	267	100.0	267	0.0	2e-104	801	98	267	267	2e-104
MAG_BΩY18_35	UniRef100_Y18_35~K01628	96.4	240	240	100.0	240	0.0	2e-104	720	98	240	240	2e-104
MAG_BΩY18_36	UniRef100_Y18_36~K01069	96.4	220	220	100.0	220	0.0	2e-104	660	98	220	220	2e-104
MAG_BΩY18_37	UniRef100_Y18_37~K07095	96.4	397	397	100.0	397	0.0	2e-104	1191	98	397	397	2e-104
MAG_BΩY18_38	UniRef100_Y18_38~K05884	96.4	241	241	100.0	241	0.0	2e-104	723	98	241	241	2e-104
MAG_BΩY18_41	UniRef100_Y18_41~K00177	96.4	305	305	100.0	305	0.0	2e-104	915	98	305	305	2e-104
MAG_BΩY18_42	UniRef100_Y18_42~K02033	96.4	263	263	100.0	263	0.0	2e-104	789	98	263	263	2e-104
MAG_BΩY18_44	UniRef100_Y18_44~K14126	96.4	221	221	100.0	221	0.0	2e-104	663	98	221	221	2e-104
MAG_BΩY18_45	UniRef100_Y18_45~K07096	96.4	266	266	100.0	266	0.0	2e-104	798	98	266	266	2e-104
MAG_BΩY18_46	UniRef100_Y18_46~K03433	96.4	327	327	100.0	327	0.0	2e-104	981	98	327	327	2e-104
MAG_BΩY18_48	UniRef100_Y18_48~K01733	96.4	335	335	100.0	335	0.0	2e-104	1005	98	335	335	2e-104
MAG_BΩY18_50	UniRef100_Y18_50~K00873	96.4	281	281	100.0	281	0.0	2e-104	843	98	281	281	2e-104
MAG_BΩY18_51	UniRef100_Y18_51~K01995	96.4	312	312	100.0	312	0.0	2e-104	936	98	312	312	2e-104
MAG_BΩY18_52	UniRef100_Y18_52~K16923	96.4	334	334	100.0	334	0.0	2e-104	1002	98	334	334	2e-104
MAG_BΩY18_53	UniRef100_Y18_53~K10848	96.4	394	394	100.0	394	0.0	2e-104	1182	98	394	394	2e-104
MAG_BΩY18_56	UniRef100_Y18_56~K01916	96.4	303	303	100.0	303	0.0	2e-104	909	98	303	303	2e-104
MAG_BΩY18_57	UniRef100_Y18_57~K07725	96.4	282	282	100.0	282	0.0	2e-104	846	98	282	282	2e-104
MAG_BΩY18_60	UniRef100_Y18_60~K02823	96.4	200	200	100.0	200	0.0	2e-104	600	98	200	200	2e-104
MAG_BΩY18_63	UniRef100_Y18_63~K03457	96.4	260	260	100.0	260	0.0	2e-104	780	98	260	260	2e-104
MAG_BΩY18_69	UniRef100_Y18_69~K03051	96.4	258	258	100.0	258	0.0	2e-104	774	98	258	258	2e-104
MAG_BΩY18_70	UniRef100_Y18_70~K06921	96.4	265	265	100.0	265	0.0	2e-104	795	98	265	265	2e-104
MAG_BΩY18_71	UniRef100_Y18_71~K02876	96.4	320	320	100.0	320	0.0	2e-104	960	98	320	320	2e-104
MAG_BΩY18_72	UniRef100_Y18_72~K00172	96.4	271	271	100.0	271	0.0	2e-104	813	98	271	271	2e-104
MAG_BΩY18_73	UniRef100_Y18_73~K07158	96.4	266	266	100.0	266	0.0	2e-104	798	98	266	266	2e-104
MAG_BΩY18_74	UniRef100_Y18_74~K01610	96.4	289	289	100.0	289	0.0	2e-104	867	98	289	289	2e-104
MAG_BΩY18_75	UniRef100_Y18_75~K01992	96.4	346	346	100.0	346	0.0	2e-104	1038	98	346	346	2e-104
MAG_BΩY18_77	UniRef100_Y18_77~K03522	96.4	170	170	100.0	170	0.0	2e-104	510	98	170	170	2e-104
MAG_BΩY18_78	UniRef100_Y18_78~K06981	96.4	334	334	100.0	334	0.0	2e-104	1002	98	334	334	2e-104
MAG_BΩY18_79	UniRef100_Y18_79~K01649	96.4	380	380	100.0	380	0.0	2e-104	1140	98	380	380	2e-104
MAG_BΩY18_80	UniRef100_Y18_80~K08369	96.4	389	389	100.0	389	0.0	2e-104	1167	98	389	389	2e-104
MAG_BΩY18_81	UniRef100_Y18_81~K05831	96.4	243	243	100.0	243	0.0	2e-104	729	98	243	243	2e-104
MAG_BΩY18_83	UniRef100_Y18_83~K00584	96.4	319	319	100.0	319	0.0	2e-104	957	98	319	319	2e-104
MAG_BΩY18_84	UniRef100_Y18_84~K03750	96.4	271	271	100.0	271	0.0	2e-104	813	98	271	271	2e-104
MAG_BΩY18_85	UniRef100_Y18_85~K07050	96.4	283	283	100.0	283	0.0	2e-104	849	98	283	283	2e-104
MAG_BΩY18_86	UniRef100_Y18_86~K01515	96.4	178	178	100.0	178	0.0	2e-104	534	98	178	178	2e-104
MAG_BΩY18_87	UniRef100_Y18_87~K07052	96.4	254	254	100.0	254	0.0	2e-104	762	98	254	254	2e-104
MAG_BΩY18_88	UniRef100_Y18_88~K12910	96.4	343	343	100.0	343	0.0	2e-104	1029	98	343	343	2e-104
MAG_CΩX01_1	UniRef100_X01_1~K00606	96.4	252	252	100.0	252	0.0	2e-104	756	98	252	252	2e-104
MAG_CΩX01_7	UniRef100_X01_7~K03897	96.4	298	298	100.0	298	0.0	2e-104	894	98	298	298	2e-104
MAG_CΩX01_9	UniRef100_X01_9~K03595	96.4	315	315	100.0	315	0.0	2e-104	945	98	315	315	2e-104
MAG_CΩX01_11	UniRef100_X01_11~K01756	96.4	391	391	100.0	391	0.0	2e-104	1173	98	391	391	2e-104
MAG_CΩX01_14	UniRef100_X01_14~K02335	96.4	289	289	100.0	289	0.0	2e-104	867	98	289	289	2e-104
MAG_CΩX01_15	UniRef100_X01_15~K06888	96.4	380	380	100.0	380	0.0	2e-104	1140	98	380	380	2e-104
MAG_CΩX01_16	UniRef100_X01_16~K01534	96.4	404	404	100.0	404	0.0	2e-104	1212	98	404	404	2e-104
MAG_CΩX01_21	UniRef100_X01_21~K10947	96.4	259	259	100.0	259	0.0	2e-104	777	98	259	259	2e-104
MAG_CΩX01_23	UniRef100_X01_23~K01992	96.4	263	263	100.0	263	0.0	2e-104	789	98	263	263	2e-104
MAG_CΩX01_24	UniRef100_X01_24~K02892	96.4	299	299	100.0	299	0.0	2e-104	897	98	299	299	2e-104
MAG_CΩX01_29	UniRef100_X01_29~K00252	96.4	228	228	100.0	228	0.0	2e-104	684	98	228	228	2e-104
MAG_CΩX01_30	UniRef100_X01_30~K00758	96.4	255	255	100.0	255	0.0	2e-104	765	98	255	255	2e-104
MAG_CΩX01_32	UniRef100_X01_32~K01804	96.4	279	279	100.0	279	0.0	2e-104	837	98	279	279	2e-104
MAG_CΩX01_34	UniRef100_X01_34~K00882	96.4	282	282	100.0	282	0.0	2e-104	846	98	282	282	2e-104
MAG_CΩX01_38	UniRef100_X01_38~K03217	96.4	347	347	100.0	347	0.0	2e-104	1041	98	347	347	2e-104
MAG_CΩX01_41	UniRef100_X01_41~K06994	96.4	336	336	100.0	336	0.0	2e-104	1008	98	336	336	2e-104
MAG_CΩX01_42	UniRef100_X01_42~K07483	96.4	294	294	100.0	294	0.0	2e-104	882	98	294	294	2e-104
MAG_CΩX03_9	UniRef100_X03_9~K00762	96.4	267	267	100.0	267	0.0	2e-104	801	98	267	267	2e-104
MAG_CΩX03_11	UniRef100_X03_11~K00082	96.4	348	348	100.0	348	0.0	2e-104	1044	98	348	348	2e-104
MAG_CΩX03_12	UniRef100_X03_12~K03685	96.4	401	401	100.0	401	0.0	2e-104	1203	98	401	401	2e-104
MAG_CΩX03_13	UniRef100_X03_13~K07485	96.4	365	365	100.0	365	0.0	2e-104	1095	98	365	365	2e-104
MAG_CΩX03_14	UniRef100_X03_14~K07483	96.4	340	340	100.0	340	0.0	2e-104	1020	98	340	340	2e-104
MAG_CΩX03_16	UniRef100_X03_16~K07497	96.4	386	386	100.0	386	0.0	2e-104	1158	98	386	386	2e-104
MAG_CΩX03_17	UniRef100_X03_17~K02071	96.4	325	325	100.0	325	0.0	2e-104	975	98	325	325	2e-104
MAG_CΩX03_19	UniRef100_X03_19~K19542	96.4	407	407	100.0	407	0.0	2e-104	1221	98	407	407	2e-104
MAG_CΩX03_20	UniRef100_X03_20~K01608	96.4	378	378	100.0	378	0.0	2e-104	1134	98	378	378	2e-104
MAG_CΩX03_23	UniRef100_X03_23~K15554	96.4	290	290	100.0	290	0.0	2e-104	870	98	290	290	2e-104
MAG_CΩX03_24	UniRef100_X03_24~K02470	96.4	277	277	100.0	277	0.0	2e-104	831	98	277	277	2e-104
MAG_CΩX03_26	UniRef100_X03_26~K04078	96.4	384	384	100.0	384	0.0	2e-104	1152	98	384	384	2e-104
MAG_CΩX03_27	UniRef100_X03_27~K03733	96.4	304	304	100.0	304	0.0	2e-104	912	98	304	304	2e-104
MAG_CΩX03_30	UniRef100_X03_30~K15735	96.4	285	285	100.0	285	0.0	2e-104	855	98	285	285	2e-104
MAG_CΩX03_31	UniRef100_X03_31~K03762	96.4	353	353	100.0	353	0.0	2e-104	1059	98	353	353	2e-104
MAG_CΩX03_32	UniRef100_X03_32~K03380	96.4	410	410	100.0	410	0.0	2e-104	1230	98	410	410	2e-104
MAG_CΩX03_34	UniRef100_X03_34~K01689	96.4	259	259	100.0	259	0.0	2e-104	777	98	259	259	2e-104
MAG_CΩX03_35	UniRef100_X03_35~K07156	96.4	274	274	100.0	274	0.0	2e-104	822	98	274	274	2e-104
MAG_CΩX03_36	UniRef100_X03_36~K01921	96.4	306	306	100.0	306	0.0	2e-104	918	98	306	306	2e-104
MAG_CΩX03_38	UniRef100_X03_38~K02049	96.4	311	311	100.0	311	0.0	2e-104	933	98	311	311	2e-104
MAG_CΩX03_39	UniRef100_X03_39~K03101	96.4	353	353	100.0	353	0.0	2e-104	1059	98	353	353	2e-104
MAG_CΩX03_41	UniRef100_X03_41~K01046	96.4	295	295	100.0	295	0.0	2e-104	885	98	295	295	2e-104
MAG_CΩX03_43	UniRef100_X03_43~K07052	96.4	272	272	100.0	272	0.0	2e-104	816	98	272	272	2e-104
MAG_CΩX03_44	UniRef100_X03_44~K01470	96.4	316	316	100.0	316	0.0	2e-104	948	98	316	316	2e-104
MAG_CΩX03_47	UniRef100_X03_47~K03782	96.4	306	306	100.0	306	0.0	2e-104	918	98	306	306	2e-104
MAG_CΩX03_48	UniRef100_X03_48~K00783	96.4	184	184	100.0	184	0.0	2e-104	552	98	184	184	2e-104
MAG_CΩX03_49	UniRef100_X03_49~K06994	96.4	276	276	100.0	276	0.0	2e-104	828	98	276	276	2e-104
MAG_CΩX03_50	UniRef100_X03_50~K07483	96.4	256	256	100.0	256	0.0	2e-104	768	98	256	256	2e-104
MAG_CΩX03_52	UniRef100_X03_52~K18816	96.4	266	266	100.0	266	0.0	2e-104	798	98	266	266	2e-104
MAG_CΩX03_54	UniRef100_X03_54~K02316	96.4	359	359	100.0	359	0.0	2e-104	1077	98	359	359	2e-104
MAG_CΩX03_55	UniRef100_X03_55~K02072	96.4	315	315	100.0	315	0.0	2e-104	945	98	315	315	2e-104
MAG_CΩX03_57	UniRef100_X03_57~K03637	96.4	294	294	100.0	294	0.0	2e-104	882	98	294	294	2e-104
MAG_CΩX03_58	UniRef100_X03_58~K07175	96.4	347	347	100.0	347	0.0	2e-104	1041	98	347	347	2e-104
MAG_CΩX03_59	UniRef100_X03_59~K11737	96.4	338	338	100.0	338	0.0	2e-104	1014	98	338	338	2e-104
MAG_CΩX03_60	UniRef100_X03_60~K16164	96.4	389	389	100.0	389	0.0	2e-104	1167	98	389	389	2e-104
MAG_CΩX03_61	UniRef100_X03_61~K02314	96.4	370	370	100.0	370	0.0	2e-104	1110	98	370	370	2e-104
MAG_CΩX03_62	UniRef100_X03_62~K00857	96.4	214	214	100.0	214	0.0	2e-104	642	98	214	214	2e-104
MAG_CΩX03_63	UniRef100_X03_63~K09781	96.4	319	319	100.0	319	0.0	2e-104	957	98	319	319	2e-104
MAG_CΩX03_64	UniRef100_X03_64~K01252	96.4	313	313	100.0	313	0.0	2e-104	939	98	313	313	2e-104
MAG_CΩX03_65	UniRef100_X03_65~K01081	96.4	393	393	100.0	393	0.0	2e-104	1179	98	393	393	2e-104
MAG_CΩX03_67	UniRef100_X03_67~K01744	96.4	290	290	100.0	290	0.0	2e-104	870	98	290	290	2e-104
MAG_CΩX03_68	UniRef100_X03_68~K00766	96.4	334	334	100.0	334	0.0	2e-104	1002	98	334	334	2e-104
MAG_CΩX03_70	UniRef100_X03_70~K07214	96.4	272	272	100.0	272	0.0	2e-104	816	98	272	272	2e-104
MAG_CΩX03_75	UniRef100_X03_75~K05346	96.4	319	319	100.0	319	0.0	2e-104	957	98	319	319	2e-104
MAG_CΩX03_79	UniRef100_X03_79~K00794	96.4	286	286	100.0	286	0.0	2e-104	858	98	286	286	2e-104
MAG_CΩX03_80	UniRef100_X03_80~K00655	96.4	368	368	100.0	368	0.0	2e-104	1104	98	368	368	2e-104
MAG_CΩX03_81	UniRef100_X03_81~K01354	96.4	235	235	100.0	235	0.0	2e-104	705	98	235	235	2e-104
MAG_CΩX03_83	UniRef100_X03_83~K03629	96.4	344	344	100.0	344	0.0	2e-104	1032	98	344	344	2e-104
MAG_CΩX03_86	UniRef100_X03_86~K01679	96.4	356	356	100.0	356	0.0	2e-104	1068	98	356	356	2e-104
MAG_CΩX03_87	UniRef100_X03_87~K03457	96.4	332	332	100.0	332	0.0	2e-104	996	98	332	332	2e-104
MAG_CΩX03_88	UniRef100_X03_88~K06024	96.4	292	292	100.0	292	0.0	2e-104	876	98	292	292	2e-104
MAG_CΩX03_91	UniRef100_X03_91~K02075	96.4	276	276	100.0	276	0.0	2e-104	828	98	276	276	2e-104
MAG_CΩX03_92	UniRef100_X03_92~K16784	96.4	245	245	100.0	245	0.0	2e-104	735	98	245	245	2e-104
MAG_CΩX03_93	UniRef100_X03_93~K02878	96.4	196	196	100.0	196	0.0	2e-104	588	98	196	196	2e-104
MAG_CΩX03_96	UniRef100_X03_96~K09471	96.4	337	337	100.0	337	0.0	2e-104	1011	98	337	337	2e-104
MAG_CΩX03_97	UniRef100_X03_97~K00931	96.4	359	359	100.0	359	0.0	2e-104	1077	98	359	359	2e-104
MAG_CΩX03_100	UniRef100_X03_100~K02913	96.4	310	310	100.0	310	0.0	2e-104	930	98	310	310	2e-104
MAG_CΩX03_108	UniRef100_X03_108~K06867	96.4	399	399	100.0	399	0.0	2e-104	1197	98	399	399	2e-104
MAG_CΩX03_115	UniRef100_X03_115~K03719	96.4	270	270	100.0	270	0.0	2e-104	810	98	270	270	2e-104
MAG_CΩX03_117	UniRef100_X03_117~K03076	96.4	280	280	100.0	280	0.0	2e-104	840	98	280	280	2e-104
MAG_CΩX03_119	UniRef100_X03_119~K02476	96.4	269	269	100.0	269	0.0	2e-104	807	98	269	269	2e-104
MAG_CΩX03_121	UniRef100_X03_121~K10117	96.4	303	303	100.0	303	0.0	2e-104	909	98	303	303	2e-104
MAG_CΩX03_123	UniRef100_X03_123~K06173	96.4	253	253	100.0	253	0.0	2e-104	759	98	253	253	2e-104
MAG_CΩX03_125	UniRef100_X03_125~K01409	96.4	310	310	100.0	310	0.0	2e-104	930	98	310	310	2e-104
MAG_CΩX03_128	UniRef100_X03_128~K03651	96.4	335	335	100.0	335	0.0	2e-104	1005	98	335	335	2e-104
MAG_CΩX03_129	UniRef100_X03_129~K07058	96.4	286	286	100.0	286	0.0	2e-104	858	98	286	286	2e-104
MAG_CΩX03_131	UniRef100_X03_131~K01745	96.4	310	310	100.0	310	0.0	2e-104	930	98	310	310	2e-104
MAG_CΩX03_132	UniRef100_X03_132~K04518	96.4	320	320	100.0	320	0.0	2e-104	960	98	320	320	2e-104
MAG_CΩX03_133	UniRef100_X03_133~K09748	96.4	285	285	100.0	285	0.0	2e-104	855	98	285	285	2e-104
MAG_CΩX03_135	UniRef100_X03_135~K09796	96.4	302	302	100.0	302	0.0	2e-104	906	98	302	302	2e-104
MAG_CΩX03_137	UniRef100_X03_137~K03827	96.4	288	288	100.0	288	0.0	2e-104	864	98	288	288	2e-104
MAG_CΩX03_139	UniRef100_X03_139~K01739	96.4	327	327	100.0	327	0.0	2e-104	981	98	327	327	2e-104
MAG_CΩX03_141	UniRef100_X03_141~K06048	96.4	258	258	100.0	258	0.0	2e-104	774	98	258	258	2e-104
MAG_CΩX03_142	UniRef100_X03_142~K01082	96.4	310	310	100.0	310	0.0	2e-104	930	98	310	310	2e-104
MAG_CΩX03_143	UniRef100_X03_143~K00382	96.4	275	275	100.0	275	0.0	2e-104	825	98	275	275	2e-104
MAG_CΩX03_144	UniRef100_X03_144~K11603	96.4	333	333	100.0	333	0.0	2e-104	999	98	333	333	2e-104
MAG_CΩX03_147	UniRef100_X03_147~K03327	96.4	256	256	100.0	256	0.0	2e-104	768	98	256	256	2e-104
MAG_CΩX03_149	UniRef100_X03_149~K01776	96.4	339	339	100.0	339	0.0	2e-104	1017	98	339	339	2e-104
MAG_CΩX03_150	UniRef100_X03_150~K02500	96.4	305	305	100.0	305	0.0	2e-104	915	98	305	305	2e-104
MAG_CΩX03_151	UniRef100_X03_151~K01935	96.4	287	287	100.0	287	0.0	2e-104	861	98	287	287	2e-104
MAG_CΩX03_152	UniRef100_X03_152~K01937	96.4	305	305	100.0	305	0.0	2e-104	915	98	305	305	2e-104
MAG_CΩX03_154	UniRef100_X03_154~K07493	96.4	282	282	100.0	282	0.0	2e-104	846	98	282	282	2e-104
MAG_CΩX03_156	UniRef100_X03_156~K03340	96.4	469	469	100.0	469	0.0	2e-104	1407	98	469	469	2e-104
MAG_CΩX03_158	UniRef100_X03_158~K00971	96.4	312	312	100.0	312	0.0	2e-104	936	98	312	312	2e-104
MAG_CΩX03_161	UniRef100_X03_161~K03574	96.4	369	369	100.0	369	0.0	2e-104	1107	98	369	369	2e-104
MAG_CΩX03_162	UniRef100_X03_162~K07460	96.4	334	334	100.0	334	0.0	2e-104	1002	98	334	334	2e-104
MAG_CΩX03_164	UniRef100_X03_164~K00014	96.4	332	332	100.0	332	0.0	2e-104	996	98	332	332	2e-104
MAG_CΩX03_166	UniRef100_X03_166~K06949	96.4	363	363	100.0	363	0.0	2e-104	1089	98	363	363	2e-104
MAG_CΩX03_168	UniRef100_X03_168~K01652	96.4	259	259	100.0	259	0.0	2e-104	777	98	259	259	2e-104
MAG_CΩX03_170	UniRef100_X03_170~K01990	96.4	302	302	100.0	302	0.0	2e-104	906	98	302	302	2e-104
MAG_CΩX03_172	UniRef100_X03_172~K00627	96.4	332	332	100.0	332	0.0	2e-104	996	98	332	332	2e-104
MAG_CΩX03_173	UniRef100_X03_173~K02033	96.4	355	355	100.0	355	0.0	2e-104	1065	98	355	355	2e-104
MAG_CΩX03_174	UniRef100_X03_174~K02029	96.4	332	332	100.0	332	0.0	2e-104	996	98	332	332	2e-104
MAG_CΩX03_175	UniRef100_X03_175~K16785	96.4	304	304	100.0	304	0.0	2e-104	912	98	304	304	2e-104
MAG_CΩX03_180	UniRef100_X03_180~K00161	96.4	365	365	100.0	365	0.0	2e-104	1095	98	365	365	2e-104
MAG_CΩX03_183	UniRef100_X03_183~K09762	96.4	472	472	100.0	472	0.0	2e-104	1416	98	472	472	2e-104
MAG_CΩX03_186	UniRef100_X03_186~K06886	96.4	288	288	100.0	288	0.0	2e-104	864	98	288	288	2e-104
MAG_CΩX03_187	UniRef100_X03_187~K03299	96.4	282	282	100.0	282	0.0	2e-104	846	98	282	282	2e-104
MAG_CΩX03_190	UniRef100_X03_190~K03072	96.4	331	331	100.0	331	0.0	2e-104	993	98	331	331	2e-104
MAG_CΩX03_192	UniRef100_X03_192~K03969	96.4	229	229	100.0	229	0.0	2e-104	687	98	229	229	2e-104
MAG_CΩX03_194	UniRef100_X03_194~K02532	96.4	344	344	100.0	344	0.0	2e-104	1032	98	344	344	2e-104
MAG_CΩX03_195	UniRef100_X03_195~K00681	96.4	372	372	100.0	372	0.0	2e-104	1116	98	372	372	2e-104
MAG_CΩX03_197	UniRef100_X03_197~K03168	96.4	309	309	100.0	309	0.0	2e-104	927	98	309	309	2e-104
MAG_CΩX03_198	UniRef100_X03_198~K00652	96.4	295	295	100.0	295	0.0	2e-104	885	98	295	295	2e-104
MAG_CΩX03_201	UniRef100_X03_201~K02529	96.4	320	320	100.0	320	0.0	2e-104	960	98	320	320	2e-104
MAG_CΩX03_202	UniRef100_X03_202~K03118	96.4	263	263	100.0	263	0.0	2e-104	789	98	263	263	2e-104
MAG_CΩX03_203	UniRef100_X03_203~K00761	96.4	317	317	100.0	317	0.0	2e-104	951	98	317	317	2e-104
MAG_CΩX03_207	UniRef100_X03_207~K06217	96.4	276	276	100.0	276	0.0	2e-104	828	98	276	276	2e-104
MAG_CΩX03_208	UniRef100_X03_208~K10947	96.4	327	327	100.0	327	0.0	2e-104	981	98	327	327	2e-104
MAG_CΩX03_210	UniRef100_X03_210~K02916	96.4	251	251	100.0	251	0.0	2e-104	753	98	251	251	2e-104
MAG_CΩX03_211	UniRef100_X03_211~K01714	96.4	415	415	100.0	415	0.0	2e-104	1245	98	415	415	2e-104
MAG_CΩX03_212	UniRef100_X03_212~K02484	96.4	267	267	100.0	267	0.0	2e-104	801	98	267	267	2e-104
MAG_CΩX03_213	UniRef100_X03_213~K02040	96.4	331	331	100.0	331	0.0	2e-104	993	98	331	331	2e-104
MAG_CΩX03_216	UniRef100_X03_216~K06020	96.4	296	296	100.0	296	0.0	2e-104	888	98	296	296	2e-104
MAG_CΩX03_217	UniRef100_X03_217~K13482	96.4	323	323	100.0	323	0.0	2e-104	969	98	323	323	2e-104
MAG_CΩX03_219	UniRef100_X03_219~K02283	96.4	413	413	100.0	413	0.0	2e-104	1239	98	413	413	2e-104
MAG_CΩX03_222	UniRef100_X03_222~K09013	96.4	293	293	100.0	293	0.0	2e-104	879	98	293	293	2e-104
MAG_CΩX03_223	UniRef100_X03_223~K02483	96.4	155	155	100.0	155	0.0	2e-104	465	98	155	155	2e-104
MAG_CΩX03_224	UniRef100_X03_224~K01992	96.4	226	226	100.0	226	0.0	2e-104	678	98	226	226	2e-104
MAG_CΩX03_227	UniRef100_X03_227~K01817	96.4	355	355	100.0	355	0.0	2e-104	1065	98	355	355	2e-104
MAG_CΩX03_228	UniRef100_X03_228~K02358	96.4	255	255	100.0	255	0.0	2e-104	765	98	255	255	2e-104
MAG_CΩX03_229	UniRef100_X03_229~K04768	96.4	254	254	100.0	254	0.0	2e-104	762	98	254	254	2e-104
MAG_CΩX03_232	UniRef100_X03_232~K01713	96.4	252	252	100.0	252	0.0	2e-104	756	98	252	252	2e-104
MAG_CΩX03_233	UniRef100_X03_233~K03381	96.4	256	256	100.0	256	0.0	2e-104	768	98	256	256	2e-104
MAG_CΩX03_234	UniRef100_X03_234~K02034	96.4	352	352	100.0	352	0.0	2e-104	1056	98	352	352	2e-104
MAG_CΩX03_235	UniRef100_X03_235~K07458	96.4	255	255	100.0	255	0.0	2e-104	765	98	255	255	2e-104
MAG_CΩX03_236	UniRef100_X03_236~K01174	96.4	300	300	100.0	300	0.0	2e-104	900	98	300	300	2e-104
MAG_CΩX03_238	UniRef100_X03_238~K02879	96.4	257	257	100.0	257	0.0	2e-104	771	98	257	257	2e-104
MAG_CΩX03_240	UniRef100_X03_240~K03469	96.4	249	249	100.0	249	0.0	2e-104	747	98	249	249	2e-104
MAG_CΩX03_242	UniRef100_X03_242~K01439	96.4	314	314	100.0	314	0.0	2e-104	942	98	314	314	2e-104
MAG_CΩX03_243	UniRef100_X03_243~K01840	96.4	211	211	100.0	211	0.0	2e-104	633	98	211	211	2e-104
MAG_CΩX03_244	UniRef100_X03_244~K07448	96.4	325	325	100.0	325	0.0	2e-104	975	98	325	325	2e-104
MAG_CΩX03_247	UniRef100_X03_247~K03762	96.4	322	322	100.0	322	0.0	2e-104	966	98	322	322	2e-104
MAG_CΩX03_249	UniRef100_X03_249~K03427	96.4	300	300	100.0	300	0.0	2e-104	900	98	300	300	2e-104
MAG_CΩX03_250	UniRef100_X03_250~K12506	96.4	280	280	100.0	280	0.0	2e-104	840	98	280	280	2e-104
MAG_CΩX03_253	UniRef100_X03_253~K02647	96.4	278	278	100.0	278	0.0	2e-104	834	98	278	278	2e-104
MAG_CΩX03_254	UniRef100_X03_254~K02283	96.4	422	422	100.0	422	0.0	2e-104	1266	98	422	422	2e-104
MAG_CΩX03_257	UniRef100_X03_257~K03789	96.4	357	357	100.0	357	0.0	2e-104	1071	98	357	357	2e-104
MAG_CΩX03_259	UniRef100_X03_259~K02335	96.4	331	331	100.0	331	0.0	2e-104	993	98	331	331	2e-104
MAG_CΩX03_260	UniRef100_X03_260~K07497	96.4	265	265	100.0	265	0.0	2e-104	795	98	265	265	2e-104
MAG_CΩX03_261	UniRef100_X03_261~K02016	96.4	206	206	100.0	206	0.0	2e-104	618	98	206	206	2e-104
MAG_CΩX03_265	UniRef100_X03_265~K01784	96.4	319	319	100.0	319	0.0	2e-104	957	98	319	319	2e-104
MAG_CΩX03_266	UniRef100_X03_266~K02039	96.4	349	349	100.0	349	0.0	2e-104	1047	98	349	349	2e-104
MAG_CΩX03_268	UniRef100_X03_268~K00805	96.4	242	242	100.0	242	0.0	2e-104	726	98	242	242	2e-104
MAG_CΩX03_269	UniRef100_X03_269~K02434	96.4	295	295	100.0	295	0.0	2e-104	885	98	295	295	2e-104
MAG_CΩX03_271	UniRef100_X03_271~K03088	96.4	284	284	100.0	284	0.0	2e-104	852	98	284	284	2e-104
MAG_CΩX03_275	UniRef100_X03_275~K00059	96.4	315	315	100.0	315	0.0	2e-104	945	98	315	315	2e-104
MAG_CΩX03_280	UniRef100_X03_280~K02950	96.4	255	255	100.0	255	0.0	2e-104	765	98	255	255	2e-104
MAG_CΩX03_281	UniRef100_X03_281~K15581	96.4	251	251	100.0	251	0.0	2e-104	753	98	251	251	2e-104
MAG_CΩX03_282	UniRef100_X03_282~K07100	96.4	284	284	100.0	284	0.0	2e-104	852	98	284	284	2e-104
MAG_CΩX03_284	UniRef100_X03_284~K07483	96.4	250	250	100.0	250	0.0	2e-104	750	98	250	250	2e-104
MAG_CΩX03_285	UniRef100_X03_285~K02073	96.4	188	188	100.0	188	0.0	2e-104	564	98	188	188	2e-104
MAG_CΩX03_291	UniRef100_X03_291~K06442	96.4	364	364	100.0	364	0.0	2e-104	1092	98	364	364	2e-104
MAG_CΩX03_292	UniRef100_X03_292~K06187	96.4	313	313	100.0	313	0.0	2e-104	939	98	313	313	2e-104
MAG_CΩX03_294	UniRef100_X03_294~K00847	96.4	276	276	100.0	276	0.0	2e-104	828	98	276	276	2e-104
MAG_CΩX03_297	UniRef100_X03_297~K03579	96.4	297	297	100.0	297	0.0	2e-104	891	98	297	297	2e-104
MAG_CΩX03_301	UniRef100_X03_301~K02057	96.4	397	397	100.0	397	0.0	2e-104	1191	98	397	397	2e-104
MAG_CΩX03_302	UniRef100_X03_302~K07045	96.4	348	348	100.0	348	0.0	2e-104	1044	98	348	348	2e-104
MAG_CΩX03_303	UniRef100_X03_303~K01681	96.4	264	264	100.0	264	0.0	2e-104	792	98	264	264	2e-104
MAG_CΩX03_304	UniRef100_X03_304~K02015	96.4	296	296	100.0	296	0.0	2e-104	888	98	296	296	2e-104
MAG_CΩX05_3	UniRef100_X05_3~K01692	96.4	426	426	100.0	426	0.0	2e-104	1278	98	426	426	2e-104
MAG_CΩX05_6	UniRef100_X05_6~K05349	96.4	211	211	100.0	211	0.0	2e-104	633	98	211	211	2e-104
MAG_CΩX05_9	UniRef100_X05_9~K02013	96.4	288	288	100.0	288	0.0	2e-104	864	98	288	288	2e-104
MAG_CΩX05_11	UniRef100_X05_11~K07229	96.4	327	327	100.0	327	0.0	2e-104	981	98	327	327	2e-104
MAG_CΩX05_12	UniRef100_X05_12~K08987	96.4	396	396	100.0	396	0.0	2e-104	1188	98	396	396	2e-104
MAG_CΩX05_13	UniRef100_X05_13~K02341	96.4	323	323	100.0	323	0.0	2e-104	969	98	323	323	2e-104
MAG_CΩX05_14	UniRef100_X05_14~K03526	96.4	274	274	100.0	274	0.0	2e-104	822	98	274	274	2e-104
MAG_CΩX05_15	UniRef100_X05_15~K07090	96.4	395	395	100.0	395	0.0	2e-104	1185	98	395	395	2e-104
MAG_CΩX05_16	UniRef100_X05_16~K11991	96.4	296	296	100.0	296	0.0	2e-104	888	98	296	296	2e-104
MAG_CΩX05_20	UniRef100_X05_20~K02035	96.4	290	290	100.0	290	0.0	2e-104	870	98	290	290	2e-104
MAG_CΩX05_21	UniRef100_X05_21~K10007	96.4	414	414	100.0	414	0.0	2e-104	1242	98	414	414	2e-104
MAG_CΩX05_22	UniRef100_X05_22~K10008	96.4	199	199	100.0	199	0.0	2e-104	597	98	199	199	2e-104
MAG_CΩX05_28	UniRef100_X05_28~K01840	96.4	333	333	100.0	333	0.0	2e-104	999	98	333	333	2e-104
MAG_CΩX05_29	UniRef100_X05_29~K01092	96.4	373	373	100.0	373	0.0	2e-104	1119	98	373	373	2e-104
MAG_CΩX05_30	UniRef100_X05_30~K07146	96.4	348	348	100.0	348	0.0	2e-104	1044	98	348	348	2e-104
MAG_CΩX05_33	UniRef100_X05_33~K01176	96.4	354	354	100.0	354	0.0	2e-104	1062	98	354	354	2e-104
MAG_CΩX05_34	UniRef100_X05_34~K02355	96.4	306	306	100.0	306	0.0	2e-104	918	98	306	306	2e-104
MAG_CΩX05_35	UniRef100_X05_35~K02313	96.4	331	331	100.0	331	0.0	2e-104	993	98	331	331	2e-104
MAG_CΩX05_36	UniRef100_X05_36~K03521	96.4	371	371	100.0	371	0.0	2e-104	1113	98	371	371	2e-104
MAG_CΩX05_38	UniRef100_X05_38~K01126	96.4	290	290	100.0	290	0.0	2e-104	870	98	290	290	2e-104
MAG_CΩX05_40	UniRef100_X05_40~K06180	96.4	328	328	100.0	328	0.0	2e-104	984	98	328	328	2e-104
MAG_CΩX05_41	UniRef100_X05_41~K07483	96.4	259	259	100.0	259	0.0	2e-104	777	98	259	259	2e-104
MAG_CΩX05_42	UniRef100_X05_42~K00232	96.4	257	257	100.0	257	0.0	2e-104	771	98	257	257	2e-104
MAG_CΩX05_44	UniRef100_X05_44~K02026	96.4	268	268	100.0	268	0.0	2e-104	804	98	268	268	2e-104
MAG_CΩX05_47	UniRef100_X05_47~K13527	96.4	353	353	100.0	353	0.0	2e-104	1059	98	353	353	2e-104
MAG_CΩX05_51	UniRef100_X05_51~K08744	96.4	334	334	100.0	334	0.0	2e-104	1002	98	334	334	2e-104
MAG_CΩX05_52	UniRef100_X05_52~K03969	96.4	303	303	100.0	303	0.0	2e-104	909	98	303	303	2e-104
MAG_CΩX05_60	UniRef100_X05_60~K03544	96.4	357	357	100.0	357	0.0	2e-104	1071	98	357	357	2e-104
MAG_CΩX05_61	UniRef100_X05_61~K01000	96.4	234	234	100.0	234	0.0	2e-104	702	98	234	234	2e-104
MAG_CΩX05_66	UniRef100_X05_66~K02015	96.4	302	302	100.0	302	0.0	2e-104	906	98	302	302	2e-104
MAG_CΩX05_67	UniRef100_X05_67~K18917	96.4	235	235	100.0	235	0.0	2e-104	705	98	235	235	2e-104
MAG_CΩX05_68	UniRef100_X05_68~K02911	96.4	369	369	100.0	369	0.0	2e-104	1107	98	369	369	2e-104
MAG_CΩX05_69	UniRef100_X05_69~K00820	96.4	302	302	100.0	302	0.0	2e-104	906	98	302	302	2e-104
MAG_CΩX05_72	UniRef100_X05_72~K02072	96.4	286	286	100.0	286	0.0	2e-104	858	98	286	286	2e-104
MAG_CΩX05_73	UniRef100_X05_73~K13280	96.4	294	294	100.0	294	0.0	2e-104	882	98	294	294	2e-104
MAG_CΩX05_76	UniRef100_X05_76~K02619	96.4	302	302	100.0	302	0.0	2e-104	906	98	302	302	2e-104
MAG_CΩX05_77	UniRef100_X05_77~K01704	96.4	253	253	100.0	253	0.0	2e-104	759	98	253	253	2e-104
MAG_CΩX05_78	UniRef100_X05_78~K03701	96.4	315	315	100.0	315	0.0	2e-104	945	98	315	315	2e-104
MAG_CΩX05_79	UniRef100_X05_79~K18445	96.4	276	276	100.0	276	0.0	2e-104	828	98	276	276	2e-104
MAG_CΩX05_80	UniRef100_X05_80~K00619	96.4	348	348	100.0	348	0.0	2e-104	1044	98	348	348	2e-104
MAG_CΩX05_83	UniRef100_X05_83~K07778	96.4	270	270	100.0	270	0.0	2e-104	810	98	270	270	2e-104
MAG_CΩX05_86	UniRef100_X05_86~K02015	96.4	382	382	100.0	382	0.0	2e-104	1146	98	382	382	2e-104
MAG_CΩX05_89	UniRef100_X05_89~K02035	96.4	254	254	100.0	254	0.0	2e-104	762	98	254	254	2e-104
MAG_CΩX05_92	UniRef100_X05_92~K05364	96.4	198	198	100.0	198	0.0	2e-104	594	98	198	198	2e-104
MAG_CΩX05_93	UniRef100_X05_93~K04096	96.4	294	294	100.0	294	0.0	2e-104	882	98	294	294	2e-104
MAG_CΩX05_94	UniRef100_X05_94~K02566	96.4	324	324	100.0	324	0.0	2e-104	972	98	324	324	2e-104
MAG_CΩX05_97	UniRef100_X05_97~K03790	96.4	291	291	100.0	291	0.0	2e-104	873	98	291	291	2e-104
MAG_CΩX05_99	UniRef100_X05_99~K11072	96.4	239	239	100.0	239	0.0	2e-104	717	98	239	239	2e-104
MAG_CΩX05_100	UniRef100_X05_100~K11928	96.4	233	233	100.0	233	0.0	2e-104	699	98	233	233	2e-104
MAG_CΩX05_105	UniRef100_X05_105~K10119	96.4	233	233	100.0	233	0.0	2e-104	699	98	233	233	2e-104
MAG_CΩX05_110	UniRef100_X05_110~K04047	96.4	375	375	100.0	375	0.0	2e-104	1125	98	375	375	2e-104
MAG_CΩX05_111	UniRef100_X05_111~K00796	96.4	322	322	100.0	322	0.0	2e-104	966	98	322	322	2e-104
MAG_CΩX05_118	UniRef100_X05_118~K02016	96.4	342	342	100.0	342	0.0	2e-104	1026	98	342	342	2e-104
MAG_CΩX05_122	UniRef100_X05_122~K01881	96.4	334	334	100.0	334	0.0	2e-104	1002	98	334	334	2e-104
MAG_CΩX05_123	UniRef100_X05_123~K00760	96.4	234	234	100.0	234	0.0	2e-104	702	98	234	234	2e-104
MAG_CΩX05_125	UniRef100_X05_125~K02428	96.4	258	258	100.0	258	0.0	2e-104	774	98	258	258	2e-104
MAG_CΩX07_1	UniRef100_X07_1~K06998	96.4	270	270	100.0	270	0.0	2e-104	810	98	270	270	2e-104
MAG_CΩX07_2	UniRef100_X07_2~K00003	96.4	274	274	100.0	274	0.0	2e-104	822	98	274	274	2e-104
MAG_CΩX07_6	UniRef100_X07_6~K00849	96.4	273	273	100.0	273	0.0	2e-104	819	98	273	273	2e-104
MAG_CΩX07_7	UniRef100_X07_7~K06607	96.4	212	212	100.0	212	0.0	2e-104	636	98	212	212	2e-104
MAG_CΩX07_8	UniRef100_X07_8~K01439	96.4	239	239	100.0	239	0.0	2e-104	717	98	239	239	2e-104
MAG_CΩX07_10	UniRef100_X07_10~K07304	96.4	261	261	100.0	261	0.0	2e-104	783	98	261	261	2e-104
MAG_CΩX07_11	UniRef100_X07_11~K18929	96.4	234	234	100.0	234	0.0	2e-104	702	98	234	234	2e-104
MAG_CΩX07_13	UniRef100_X07_13~K03040	96.4	243	243	100.0	243	0.0	2e-104	729	98	243	243	2e-104
MAG_CΩX07_14	UniRef100_X07_14~K03624	96.4	336	336	100.0	336	0.0	2e-104	1008	98	336	336	2e-104
MAG_CΩX07_16	UniRef100_X07_16~K01259	96.4	287	287	100.0	287	0.0	2e-104	861	98	287	287	2e-104
MAG_CΩX07_19	UniRef100_X07_19~K02348	96.4	362	362	100.0	362	0.0	2e-104	1086	98	362	362	2e-104
MAG_CΩX07_21	UniRef100_X07_21~K03631	96.4	415	415	100.0	415	0.0	2e-104	1245	98	415	415	2e-104
MAG_CΩX07_24	UniRef100_X07_24~K00099	96.4	274	274	100.0	274	0.0	2e-104	822	98	274	274	2e-104
MAG_CΩX07_25	UniRef100_X07_25~K07222	96.4	265	265	100.0	265	0.0	2e-104	795	98	265	265	2e-104
MAG_CΩX07_27	UniRef100_X07_27~K02338	96.4	238	238	100.0	238	0.0	2e-104	714	98	238	238	2e-104
MAG_CΩX07_30	UniRef100_X07_30~K03060	96.4	343	343	100.0	343	0.0	2e-104	1029	98	343	343	2e-104
MAG_CΩX07_31	UniRef100_X07_31~K03320	96.4	234	234	100.0	234	0.0	2e-104	702	98	234	234	2e-104
MAG_CΩX07_33	UniRef100_X07_33~K03070	96.4	269	269	100.0	269	0.0	2e-104	807	98	269	269	2e-104
MAG_CΩX07_34	UniRef100_X07_34~K03074	96.4	426	426	100.0	426	0.0	2e-104	1278	98	426	426	2e-104
MAG_CΩX07_36	UniRef100_X07_36~K00134	96.4	312	312	100.0	312	0.0	2e-104	936	98	312	312	2e-104
MAG_CΩX07_39	UniRef100_X07_39~K00449	96.4	210	210	100.0	210	0.0	2e-104	630	98	210	210	2e-104
MAG_CΩX07_45	UniRef100_X07_45~K15734	96.4	292	292	100.0	292	0.0	2e-104	876	98	292	292	2e-104
MAG_CΩX07_46	UniRef100_X07_46~K03522	96.4	389	389	100.0	389	0.0	2e-104	1167	98	389	389	2e-104
MAG_CΩX07_49	UniRef100_X07_49~K18455	96.4	442	442	100.0	442	0.0	2e-104	1326	98	442	442	2e-104
MAG_CΩX07_50	UniRef100_X07_50~K01433	96.4	370	370	100.0	370	0.0	2e-104	1110	98	370	370	2e-104
MAG_CΩX07_53	UniRef100_X07_53~K00655	96.4	240	240	100.0	240	0.0	2e-104	720	98	240	240	2e-104
MAG_CΩX07_55	UniRef100_X07_55~K07483	96.4	363	363	100.0	363	0.0	2e-104	1089	98	363	363	2e-104
MAG_CΩX07_60	UniRef100_X07_60~K05569	96.4	296	296	100.0	296	0.0	2e-104	888	98	296	296	2e-104
MAG_CΩX07_65	UniRef100_X07_65~K07160	96.4	310	310	100.0	310	0.0	2e-104	930	98	310	310	2e-104
MAG_CΩX07_66	UniRef100_X07_66~K02446	96.4	310	310	100.0	310	0.0	2e-104	930	98	310	310	2e-104
MAG_CΩX07_69	UniRef100_X07_69~K07485	96.4	293	293	100.0	293	0.0	2e-104	879	98	293	293	2e-104
MAG_CΩX07_71	UniRef100_X07_71~K03343	96.4	378	378	100.0	378	0.0	2e-104	1134	98	378	378	2e-104
MAG_CΩX07_73	UniRef100_X07_73~K01480	96.4	242	242	100.0	242	0.0	2e-104	726	98	242	242	2e-104
MAG_CΩX09_1	UniRef100_X09_1~K18701	96.4	277	277	100.0	277	0.0	2e-104	831	98	277	277	2e-104
MAG_CΩX09_13	UniRef100_X09_13~K01916	96.4	318	318	100.0	318	0.0	2e-104	954	98	318	318	2e-104
MAG_CΩX09_14	UniRef100_X09_14~K01749	96.4	378	378	100.0	378	0.0	2e-104	1134	98	378	378	2e-104
MAG_CΩX09_15	UniRef100_X09_15~K07259	96.4	411	411	100.0	411	0.0	2e-104	1233	98	411	411	2e-104
MAG_CΩX09_24	UniRef100_X09_24~K00956	96.4	271	271	100.0	271	0.0	2e-104	813	98	271	271	2e-104
MAG_CΩX09_25	UniRef100_X09_25~K05565	96.4	315	315	100.0	315	0.0	2e-104	945	98	315	315	2e-104
MAG_CΩX09_26	UniRef100_X09_26~K14254	96.4	342	342	100.0	342	0.0	2e-104	1026	98	342	342	2e-104
MAG_CΩX09_28	UniRef100_X09_28~K15866	96.4	356	356	100.0	356	0.0	2e-104	1068	98	356	356	2e-104
MAG_CΩX09_29	UniRef100_X09_29~K02529	96.4	413	413	100.0	413	0.0	2e-104	1239	98	413	413	2e-104
MAG_CΩX09_30	UniRef100_X09_30~K03686	96.4	247	247	100.0	247	0.0	2e-104	741	98	247	247	2e-104
MAG_CΩX09_37	UniRef100_X09_37~K07043	96.4	276	276	100.0	276	0.0	2e-104	828	98	276	276	2e-104
MAG_CΩX09_38	UniRef100_X09_38~K02986	96.4	282	282	100.0	282	0.0	2e-104	846	98	282	282	2e-104
MAG_CΩX09_39	UniRef100_X09_39~K02363	96.4	288	288	100.0	288	0.0	2e-104	864	98	288	288	2e-104
MAG_CΩX09_40	UniRef100_X09_40~K15777	96.4	321	321	100.0	321	0.0	2e-104	963	98	321	321	2e-104
MAG_CΩX09_41	UniRef100_X09_41~K01912	96.4	329	329	100.0	329	0.0	2e-104	987	98	329	329	2e-104
MAG_CΩX09_43	UniRef100_X09_43~K00529	96.4	363	363	100.0	363	0.0	2e-104	1089	98	363	363	2e-104
MAG_CΩX09_44	UniRef100_X09_44~K00640	96.4	365	365	100.0	365	0.0	2e-104	1095	98	365	365	2e-104
MAG_CΩX09_45	UniRef100_X09_45~K02034	96.4	287	287	100.0	287	0.0	2e-104	861	98	287	287	2e-104
MAG_CΩX09_49	UniRef100_X09_49~K01620	96.4	352	352	100.0	352	0.0	2e-104	1056	98	352	352	2e-104
MAG_CΩX09_54	UniRef100_X09_54~K06959	96.4	211	211	100.0	211	0.0	2e-104	633	98	211	211	2e-104
MAG_CΩX09_56	UniRef100_X09_56~K00273	96.4	324	324	100.0	324	0.0	2e-104	972	98	324	324	2e-104
MAG_CΩX09_58	UniRef100_X09_58~K13641	96.4	252	252	100.0	252	0.0	2e-104	756	98	252	252	2e-104
MAG_CΩX09_70	UniRef100_X09_70~K13570	96.4	230	230	100.0	230	0.0	2e-104	690	98	230	230	2e-104
MAG_CΩX09_71	UniRef100_X09_71~K00600	96.4	264	264	100.0	264	0.0	2e-104	792	98	264	264	2e-104
MAG_CΩX09_75	UniRef100_X09_75~K03436	96.4	224	224	100.0	224	0.0	2e-104	672	98	224	224	2e-104
MAG_CΩX09_76	UniRef100_X09_76~K10234	96.4	255	255	100.0	255	0.0	2e-104	765	98	255	255	2e-104
MAG_CΩX11_1	UniRef100_X11_1~K01126	96.4	378	378	100.0	378	0.0	2e-104	1134	98	378	378	2e-104
MAG_CΩX11_3	UniRef100_X11_3~K00012	96.4	372	372	100.0	372	0.0	2e-104	1116	98	372	372	2e-104
MAG_CΩX11_4	UniRef100_X11_4~K10914	96.4	282	282	100.0	282	0.0	2e-104	846	98	282	282	2e-104
MAG_CΩX11_7	UniRef100_X11_7~K02015	96.4	288	288	100.0	288	0.0	2e-104	864	98	288	288	2e-104
MAG_CΩX11_11	UniRef100_X11_11~K02111	96.4	293	293	100.0	293	0.0	2e-104	879	98	293	293	2e-104
MAG_CΩX11_12	UniRef100_X11_12~K01738	96.4	294	294	100.0	294	0.0	2e-104	882	98	294	294	2e-104
MAG_CΩX11_13	UniRef100_X11_13~K09767	96.4	327	327	100.0	327	0.0	2e-104	981	98	327	327	2e-104
MAG_CΩX11_14	UniRef100_X11_14~K01926	96.4	400	400	100.0	400	0.0	2e-104	1200	98	400	400	2e-104
MAG_CΩX11_17	UniRef100_X11_17~K11175	96.4	318	318	100.0	318	0.0	2e-104	954	98	318	318	2e-104
MAG_CΩX11_18	UniRef100_X11_18~K02034	96.4	383	383	100.0	383	0.0	2e-104	1149	98	383	383	2e-104
MAG_CΩX11_19	UniRef100_X11_19~K03719	96.4	258	258	100.0	258	0.0	2e-104	774	98	258	258	2e-104
MAG_CΩX11_22	UniRef100_X11_22~K07738	96.4	422	422	100.0	422	0.0	2e-104	1266	98	422	422	2e-104
MAG_CΩX11_25	UniRef100_X11_25~K01736	96.4	240	240	100.0	240	0.0	2e-104	720	98	240	240	2e-104
MAG_CΩX11_26	UniRef100_X11_26~K15521	96.4	289	289	100.0	289	0.0	2e-104	867	98	289	289	2e-104
MAG_CΩX11_27	UniRef100_X11_27~K00609	96.4	209	209	100.0	209	0.0	2e-104	627	98	209	209	2e-104
MAG_CΩX11_32	UniRef100_X11_32~K01056	96.4	287	287	100.0	287	0.0	2e-104	861	98	287	287	2e-104
MAG_CΩX11_33	UniRef100_X11_33~K03709	96.4	359	359	100.0	359	0.0	2e-104	1077	98	359	359	2e-104
MAG_CΩX11_36	UniRef100_X11_36~K01465	96.4	289	289	100.0	289	0.0	2e-104	867	98	289	289	2e-104
MAG_CΩX11_37	UniRef100_X11_37~K06999	96.4	127	127	100.0	127	0.0	2e-104	381	98	127	127	2e-104
MAG_CΩX11_40	UniRef100_X11_40~K00817	96.4	281	281	100.0	281	0.0	2e-104	843	98	281	281	2e-104
MAG_CΩX11_43	UniRef100_X11_43~K01945	96.4	263	263	100.0	263	0.0	2e-104	789	98	263	263	2e-104
MAG_CΩX11_44	UniRef100_X11_44~K02919	96.4	335	335	100.0	335	0.0	2e-104	1005	98	335	335	2e-104
MAG_CΩX11_47	UniRef100_X11_47~K01857	96.4	240	240	100.0	240	0.0	2e-104	720	98	240	240	2e-104
MAG_CΩX11_49	UniRef100_X11_49~K06147	96.4	302	302	100.0	302	0.0	2e-104	906	98	302	302	2e-104
MAG_CΩX11_50	UniRef100_X11_50~K12256	96.4	313	313	100.0	313	0.0	2e-104	939	98	313	313	2e-104
MAG_CΩX11_51	UniRef100_X11_51~K11733	96.4	324	324	100.0	324	0.0	2e-104	972	98	324	324	2e-104
MAG_CΩX11_55	UniRef100_X11_55~K05521	96.4	333	333	100.0	333	0.0	2e-104	999	98	333	333	2e-104
MAG_CΩX11_57	UniRef100_X11_57~K06997	96.4	328	328	100.0	328	0.0	2e-104	984	98	328	328	2e-104
MAG_CΩX11_58	UniRef100_X11_58~K00663	96.4	363	363	100.0	363	0.0	2e-104	1089	98	363	363	2e-104
MAG_CΩX11_59	UniRef100_X11_59~K03798	96.4	255	255	100.0	255	0.0	2e-104	765	98	255	255	2e-104
MAG_CΩX11_61	UniRef100_X11_61~K07238	96.4	314	314	100.0	314	0.0	2e-104	942	98	314	314	2e-104
MAG_CΩX11_62	UniRef100_X11_62~K01304	96.4	315	315	100.0	315	0.0	2e-104	945	98	315	315	2e-104
MAG_CΩX11_65	UniRef100_X11_65~K07483	96.4	360	360	100.0	360	0.0	2e-104	1080	98	360	360	2e-104
MAG_CΩX11_66	UniRef100_X11_66~K00163	96.4	293	293	100.0	293	0.0	2e-104	879	98	293	293	2e-104
MAG_CΩX11_68	UniRef100_X11_68~K03531	96.4	332	332	100.0	332	0.0	2e-104	996	98	332	332	2e-104
MAG_CΩX11_69	UniRef100_X11_69~K03436	96.4	314	314	100.0	314	0.0	2e-104	942	98	314	314	2e-104
MAG_CΩX11_71	UniRef100_X11_71~K03647	96.4	334	334	100.0	334	0.0	2e-104	1002	98	334	334	2e-104
MAG_CΩX11_72	UniRef100_X11_72~K03574	96.4	270	270	100.0	270	0.0	2e-104	810	98	270	270	2e-104
MAG_CΩX11_73	UniRef100_X11_73~K01990	96.4	376	376	100.0	376	0.0	2e-104	1128	98	376	376	2e-104
MAG_CΩX11_74	UniRef100_X11_74~K00937	96.4	256	256	100.0	256	0.0	2e-104	768	98	256	256	2e-104
MAG_CΩX11_76	UniRef100_X11_76~K09693	96.4	340	340	100.0	340	0.0	2e-104	1020	98	340	340	2e-104
MAG_CΩX11_77	UniRef100_X11_77~K18926	96.4	269	269	100.0	269	0.0	2e-104	807	98	269	269	2e-104
MAG_CΩX11_80	UniRef100_X11_80~K00928	96.4	241	241	100.0	241	0.0	2e-104	723	98	241	241	2e-104
MAG_CΩX11_87	UniRef100_X11_87~K01126	96.4	271	271	100.0	271	0.0	2e-104	813	98	271	271	2e-104
MAG_CΩX11_89	UniRef100_X11_89~K02035	96.4	226	226	100.0	226	0.0	2e-104	678	98	226	226	2e-104
MAG_CΩX11_93	UniRef100_X11_93~K07497	96.4	326	326	100.0	326	0.0	2e-104	978	98	326	326	2e-104
MAG_CΩX11_99	UniRef100_X11_99~K01992	96.4	379	379	100.0	379	0.0	2e-104	1137	98	379	379	2e-104
MAG_CΩX11_100	UniRef100_X11_100~K01887	96.4	202	202	100.0	202	0.0	2e-104	606	98	202	202	2e-104
MAG_CΩX11_102	UniRef100_X11_102~K02356	96.4	290	290	100.0	290	0.0	2e-104	870	98	290	290	2e-104
MAG_CΩX11_107	UniRef100_X11_107~K01214	96.4	356	356	100.0	356	0.0	2e-104	1068	98	356	356	2e-104
MAG_CΩX11_108	UniRef100_X11_108~K14162	96.4	324	324	100.0	324	0.0	2e-104	972	98	324	324	2e-104
MAG_CΩX11_114	UniRef100_X11_114~K01495	96.4	237	237	100.0	237	0.0	2e-104	711	98	237	237	2e-104
MAG_CΩX11_118	UniRef100_X11_118~K01142	96.4	284	284	100.0	284	0.0	2e-104	852	98	284	284	2e-104
MAG_CΩX11_119	UniRef100_X11_119~K02109	96.4	354	354	100.0	354	0.0	2e-104	1062	98	354	354	2e-104
MAG_CΩX11_120	UniRef100_X11_120~K10009	96.4	171	171	100.0	171	0.0	2e-104	513	98	171	171	2e-104
MAG_CΩX11_122	UniRef100_X11_122~K00278	96.4	306	306	100.0	306	0.0	2e-104	918	98	306	306	2e-104
MAG_CΩX11_124	UniRef100_X11_124~K03699	96.4	323	323	100.0	323	0.0	2e-104	969	98	323	323	2e-104
MAG_CΩX11_128	UniRef100_X11_128~K02057	96.4	266	266	100.0	266	0.0	2e-104	798	98	266	266	2e-104
MAG_CΩX11_131	UniRef100_X11_131~K00344	96.4	225	225	100.0	225	0.0	2e-104	675	98	225	225	2e-104
MAG_CΩX11_132	UniRef100_X11_132~K08998	96.4	337	337	100.0	337	0.0	2e-104	1011	98	337	337	2e-104
MAG_CΩX11_134	UniRef100_X11_134~K10773	96.4	296	296	100.0	296	0.0	2e-104	888	98	296	296	2e-104
MAG_CΩX11_136	UniRef100_X11_136~K01740	96.4	256	256	100.0	256	0.0	2e-104	768	98	256	256	2e-104
MAG_CΩX11_137	UniRef100_X11_137~K05567	96.4	316	316	100.0	316	0.0	2e-104	948	98	316	316	2e-104
MAG_CΩX11_138	UniRef100_X11_138~K01890	96.4	266	266	100.0	266	0.0	2e-104	798	98	266	266	2e-104
MAG_CΩX11_141	UniRef100_X11_141~K03786	96.4	420	420	100.0	420	0.0	2e-104	1260	98	420	420	2e-104
MAG_CΩX11_144	UniRef100_X11_144~K07497	96.4	233	233	100.0	233	0.0	2e-104	699	98	233	233	2e-104
MAG_CΩX11_145	UniRef100_X11_145~K02926	96.4	372	372	100.0	372	0.0	2e-104	1116	98	372	372	2e-104
MAG_CΩX11_147	UniRef100_X11_147~K04091	96.4	325	325	100.0	325	0.0	2e-104	975	98	325	325	2e-104
MAG_CΩX11_151	UniRef100_X11_151~K03718	96.4	271	271	100.0	271	0.0	2e-104	813	98	271	271	2e-104
MAG_CΩX11_152	UniRef100_X11_152~K02967	96.4	298	298	100.0	298	0.0	2e-104	894	98	298	298	2e-104
MAG_CΩX11_155	UniRef100_X11_155~K02015	96.4	209	209	100.0	209	0.0	2e-104	627	98	209	209	2e-104
MAG_CΩX11_157	UniRef100_X11_157~K02342	96.4	352	352	100.0	352	0.0	2e-104	1056	98	352	352	2e-104
MAG_CΩX11_158	UniRef100_X11_158~K01358	96.4	240	240	100.0	240	0.0	2e-104	720	98	240	240	2e-104
MAG_CΩX11_160	UniRef100_X11_160~K01239	96.4	346	346	100.0	346	0.0	2e-104	1038	98	346	346	2e-104
MAG_CΩX11_161	UniRef100_X11_161~K01740	96.4	281	281	100.0	281	0.0	2e-104	843	98	281	281	2e-104
MAG_CΩX11_164	UniRef100_X11_164~K00566	96.4	175	175	100.0	175	0.0	2e-104	525	98	175	175	2e-104
MAG_CΩX11_166	UniRef100_X11_166~K00301	96.4	318	318	100.0	318	0.0	2e-104	954	98	318	318	2e-104
MAG_CΩX11_168	UniRef100_X11_168~K09125	96.4	335	335	100.0	335	0.0	2e-104	1005	98	335	335	2e-104
MAG_CΩX11_169	UniRef100_X11_169~K08172	96.4	255	255	100.0	255	0.0	2e-104	765	98	255	255	2e-104
MAG_CΩX11_171	UniRef100_X11_171~K02529	96.4	286	286	100.0	286	0.0	2e-104	858	98	286	286	2e-104
MAG_CΩX11_172	UniRef100_X11_172~K00382	96.4	329	329	100.0	329	0.0	2e-104	987	98	329	329	2e-104
MAG_CΩX11_173	UniRef100_X11_173~K00525	96.4	213	213	100.0	213	0.0	2e-104	639	98	213	213	2e-104
MAG_CΩX11_176	UniRef100_X11_176~K03545	96.4	240	240	100.0	240	0.0	2e-104	720	98	240	240	2e-104
MAG_CΩX11_181	UniRef100_X11_181~K00130	96.4	303	303	100.0	303	0.0	2e-104	909	98	303	303	2e-104
MAG_CΩX11_182	UniRef100_X11_182~K08172	96.4	338	338	100.0	338	0.0	2e-104	1014	98	338	338	2e-104
MAG_CΩX11_183	UniRef100_X11_183~K00215	96.4	275	275	100.0	275	0.0	2e-104	825	98	275	275	2e-104
MAG_CΩX11_185	UniRef100_X11_185~K02112	96.4	303	303	100.0	303	0.0	2e-104	909	98	303	303	2e-104
MAG_CΩX11_187	UniRef100_X11_187~K07335	96.4	296	296	100.0	296	0.0	2e-104	888	98	296	296	2e-104
MAG_CΩX11_188	UniRef100_X11_188~K02825	96.4	397	397	100.0	397	0.0	2e-104	1191	98	397	397	2e-104
MAG_CΩX11_189	UniRef100_X11_189~K05522	96.4	390	390	100.0	390	0.0	2e-104	1170	98	390	390	2e-104
MAG_CΩX11_192	UniRef100_X11_192~K01719	96.4	346	346	100.0	346	0.0	2e-104	1038	98	346	346	2e-104
MAG_CΩX11_194	UniRef100_X11_194~K02000	96.4	317	317	100.0	317	0.0	2e-104	951	98	317	317	2e-104
MAG_CΩX11_195	UniRef100_X11_195~K02028	96.4	367	367	100.0	367	0.0	2e-104	1101	98	367	367	2e-104
MAG_CΩX11_196	UniRef100_X11_196~K00059	96.4	265	265	100.0	265	0.0	2e-104	795	98	265	265	2e-104
MAG_CΩX11_197	UniRef100_X11_197~K01638	96.4	492	492	100.0	492	0.0	2e-104	1476	98	492	492	2e-104
MAG_CΩX11_200	UniRef100_X11_200~K00946	96.4	306	306	100.0	306	0.0	2e-104	918	98	306	306	2e-104
MAG_CΩX11_201	UniRef100_X11_201~K01453	96.4	336	336	100.0	336	0.0	2e-104	1008	98	336	336	2e-104
MAG_CΩX11_203	UniRef100_X11_203~K06989	96.4	344	344	100.0	344	0.0	2e-104	1032	98	344	344	2e-104
MAG_CΩX11_204	UniRef100_X11_204~K00873	96.4	347	347	100.0	347	0.0	2e-104	1041	98	347	347	2e-104
MAG_CΩX11_205	UniRef100_X11_205~K02609	96.4	330	330	100.0	330	0.0	2e-104	990	98	330	330	2e-104
MAG_CΩX11_208	UniRef100_X11_208~K03308	96.4	257	257	100.0	257	0.0	2e-104	771	98	257	257	2e-104
MAG_CΩX11_213	UniRef100_X11_213~K13038	96.4	263	263	100.0	263	0.0	2e-104	789	98	263	263	2e-104
MAG_CΩX11_216	UniRef100_X11_216~K08234	96.4	325	325	100.0	325	0.0	2e-104	975	98	325	325	2e-104
MAG_CΩX11_217	UniRef100_X11_217~K00285	96.4	363	363	100.0	363	0.0	2e-104	1089	98	363	363	2e-104
MAG_CΩX11_222	UniRef100_X11_222~K02035	96.4	330	330	100.0	330	0.0	2e-104	990	98	330	330	2e-104
MAG_CΩX11_224	UniRef100_X11_224~K07654	96.4	141	141	100.0	141	0.0	2e-104	423	98	141	141	2e-104
MAG_CΩX11_226	UniRef100_X11_226~K03574	96.4	321	321	100.0	321	0.0	2e-104	963	98	321	321	2e-104
MAG_CΩX11_227	UniRef100_X11_227~K13789	96.4	367	367	100.0	367	0.0	2e-104	1101	98	367	367	2e-104
MAG_CΩX11_228	UniRef100_X11_228~K02040	96.4	317	317	100.0	317	0.0	2e-104	951	98	317	317	2e-104
MAG_CΩX11_231	UniRef100_X11_231~K03644	96.4	186	186	100.0	186	0.0	2e-104	558	98	186	186	2e-104
MAG_CΩX11_234	UniRef100_X11_234~K07497	96.4	276	276	100.0	276	0.0	2e-104	828	98	276	276	2e-104
MAG_CΩX11_237	UniRef100_X11_237~K00936	96.4	226	226	100.0	226	0.0	2e-104	678	98	226	226	2e-104
MAG_CΩX11_238	UniRef100_X11_238~K01524	96.4	504	504	100.0	504	0.0	2e-104	1512	98	504	504	2e-104
MAG_CΩX11_239	UniRef100_X11_239~K16923	96.4	334	334	100.0	334	0.0	2e-104	1002	98	334	334	2e-104
MAG_CΩX11_241	UniRef100_X11_241~K02509	96.4	260	260	100.0	260	0.0	2e-104	780	98	260	260	2e-104
MAG_CΩX11_243	UniRef100_X11_243~K02654	96.4	335	335	100.0	335	0.0	2e-104	1005	98	335	335	2e-104
MAG_CΩX11_244	UniRef100_X11_244~K00939	96.4	393	393	100.0	393	0.0	2e-104	1179	98	393	393	2e-104
MAG_CΩX11_246	UniRef100_X11_246~K02529	96.4	261	261	100.0	261	0.0	2e-104	783	98	261	261	2e-104
MAG_CΩX11_247	UniRef100_X11_247~K07093	96.4	155	155	100.0	155	0.0	2e-104	465	98	155	155	2e-104
MAG_CΩX11_248	UniRef100_X11_248~K06133	96.4	300	300	100.0	300	0.0	2e-104	900	98	300	300	2e-104
MAG_CΩX11_249	UniRef100_X11_249~K01515	96.4	293	293	100.0	293	0.0	2e-104	879	98	293	293	2e-104
MAG_CΩX11_252	UniRef100_X11_252~K01057	96.4	247	247	100.0	247	0.0	2e-104	741	98	247	247	2e-104
MAG_CΩX11_253	UniRef100_X11_253~K16783	96.4	452	452	100.0	452	0.0	2e-104	1356	98	452	452	2e-104
MAG_CΩX11_254	UniRef100_X11_254~K00674	96.4	351	351	100.0	351	0.0	2e-104	1053	98	351	351	2e-104
MAG_CΩX11_256	UniRef100_X11_256~K11752	96.4	269	269	100.0	269	0.0	2e-104	807	98	269	269	2e-104
MAG_CΩX11_259	UniRef100_X11_259~K06213	96.4	344	344	100.0	344	0.0	2e-104	1032	98	344	344	2e-104
MAG_CΩX11_261	UniRef100_X11_261~K00700	96.4	269	269	100.0	269	0.0	2e-104	807	98	269	269	2e-104
MAG_CΩX11_265	UniRef100_X11_265~K10242	96.4	386	386	100.0	386	0.0	2e-104	1158	98	386	386	2e-104
MAG_CΩX11_266	UniRef100_X11_266~K01638	96.4	161	161	100.0	161	0.0	2e-104	483	98	161	161	2e-104
MAG_CΩX11_267	UniRef100_X11_267~K00826	96.4	294	294	100.0	294	0.0	2e-104	882	98	294	294	2e-104
MAG_CΩX11_271	UniRef100_X11_271~K02510	96.4	261	261	100.0	261	0.0	2e-104	783	98	261	261	2e-104
MAG_CΩX11_275	UniRef100_X11_275~K00549	96.4	301	301	100.0	301	0.0	2e-104	903	98	301	301	2e-104
MAG_CΩX11_276	UniRef100_X11_276~K02470	96.4	331	331	100.0	331	0.0	2e-104	993	98	331	331	2e-104
MAG_CΩX11_277	UniRef100_X11_277~K05522	96.4	420	420	100.0	420	0.0	2e-104	1260	98	420	420	2e-104
MAG_CΩX11_282	UniRef100_X11_282~K01892	96.4	249	249	100.0	249	0.0	2e-104	747	98	249	249	2e-104
MAG_CΩX11_283	UniRef100_X11_283~K01752	96.4	336	336	100.0	336	0.0	2e-104	1008	98	336	336	2e-104
MAG_CΩX11_284	UniRef100_X11_284~K00239	96.4	226	226	100.0	226	0.0	2e-104	678	98	226	226	2e-104
MAG_CΩX11_287	UniRef100_X11_287~K00074	96.4	244	244	100.0	244	0.0	2e-104	732	98	244	244	2e-104
MAG_CΩX11_288	UniRef100_X11_288~K02600	96.4	350	350	100.0	350	0.0	2e-104	1050	98	350	350	2e-104
MAG_CΩX11_289	UniRef100_X11_289~K01579	96.4	258	258	100.0	258	0.0	2e-104	774	98	258	258	2e-104
MAG_CΩX11_291	UniRef100_X11_291~K01489	96.4	286	286	100.0	286	0.0	2e-104	858	98	286	286	2e-104
MAG_CΩX11_296	UniRef100_X11_296~K00058	96.4	377	377	100.0	377	0.0	2e-104	1131	98	377	377	2e-104
MAG_CΩZ01_4	UniRef100_Z01_4~K06215	96.4	444	444	100.0	444	0.0	2e-104	1332	98	444	444	2e-104
MAG_CΩZ01_6	UniRef100_Z01_6~K02005	96.4	322	322	100.0	322	0.0	2e-104	966	98	322	322	2e-104
MAG_CΩZ01_7	UniRef100_Z01_7~K01338	96.4	304	304	100.0	304	0.0	2e-104	912	98	304	304	2e-104
MAG_CΩZ01_8	UniRef100_Z01_8~K02108	96.4	351	351	100.0	351	0.0	2e-104	1053	98	351	351	2e-104
MAG_CΩZ01_10	UniRef100_Z01_10~K01738	96.4	340	340	100.0	340	0.0	2e-104	1020	98	340	340	2e-104
MAG_CΩZ01_13	UniRef100_Z01_13~K20885	96.4	429	429	100.0	429	0.0	2e-104	1287	98	429	429	2e-104
MAG_CΩZ01_17	UniRef100_Z01_17~K07714	96.4	327	327	100.0	327	0.0	2e-104	981	98	327	327	2e-104
MAG_CΩZ01_25	UniRef100_Z01_25~K01468	96.4	402	402	100.0	402	0.0	2e-104	1206	98	402	402	2e-104
MAG_CΩZ01_28	UniRef100_Z01_28~K06928	96.4	324	324	100.0	324	0.0	2e-104	972	98	324	324	2e-104
MAG_CΩZ01_30	UniRef100_Z01_30~K00567	96.4	469	469	100.0	469	0.0	2e-104	1407	98	469	469	2e-104
MAG_CΩZ01_32	UniRef100_Z01_32~K01704	96.4	269	269	100.0	269	0.0	2e-104	807	98	269	269	2e-104
MAG_CΩZ01_33	UniRef100_Z01_33~K13292	96.4	315	315	100.0	315	0.0	2e-104	945	98	315	315	2e-104
MAG_CΩZ01_34	UniRef100_Z01_34~K03523	96.4	349	349	100.0	349	0.0	2e-104	1047	98	349	349	2e-104
MAG_CΩZ01_36	UniRef100_Z01_36~K11753	96.4	346	346	100.0	346	0.0	2e-104	1038	98	346	346	2e-104
MAG_CΩZ01_37	UniRef100_Z01_37~K00812	96.4	374	374	100.0	374	0.0	2e-104	1122	98	374	374	2e-104
MAG_CΩZ01_39	UniRef100_Z01_39~K04749	96.4	270	270	100.0	270	0.0	2e-104	810	98	270	270	2e-104
MAG_CΩZ01_40	UniRef100_Z01_40~K06207	96.4	420	420	100.0	420	0.0	2e-104	1260	98	420	420	2e-104
MAG_CΩZ01_41	UniRef100_Z01_41~K07263	96.4	377	377	100.0	377	0.0	2e-104	1131	98	377	377	2e-104
MAG_CΩZ01_43	UniRef100_Z01_43~K01627	96.4	357	357	100.0	357	0.0	2e-104	1071	98	357	357	2e-104
MAG_CΩZ01_45	UniRef100_Z01_45~K00721	96.4	359	359	100.0	359	0.0	2e-104	1077	98	359	359	2e-104
MAG_CΩZ01_46	UniRef100_Z01_46~K03978	96.4	300	300	100.0	300	0.0	2e-104	900	98	300	300	2e-104
MAG_CΩZ01_48	UniRef100_Z01_48~K03602	96.4	351	351	100.0	351	0.0	2e-104	1053	98	351	351	2e-104
MAG_CΩZ01_49	UniRef100_Z01_49~K03702	96.4	286	286	100.0	286	0.0	2e-104	858	98	286	286	2e-104
MAG_CΩZ01_52	UniRef100_Z01_52~K09015	96.4	293	293	100.0	293	0.0	2e-104	879	98	293	293	2e-104
MAG_CΩZ01_55	UniRef100_Z01_55~K07402	96.4	250	250	100.0	250	0.0	2e-104	750	98	250	250	2e-104
MAG_CΩZ01_57	UniRef100_Z01_57~K03671	96.4	326	326	100.0	326	0.0	2e-104	978	98	326	326	2e-104
MAG_CΩZ01_59	UniRef100_Z01_59~K03531	96.4	375	375	100.0	375	0.0	2e-104	1125	98	375	375	2e-104
MAG_CΩZ01_63	UniRef100_Z01_63~K07079	96.4	393	393	100.0	393	0.0	2e-104	1179	98	393	393	2e-104
MAG_CΩZ01_64	UniRef100_Z01_64~K03625	96.4	316	316	100.0	316	0.0	2e-104	948	98	316	316	2e-104
MAG_CΩZ01_65	UniRef100_Z01_65~K01465	96.4	282	282	100.0	282	0.0	2e-104	846	98	282	282	2e-104
MAG_CΩZ01_66	UniRef100_Z01_66~K04564	96.4	291	291	100.0	291	0.0	2e-104	873	98	291	291	2e-104
MAG_CΩZ01_69	UniRef100_Z01_69~K09769	96.4	348	348	100.0	348	0.0	2e-104	1044	98	348	348	2e-104
MAG_CΩZ01_72	UniRef100_Z01_72~K06996	96.4	269	269	100.0	269	0.0	2e-104	807	98	269	269	2e-104
MAG_CΩZ01_73	UniRef100_Z01_73~K09903	96.4	359	359	100.0	359	0.0	2e-104	1077	98	359	359	2e-104
MAG_CΩZ01_75	UniRef100_Z01_75~K03704	96.4	369	369	100.0	369	0.0	2e-104	1107	98	369	369	2e-104
MAG_CΩZ01_76	UniRef100_Z01_76~K05979	96.4	310	310	100.0	310	0.0	2e-104	930	98	310	310	2e-104
MAG_CΩZ01_77	UniRef100_Z01_77~K09117	96.4	397	397	100.0	397	0.0	2e-104	1191	98	397	397	2e-104
MAG_CΩZ01_79	UniRef100_Z01_79~K00128	96.4	333	333	100.0	333	0.0	2e-104	999	98	333	333	2e-104
MAG_CΩZ01_80	UniRef100_Z01_80~K07114	96.4	379	379	100.0	379	0.0	2e-104	1137	98	379	379	2e-104
MAG_CΩZ01_81	UniRef100_Z01_81~K19710	96.4	327	327	100.0	327	0.0	2e-104	981	98	327	327	2e-104
MAG_CΩZ01_83	UniRef100_Z01_83~K01990	96.4	352	352	100.0	352	0.0	2e-104	1056	98	352	352	2e-104
MAG_CΩZ01_84	UniRef100_Z01_84~K01524	96.4	305	305	100.0	305	0.0	2e-104	915	98	305	305	2e-104
MAG_CΩZ01_86	UniRef100_Z01_86~K11720	96.4	429	429	100.0	429	0.0	2e-104	1287	98	429	429	2e-104
MAG_CΩZ01_88	UniRef100_Z01_88~K01951	96.4	371	371	100.0	371	0.0	2e-104	1113	98	371	371	2e-104
MAG_CΩZ01_89	UniRef100_Z01_89~K02237	96.4	532	532	100.0	532	0.0	2e-104	1596	98	532	532	2e-104
MAG_CΩZ01_91	UniRef100_Z01_91~K15727	96.4	293	293	100.0	293	0.0	2e-104	879	98	293	293	2e-104
MAG_CΩZ01_94	UniRef100_Z01_94~K01588	96.4	296	296	100.0	296	0.0	2e-104	888	98	296	296	2e-104
MAG_CΩZ01_95	UniRef100_Z01_95~K03594	96.4	269	269	100.0	269	0.0	2e-104	807	98	269	269	2e-104
MAG_CΩZ01_97	UniRef100_Z01_97~K02435	96.4	371	371	100.0	371	0.0	2e-104	1113	98	371	371	2e-104
MAG_CΩZ01_98	UniRef100_Z01_98~K00616	96.4	227	227	100.0	227	0.0	2e-104	681	98	227	227	2e-104
MAG_CΩZ01_99	UniRef100_Z01_99~K01996	96.4	342	342	100.0	342	0.0	2e-104	1026	98	342	342	2e-104
MAG_CΩZ01_100	UniRef100_Z01_100~K09748	96.4	453	453	100.0	453	0.0	2e-104	1359	98	453	453	2e-104
MAG_CΩZ01_101	UniRef100_Z01_101~K03924	96.4	328	328	100.0	328	0.0	2e-104	984	98	328	328	2e-104
MAG_CΩZ01_102	UniRef100_Z01_102~K03705	96.4	322	322	100.0	322	0.0	2e-104	966	98	322	322	2e-104
MAG_CΩZ01_103	UniRef100_Z01_103~K00604	96.4	355	355	100.0	355	0.0	2e-104	1065	98	355	355	2e-104
MAG_CΩZ01_110	UniRef100_Z01_110~K02911	96.4	214	214	100.0	214	0.0	2e-104	642	98	214	214	2e-104
MAG_CΩZ02_1	UniRef100_Z02_1~K09747	96.4	397	397	100.0	397	0.0	2e-104	1191	98	397	397	2e-104
MAG_CΩZ02_6	UniRef100_Z02_6~K03606	96.4	307	307	100.0	307	0.0	2e-104	921	98	307	307	2e-104
MAG_CΩZ02_7	UniRef100_Z02_7~K00767	96.4	298	298	100.0	298	0.0	2e-104	894	98	298	298	2e-104
MAG_CΩZ02_10	UniRef100_Z02_10~K01903	96.4	326	326	100.0	326	0.0	2e-104	978	98	326	326	2e-104
MAG_CΩZ02_11	UniRef100_Z02_11~K02274	96.4	344	344	100.0	344	0.0	2e-104	1032	98	344	344	2e-104
MAG_CΩZ02_13	UniRef100_Z02_13~K07150	96.4	281	281	100.0	281	0.0	2e-104	843	98	281	281	2e-104
MAG_CΩZ02_17	UniRef100_Z02_17~K01733	96.4	273	273	100.0	273	0.0	2e-104	819	98	273	273	2e-104
MAG_CΩZ02_18	UniRef100_Z02_18~K08301	96.4	305	305	100.0	305	0.0	2e-104	915	98	305	305	2e-104
MAG_CΩZ02_20	UniRef100_Z02_20~K00571	96.4	271	271	100.0	271	0.0	2e-104	813	98	271	271	2e-104
MAG_CΩZ02_23	UniRef100_Z02_23~K03797	96.4	376	376	100.0	376	0.0	2e-104	1128	98	376	376	2e-104
MAG_CΩZ02_25	UniRef100_Z02_25~K03561	96.4	241	241	100.0	241	0.0	2e-104	723	98	241	241	2e-104
MAG_CΩZ02_26	UniRef100_Z02_26~K08358	96.4	302	302	100.0	302	0.0	2e-104	906	98	302	302	2e-104
MAG_CΩZ02_29	UniRef100_Z02_29~K00184	96.4	369	369	100.0	369	0.0	2e-104	1107	98	369	369	2e-104
MAG_CΩZ02_30	UniRef100_Z02_30~K07478	96.4	302	302	100.0	302	0.0	2e-104	906	98	302	302	2e-104
MAG_CΩZ02_32	UniRef100_Z02_32~K00340	96.4	346	346	100.0	346	0.0	2e-104	1038	98	346	346	2e-104
MAG_CΩZ02_33	UniRef100_Z02_33~K01711	96.4	430	430	100.0	430	0.0	2e-104	1290	98	430	430	2e-104
MAG_CΩZ02_34	UniRef100_Z02_34~K13628	96.4	385	385	100.0	385	0.0	2e-104	1155	98	385	385	2e-104
MAG_CΩZ02_38	UniRef100_Z02_38~K01207	96.4	296	296	100.0	296	0.0	2e-104	888	98	296	296	2e-104
MAG_CΩZ02_40	UniRef100_Z02_40~K03973	96.4	407	407	100.0	407	0.0	2e-104	1221	98	407	407	2e-104
MAG_CΩZ02_43	UniRef100_Z02_43~K00341	96.4	373	373	100.0	373	0.0	2e-104	1119	98	373	373	2e-104
MAG_CΩZ02_44	UniRef100_Z02_44~K01870	96.4	343	343	100.0	343	0.0	2e-104	1029	98	343	343	2e-104
MAG_CΩZ02_48	UniRef100_Z02_48~K14742	96.4	302	302	100.0	302	0.0	2e-104	906	98	302	302	2e-104
MAG_CΩZ02_49	UniRef100_Z02_49~K00131	96.4	432	432	100.0	432	0.0	2e-104	1296	98	432	432	2e-104
MAG_CΩZ02_50	UniRef100_Z02_50~K00926	96.4	392	392	100.0	392	0.0	2e-104	1176	98	392	392	2e-104
MAG_CΩZ02_51	UniRef100_Z02_51~K04096	96.4	443	443	100.0	443	0.0	2e-104	1329	98	443	443	2e-104
MAG_CΩZ02_52	UniRef100_Z02_52~K03499	96.4	309	309	100.0	309	0.0	2e-104	927	98	309	309	2e-104
MAG_CΩZ02_58	UniRef100_Z02_58~K00339	96.4	401	401	100.0	401	0.0	2e-104	1203	98	401	401	2e-104
MAG_CΩZ02_61	UniRef100_Z02_61~K01963	96.4	266	266	100.0	266	0.0	2e-104	798	98	266	266	2e-104
MAG_CΩZ02_62	UniRef100_Z02_62~K03652	96.4	362	362	100.0	362	0.0	2e-104	1086	98	362	362	2e-104
MAG_CΩZ02_65	UniRef100_Z02_65~K15987	96.4	313	313	100.0	313	0.0	2e-104	939	98	313	313	2e-104
MAG_CΩZ02_68	UniRef100_Z02_68~K00946	96.4	334	334	100.0	334	0.0	2e-104	1002	98	334	334	2e-104
MAG_CΩZ02_69	UniRef100_Z02_69~K00966	96.4	310	310	100.0	310	0.0	2e-104	930	98	310	310	2e-104
MAG_CΩZ02_72	UniRef100_Z02_72~K01077	96.4	314	314	100.0	314	0.0	2e-104	942	98	314	314	2e-104
MAG_CΩZ02_73	UniRef100_Z02_73~K03183	96.4	272	272	100.0	272	0.0	2e-104	816	98	272	272	2e-104
MAG_CΩZ02_75	UniRef100_Z02_75~K02825	96.4	459	459	100.0	459	0.0	2e-104	1377	98	459	459	2e-104
MAG_CΩZ02_76	UniRef100_Z02_76~K08309	96.4	262	262	100.0	262	0.0	2e-104	786	98	262	262	2e-104
MAG_CΩZ02_77	UniRef100_Z02_77~K03074	96.4	275	275	100.0	275	0.0	2e-104	825	98	275	275	2e-104
MAG_CΩZ02_78	UniRef100_Z02_78~K00174	96.4	376	376	100.0	376	0.0	2e-104	1128	98	376	376	2e-104
MAG_CΩZ02_79	UniRef100_Z02_79~K01662	96.4	308	308	100.0	308	0.0	2e-104	924	98	308	308	2e-104
MAG_CΩZ02_82	UniRef100_Z02_82~K02945	96.4	284	284	100.0	284	0.0	2e-104	852	98	284	284	2e-104
MAG_CΩZ02_85	UniRef100_Z02_85~K02914	96.4	338	338	100.0	338	0.0	2e-104	1014	98	338	338	2e-104
MAG_CΩZ02_92	UniRef100_Z02_92~K07003	96.4	412	412	100.0	412	0.0	2e-104	1236	98	412	412	2e-104
MAG_CΩZ02_95	UniRef100_Z02_95~K00942	96.4	358	358	100.0	358	0.0	2e-104	1074	98	358	358	2e-104
MAG_CΩZ02_96	UniRef100_Z02_96~K01489	96.4	454	454	100.0	454	0.0	2e-104	1362	98	454	454	2e-104
MAG_CΩZ02_98	UniRef100_Z02_98~K02863	96.4	292	292	100.0	292	0.0	2e-104	876	98	292	292	2e-104
MAG_CΩZ02_99	UniRef100_Z02_99~K03723	96.4	326	326	100.0	326	0.0	2e-104	978	98	326	326	2e-104
MAG_CΩZ03_6	UniRef100_Z03_6~K07001	96.4	342	342	100.0	342	0.0	2e-104	1026	98	342	342	2e-104
MAG_CΩZ03_7	UniRef100_Z03_7~K01926	96.4	321	321	100.0	321	0.0	2e-104	963	98	321	321	2e-104
MAG_CΩZ03_11	UniRef100_Z03_11~K02437	96.4	352	352	100.0	352	0.0	2e-104	1056	98	352	352	2e-104
MAG_CΩZ03_14	UniRef100_Z03_14~K03471	96.4	429	429	100.0	429	0.0	2e-104	1287	98	429	429	2e-104
MAG_CΩZ03_15	UniRef100_Z03_15~K02197	96.4	326	326	100.0	326	0.0	2e-104	978	98	326	326	2e-104
MAG_CΩZ03_16	UniRef100_Z03_16~K01770	96.4	428	428	100.0	428	0.0	2e-104	1284	98	428	428	2e-104
MAG_CΩZ03_17	UniRef100_Z03_17~K07588	96.4	360	360	100.0	360	0.0	2e-104	1080	98	360	360	2e-104
MAG_CΩZ03_21	UniRef100_Z03_21~K01840	96.4	312	312	100.0	312	0.0	2e-104	936	98	312	312	2e-104
MAG_CΩZ03_22	UniRef100_Z03_22~K08591	96.4	302	302	100.0	302	0.0	2e-104	906	98	302	302	2e-104
MAG_CΩZ03_24	UniRef100_Z03_24~K00632	96.4	334	334	100.0	334	0.0	2e-104	1002	98	334	334	2e-104
MAG_CΩZ03_26	UniRef100_Z03_26~K03309	96.4	302	302	100.0	302	0.0	2e-104	906	98	302	302	2e-104
MAG_CΩZ03_27	UniRef100_Z03_27~K03088	96.4	379	379	100.0	379	0.0	2e-104	1137	98	379	379	2e-104
MAG_CΩZ03_29	UniRef100_Z03_29~K02518	96.4	320	320	100.0	320	0.0	2e-104	960	98	320	320	2e-104
MAG_CΩZ03_32	UniRef100_Z03_32~K03043	96.4	318	318	100.0	318	0.0	2e-104	954	98	318	318	2e-104
MAG_CΩZ03_33	UniRef100_Z03_33~K03517	96.4	264	264	100.0	264	0.0	2e-104	792	98	264	264	2e-104
MAG_CΩZ03_38	UniRef100_Z03_38~K15726	96.4	376	376	100.0	376	0.0	2e-104	1128	98	376	376	2e-104
MAG_CΩZ03_39	UniRef100_Z03_39~K03500	96.4	375	375	100.0	375	0.0	2e-104	1125	98	375	375	2e-104
MAG_CΩZ03_41	UniRef100_Z03_41~K08968	96.4	359	359	100.0	359	0.0	2e-104	1077	98	359	359	2e-104
MAG_CΩZ03_43	UniRef100_Z03_43~K05710	96.4	300	300	100.0	300	0.0	2e-104	900	98	300	300	2e-104
MAG_CΩZ03_46	UniRef100_Z03_46~K07263	96.4	357	357	100.0	357	0.0	2e-104	1071	98	357	357	2e-104
MAG_CΩZ04_1	UniRef100_Z04_1~K03833	96.4	311	311	100.0	311	0.0	2e-104	933	98	311	311	2e-104
MAG_CΩZ04_2	UniRef100_Z04_2~K03088	96.4	404	404	100.0	404	0.0	2e-104	1212	98	404	404	2e-104
MAG_CΩZ04_3	UniRef100_Z04_3~K07131	96.4	416	416	100.0	416	0.0	2e-104	1248	98	416	416	2e-104
MAG_CΩZ04_5	UniRef100_Z04_5~K01480	96.4	315	315	100.0	315	0.0	2e-104	945	98	315	315	2e-104
MAG_CΩZ04_9	UniRef100_Z04_9~K04063	96.4	323	323	100.0	323	0.0	2e-104	969	98	323	323	2e-104
MAG_CΩZ04_11	UniRef100_Z04_11~K07714	96.4	374	374	100.0	374	0.0	2e-104	1122	98	374	374	2e-104
MAG_CΩZ04_13	UniRef100_Z04_13~K00626	96.4	279	279	100.0	279	0.0	2e-104	837	98	279	279	2e-104
MAG_CΩZ04_14	UniRef100_Z04_14~K15980	96.4	398	398	100.0	398	0.0	2e-104	1194	98	398	398	2e-104
MAG_CΩZ04_18	UniRef100_Z04_18~K03698	96.4	381	381	100.0	381	0.0	2e-104	1143	98	381	381	2e-104
MAG_CΩZ04_19	UniRef100_Z04_19~K14652	96.4	371	371	100.0	371	0.0	2e-104	1113	98	371	371	2e-104
MAG_CΩZ04_20	UniRef100_Z04_20~K03590	96.4	387	387	100.0	387	0.0	2e-104	1161	98	387	387	2e-104
MAG_CΩZ04_21	UniRef100_Z04_21~K03572	96.4	476	476	100.0	476	0.0	2e-104	1428	98	476	476	2e-104
MAG_CΩZ04_22	UniRef100_Z04_22~K03564	96.4	304	304	100.0	304	0.0	2e-104	912	98	304	304	2e-104
MAG_CΩZ04_26	UniRef100_Z04_26~K03215	96.4	293	293	100.0	293	0.0	2e-104	879	98	293	293	2e-104
MAG_CΩZ04_30	UniRef100_Z04_30~K01952	96.4	338	338	100.0	338	0.0	2e-104	1014	98	338	338	2e-104
MAG_CΩZ04_31	UniRef100_Z04_31~K07001	96.4	360	360	100.0	360	0.0	2e-104	1080	98	360	360	2e-104
MAG_CΩZ04_32	UniRef100_Z04_32~K02950	96.4	375	375	100.0	375	0.0	2e-104	1125	98	375	375	2e-104
MAG_CΩZ04_35	UniRef100_Z04_35~K00788	96.4	328	328	100.0	328	0.0	2e-104	984	98	328	328	2e-104
MAG_CΩZ04_36	UniRef100_Z04_36~K02112	96.4	324	324	100.0	324	0.0	2e-104	972	98	324	324	2e-104
MAG_CΩZ04_37	UniRef100_Z04_37~K11189	96.4	368	368	100.0	368	0.0	2e-104	1104	98	368	368	2e-104
MAG_CΩZ04_41	UniRef100_Z04_41~K00330	96.4	353	353	100.0	353	0.0	2e-104	1059	98	353	353	2e-104
MAG_CΩZ04_42	UniRef100_Z04_42~K07301	96.4	333	333	100.0	333	0.0	2e-104	999	98	333	333	2e-104
MAG_CΩZ04_43	UniRef100_Z04_43~K02902	96.4	297	297	100.0	297	0.0	2e-104	891	98	297	297	2e-104
MAG_CΩZ04_45	UniRef100_Z04_45~K03405	96.4	283	283	100.0	283	0.0	2e-104	849	98	283	283	2e-104
MAG_CΩZ04_46	UniRef100_Z04_46~K13310	96.4	399	399	100.0	399	0.0	2e-104	1197	98	399	399	2e-104
MAG_CΩZ04_48	UniRef100_Z04_48~K03438	96.4	376	376	100.0	376	0.0	2e-104	1128	98	376	376	2e-104
MAG_CΩZ04_50	UniRef100_Z04_50~K00337	96.4	395	395	100.0	395	0.0	2e-104	1185	98	395	395	2e-104
MAG_CΩZ04_53	UniRef100_Z04_53~K02835	96.4	364	364	100.0	364	0.0	2e-104	1092	98	364	364	2e-104
MAG_CΩZ04_59	UniRef100_Z04_59~K01999	96.4	227	227	100.0	227	0.0	2e-104	681	98	227	227	2e-104
MAG_CΩZ05_1	UniRef100_Z05_1~K03168	96.4	383	383	100.0	383	0.0	2e-104	1149	98	383	383	2e-104
MAG_CΩZ05_4	UniRef100_Z05_4~K04077	96.4	375	375	100.0	375	0.0	2e-104	1125	98	375	375	2e-104
MAG_CΩZ05_7	UniRef100_Z05_7~K03594	96.4	363	363	100.0	363	0.0	2e-104	1089	98	363	363	2e-104
MAG_CΩZ05_8	UniRef100_Z05_8~K03551	96.4	297	297	100.0	297	0.0	2e-104	891	98	297	297	2e-104
MAG_CΩZ05_10	UniRef100_Z05_10~K00171	96.4	258	258	100.0	258	0.0	2e-104	774	98	258	258	2e-104
MAG_CΩZ05_11	UniRef100_Z05_11~K01745	96.4	237	237	100.0	237	0.0	2e-104	711	98	237	237	2e-104
MAG_CΩZ05_12	UniRef100_Z05_12~K00528	96.4	328	328	100.0	328	0.0	2e-104	984	98	328	328	2e-104
MAG_CΩZ05_14	UniRef100_Z05_14~K07090	96.4	228	228	100.0	228	0.0	2e-104	684	98	228	228	2e-104
MAG_CΩZ05_15	UniRef100_Z05_15~K15866	96.4	421	421	100.0	421	0.0	2e-104	1263	98	421	421	2e-104
MAG_CΩZ05_17	UniRef100_Z05_17~K03496	96.4	255	255	100.0	255	0.0	2e-104	765	98	255	255	2e-104
MAG_CΩZ05_18	UniRef100_Z05_18~K02527	96.4	423	423	100.0	423	0.0	2e-104	1269	98	423	423	2e-104
MAG_CΩZ05_19	UniRef100_Z05_19~K01255	96.4	205	205	100.0	205	0.0	2e-104	615	98	205	205	2e-104
MAG_CΩZ05_20	UniRef100_Z05_20~K00605	96.4	301	301	100.0	301	0.0	2e-104	903	98	301	301	2e-104
MAG_CΩZ05_21	UniRef100_Z05_21~K01251	96.4	292	292	100.0	292	0.0	2e-104	876	98	292	292	2e-104
MAG_CΩZ05_22	UniRef100_Z05_22~K11991	96.4	257	257	100.0	257	0.0	2e-104	771	98	257	257	2e-104
MAG_CΩZ05_23	UniRef100_Z05_23~K01006	96.4	248	248	100.0	248	0.0	2e-104	744	98	248	248	2e-104
MAG_CΩZ05_27	UniRef100_Z05_27~K09014	96.4	402	402	100.0	402	0.0	2e-104	1206	98	402	402	2e-104
MAG_CΩZ05_28	UniRef100_Z05_28~K01848	96.4	364	364	100.0	364	0.0	2e-104	1092	98	364	364	2e-104
MAG_CΩZ05_31	UniRef100_Z05_31~K02965	96.4	286	286	100.0	286	0.0	2e-104	858	98	286	286	2e-104
MAG_CΩZ05_32	UniRef100_Z05_32~K07713	96.4	335	335	100.0	335	0.0	2e-104	1005	98	335	335	2e-104
MAG_CΩZ05_37	UniRef100_Z05_37~K04749	96.4	269	269	100.0	269	0.0	2e-104	807	98	269	269	2e-104
MAG_CΩZ05_38	UniRef100_Z05_38~K01902	96.4	312	312	100.0	312	0.0	2e-104	936	98	312	312	2e-104
MAG_CΩZ05_41	UniRef100_Z05_41~K02548	96.4	277	277	100.0	277	0.0	2e-104	831	98	277	277	2e-104
MAG_CΩZ05_42	UniRef100_Z05_42~K03798	96.4	311	311	100.0	311	0.0	2e-104	933	98	311	311	2e-104
MAG_CΩZ05_44	UniRef100_Z05_44~K01945	96.4	420	420	100.0	420	0.0	2e-104	1260	98	420	420	2e-104
MAG_CΩZ05_47	UniRef100_Z05_47~K03703	96.4	440	440	100.0	440	0.0	2e-104	1320	98	440	440	2e-104
MAG_CΩZ05_48	UniRef100_Z05_48~K01491	96.4	357	357	100.0	357	0.0	2e-104	1071	98	357	357	2e-104
MAG_CΩZ05_53	UniRef100_Z05_53~K02276	96.4	354	354	100.0	354	0.0	2e-104	1062	98	354	354	2e-104
MAG_CΩZ05_56	UniRef100_Z05_56~K01939	96.4	361	361	100.0	361	0.0	2e-104	1083	98	361	361	2e-104
MAG_CΩZ05_59	UniRef100_Z05_59~K00974	96.4	370	370	100.0	370	0.0	2e-104	1110	98	370	370	2e-104
MAG_CΩZ05_61	UniRef100_Z05_61~K01409	96.4	355	355	100.0	355	0.0	2e-104	1065	98	355	355	2e-104
MAG_CΩZ05_62	UniRef100_Z05_62~K00789	96.4	281	281	100.0	281	0.0	2e-104	843	98	281	281	2e-104
MAG_CΩZ05_63	UniRef100_Z05_63~K00859	96.4	385	385	100.0	385	0.0	2e-104	1155	98	385	385	2e-104
MAG_CΩZ05_64	UniRef100_Z05_64~K09022	96.4	385	385	100.0	385	0.0	2e-104	1155	98	385	385	2e-104
MAG_CΩZ05_65	UniRef100_Z05_65~K06187	96.4	331	331	100.0	331	0.0	2e-104	993	98	331	331	2e-104
MAG_CΩZ05_66	UniRef100_Z05_66~K02892	96.4	283	283	100.0	283	0.0	2e-104	849	98	283	283	2e-104
MAG_CΩZ05_67	UniRef100_Z05_67~K03585	96.4	257	257	100.0	257	0.0	2e-104	771	98	257	257	2e-104
MAG_CΩZ05_68	UniRef100_Z05_68~K02160	96.4	314	314	100.0	314	0.0	2e-104	942	98	314	314	2e-104
MAG_CΩZ05_69	UniRef100_Z05_69~K02895	96.4	366	366	100.0	366	0.0	2e-104	1098	98	366	366	2e-104
MAG_CΩZ05_70	UniRef100_Z05_70~K01322	96.4	384	384	100.0	384	0.0	2e-104	1152	98	384	384	2e-104
MAG_CΩZ05_72	UniRef100_Z05_72~K03146	96.4	457	457	100.0	457	0.0	2e-104	1371	98	457	457	2e-104
MAG_CΩZ05_74	UniRef100_Z05_74~K07090	96.4	417	417	100.0	417	0.0	2e-104	1251	98	417	417	2e-104
MAG_CΩZ05_75	UniRef100_Z05_75~K00721	96.4	221	221	100.0	221	0.0	2e-104	663	98	221	221	2e-104
MAG_CΩZ05_79	UniRef100_Z05_79~K02004	96.4	280	280	100.0	280	0.0	2e-104	840	98	280	280	2e-104
MAG_CΩZ05_86	UniRef100_Z05_86~K01443	96.4	377	377	100.0	377	0.0	2e-104	1131	98	377	377	2e-104
MAG_CΩZ05_87	UniRef100_Z05_87~K02257	96.4	234	234	100.0	234	0.0	2e-104	702	98	234	234	2e-104
MAG_CΩZ05_89	UniRef100_Z05_89~K00370	96.4	309	309	100.0	309	0.0	2e-104	927	98	309	309	2e-104
MAG_CΩZ05_92	UniRef100_Z05_92~K00981	96.4	423	423	100.0	423	0.0	2e-104	1269	98	423	423	2e-104
MAG_CΩZ05_93	UniRef100_Z05_93~K02902	96.4	364	364	100.0	364	0.0	2e-104	1092	98	364	364	2e-104
MAG_CΩZ05_96	UniRef100_Z05_96~K07025	96.4	320	320	100.0	320	0.0	2e-104	960	98	320	320	2e-104
MAG_CΩZ05_97	UniRef100_Z05_97~K03559	96.4	327	327	100.0	327	0.0	2e-104	981	98	327	327	2e-104
MAG_CΩZ05_98	UniRef100_Z05_98~K05515	96.4	321	321	100.0	321	0.0	2e-104	963	98	321	321	2e-104
MAG_CΩZ05_99	UniRef100_Z05_99~K00791	96.4	319	319	100.0	319	0.0	2e-104	957	98	319	319	2e-104
MAG_CΩZ05_100	UniRef100_Z05_100~K02919	96.4	364	364	100.0	364	0.0	2e-104	1092	98	364	364	2e-104
MAG_CΩZ05_101	UniRef100_Z05_101~K01256	96.4	292	292	100.0	292	0.0	2e-104	876	98	292	292	2e-104
MAG_CΩZ05_102	UniRef100_Z05_102~K02867	96.4	305	305	100.0	305	0.0	2e-104	915	98	305	305	2e-104
MAG_CΩZ05_109	UniRef100_Z05_109~K00639	96.4	405	405	100.0	405	0.0	2e-104	1215	98	405	405	2e-104
MAG_CΩZ05_111	UniRef100_Z05_111~K00997	96.4	405	405	100.0	405	0.0	2e-104	1215	98	405	405	2e-104
MAG_CΩZ05_112	UniRef100_Z05_112~K01761	96.4	246	246	100.0	246	0.0	2e-104	738	98	246	246	2e-104
MAG_CΩZ05_118	UniRef100_Z05_118~K02194	96.4	275	275	100.0	275	0.0	2e-104	825	98	275	275	2e-104
MAG_CΩZ05_120	UniRef100_Z05_120~K02405	96.4	389	389	100.0	389	0.0	2e-104	1167	98	389	389	2e-104
MAG_CΩZ05_121	UniRef100_Z05_121~K03544	96.4	356	356	100.0	356	0.0	2e-104	1068	98	356	356	2e-104
MAG_CΩZ05_124	UniRef100_Z05_124~K01866	96.4	385	385	100.0	385	0.0	2e-104	1155	98	385	385	2e-104
MAG_CΩZ05_127	UniRef100_Z05_127~K03495	96.4	388	388	100.0	388	0.0	2e-104	1164	98	388	388	2e-104
MAG_CΩZ05_131	UniRef100_Z05_131~K04488	96.4	386	386	100.0	386	0.0	2e-104	1158	98	386	386	2e-104
MAG_CΩZ05_137	UniRef100_Z05_137~K12132	96.4	313	313	100.0	313	0.0	2e-104	939	98	313	313	2e-104
MAG_CΩZ05_138	UniRef100_Z05_138~K06966	96.4	483	483	100.0	483	0.0	2e-104	1449	98	483	483	2e-104
MAG_CΩZ05_140	UniRef100_Z05_140~K06173	96.4	201	201	100.0	201	0.0	2e-104	603	98	201	201	2e-104
MAG_CΩZ05_145	UniRef100_Z05_145~K09131	96.4	458	458	100.0	458	0.0	2e-104	1374	98	458	458	2e-104
MAG_CΩZ05_146	UniRef100_Z05_146~K08303	96.4	361	361	100.0	361	0.0	2e-104	1083	98	361	361	2e-104
MAG_CΩZ05_147	UniRef100_Z05_147~K05837	96.4	279	279	100.0	279	0.0	2e-104	837	98	279	279	2e-104
MAG_CΩZ05_148	UniRef100_Z05_148~K09888	96.4	468	468	100.0	468	0.0	2e-104	1404	98	468	468	2e-104
MAG_CΩZ05_150	UniRef100_Z05_150~K02843	96.4	255	255	100.0	255	0.0	2e-104	765	98	255	255	2e-104
MAG_CΩZ05_152	UniRef100_Z05_152~K02888	96.4	450	450	100.0	450	0.0	2e-104	1350	98	450	450	2e-104
MAG_CΩZ05_153	UniRef100_Z05_153~K08744	96.4	229	229	100.0	229	0.0	2e-104	687	98	229	229	2e-104
MAG_CΩZ05_157	UniRef100_Z05_157~K06902	96.4	339	339	100.0	339	0.0	2e-104	1017	98	339	339	2e-104
MAG_CΩZ05_159	UniRef100_Z05_159~K01579	96.4	321	321	100.0	321	0.0	2e-104	963	98	321	321	2e-104
MAG_CΩZ05_165	UniRef100_Z05_165~K09129	96.4	356	356	100.0	356	0.0	2e-104	1068	98	356	356	2e-104
MAG_CΩZ05_166	UniRef100_Z05_166~K07403	96.4	283	283	100.0	283	0.0	2e-104	849	98	283	283	2e-104
MAG_CΩZ05_168	UniRef100_Z05_168~K07447	96.4	364	364	100.0	364	0.0	2e-104	1092	98	364	364	2e-104
MAG_CΩZ05_169	UniRef100_Z05_169~K00176	96.4	315	315	100.0	315	0.0	2e-104	945	98	315	315	2e-104
MAG_CΩZ05_170	UniRef100_Z05_170~K07738	96.4	221	221	100.0	221	0.0	2e-104	663	98	221	221	2e-104
MAG_CΩZ05_171	UniRef100_Z05_171~K00615	96.4	434	434	100.0	434	0.0	2e-104	1302	98	434	434	2e-104
MAG_CΩZ05_172	UniRef100_Z05_172~K14136	96.4	276	276	100.0	276	0.0	2e-104	828	98	276	276	2e-104
MAG_CΩZ05_174	UniRef100_Z05_174~K17105	96.4	394	394	100.0	394	0.0	2e-104	1182	98	394	394	2e-104
MAG_CΩZ05_175	UniRef100_Z05_175~K07263	96.4	414	414	100.0	414	0.0	2e-104	1242	98	414	414	2e-104
MAG_CΩZ05_181	UniRef100_Z05_181~K01661	96.4	473	473	100.0	473	0.0	2e-104	1419	98	473	473	2e-104
MAG_CΩZ06_2	UniRef100_Z06_2~K00615	96.4	427	427	100.0	427	0.0	2e-104	1281	98	427	427	2e-104
MAG_CΩZ06_3	UniRef100_Z06_3~K15633	96.4	338	338	100.0	338	0.0	2e-104	1014	98	338	338	2e-104
MAG_CΩZ06_4	UniRef100_Z06_4~K07708	96.4	288	288	100.0	288	0.0	2e-104	864	98	288	288	2e-104
MAG_CΩZ06_6	UniRef100_Z06_6~K09697	96.4	309	309	100.0	309	0.0	2e-104	927	98	309	309	2e-104
MAG_CΩZ06_7	UniRef100_Z06_7~K01247	96.4	368	368	100.0	368	0.0	2e-104	1104	98	368	368	2e-104
MAG_CΩZ06_8	UniRef100_Z06_8~K05606	96.4	380	380	100.0	380	0.0	2e-104	1140	98	380	380	2e-104
MAG_CΩZ06_9	UniRef100_Z06_9~K01677	96.4	348	348	100.0	348	0.0	2e-104	1044	98	348	348	2e-104
MAG_CΩZ06_10	UniRef100_Z06_10~K04043	96.4	385	385	100.0	385	0.0	2e-104	1155	98	385	385	2e-104
MAG_CΩZ06_11	UniRef100_Z06_11~K02314	96.4	328	328	100.0	328	0.0	2e-104	984	98	328	328	2e-104
MAG_CΩZ06_12	UniRef100_Z06_12~K00697	96.4	354	354	100.0	354	0.0	2e-104	1062	98	354	354	2e-104
MAG_CΩZ06_13	UniRef100_Z06_13~K07106	96.4	385	385	100.0	385	0.0	2e-104	1155	98	385	385	2e-104
MAG_CΩZ06_14	UniRef100_Z06_14~K12573	96.4	338	338	100.0	338	0.0	2e-104	1014	98	338	338	2e-104
MAG_CΩZ06_16	UniRef100_Z06_16~K03389	96.4	297	297	100.0	297	0.0	2e-104	891	98	297	297	2e-104
MAG_CΩZ06_17	UniRef100_Z06_17~K04749	96.4	342	342	100.0	342	0.0	2e-104	1026	98	342	342	2e-104
MAG_CΩZ06_19	UniRef100_Z06_19~K00760	96.4	351	351	100.0	351	0.0	2e-104	1053	98	351	351	2e-104
MAG_CΩZ06_21	UniRef100_Z06_21~K01858	96.4	230	230	100.0	230	0.0	2e-104	690	98	230	230	2e-104
MAG_CΩZ06_24	UniRef100_Z06_24~K01061	96.4	263	263	100.0	263	0.0	2e-104	789	98	263	263	2e-104
MAG_CΩZ06_25	UniRef100_Z06_25~K09710	96.4	273	273	100.0	273	0.0	2e-104	819	98	273	273	2e-104
MAG_CΩZ06_27	UniRef100_Z06_27~K02996	96.4	376	376	100.0	376	0.0	2e-104	1128	98	376	376	2e-104
MAG_CΩZ06_29	UniRef100_Z06_29~K06934	96.4	372	372	100.0	372	0.0	2e-104	1116	98	372	372	2e-104
MAG_CΩZ06_32	UniRef100_Z06_32~K01881	96.4	397	397	100.0	397	0.0	2e-104	1191	98	397	397	2e-104
MAG_CΩZ06_35	UniRef100_Z06_35~K01953	96.4	289	289	100.0	289	0.0	2e-104	867	98	289	289	2e-104
MAG_CΩZ06_36	UniRef100_Z06_36~K02952	96.4	369	369	100.0	369	0.0	2e-104	1107	98	369	369	2e-104
MAG_CΩZ06_39	UniRef100_Z06_39~K07220	96.4	338	338	100.0	338	0.0	2e-104	1014	98	338	338	2e-104
MAG_CΩZ06_40	UniRef100_Z06_40~K07456	96.4	358	358	100.0	358	0.0	2e-104	1074	98	358	358	2e-104
MAG_CΩZ06_41	UniRef100_Z06_41~K02653	96.4	290	290	100.0	290	0.0	2e-104	870	98	290	290	2e-104
MAG_CΩZ06_47	UniRef100_Z06_47~K00606	96.4	405	405	100.0	405	0.0	2e-104	1215	98	405	405	2e-104
MAG_CΩZ06_48	UniRef100_Z06_48~K00239	96.4	340	340	100.0	340	0.0	2e-104	1020	98	340	340	2e-104
MAG_CΩZ06_52	UniRef100_Z06_52~K09153	96.4	303	303	100.0	303	0.0	2e-104	909	98	303	303	2e-104
MAG_CΩZ06_53	UniRef100_Z06_53~K01092	96.4	311	311	100.0	311	0.0	2e-104	933	98	311	311	2e-104
MAG_CΩZ06_59	UniRef100_Z06_59~K02338	96.4	365	365	100.0	365	0.0	2e-104	1095	98	365	365	2e-104
MAG_CΩZ06_60	UniRef100_Z06_60~K01104	96.4	379	379	100.0	379	0.0	2e-104	1137	98	379	379	2e-104
MAG_CΩZ06_61	UniRef100_Z06_61~K00344	96.4	306	306	100.0	306	0.0	2e-104	918	98	306	306	2e-104
MAG_CΩZ06_62	UniRef100_Z06_62~K11381	96.4	340	340	100.0	340	0.0	2e-104	1020	98	340	340	2e-104
MAG_CΩZ06_63	UniRef100_Z06_63~K02600	96.4	435	435	100.0	435	0.0	2e-104	1305	98	435	435	2e-104
MAG_CΩZ06_66	UniRef100_Z06_66~K03110	96.4	289	289	100.0	289	0.0	2e-104	867	98	289	289	2e-104
MAG_CΩZ07_1	UniRef100_Z07_1~K00554	96.4	258	258	100.0	258	0.0	2e-104	774	98	258	258	2e-104
MAG_CΩZ07_5	UniRef100_Z07_5~K02860	96.4	389	389	100.0	389	0.0	2e-104	1167	98	389	389	2e-104
MAG_CΩZ07_6	UniRef100_Z07_6~K00573	96.4	359	359	100.0	359	0.0	2e-104	1077	98	359	359	2e-104
MAG_CΩZ07_7	UniRef100_Z07_7~K01897	96.4	299	299	100.0	299	0.0	2e-104	897	98	299	299	2e-104
MAG_CΩZ07_8	UniRef100_Z07_8~K01647	96.4	278	278	100.0	278	0.0	2e-104	834	98	278	278	2e-104
MAG_CΩZ07_10	UniRef100_Z07_10~K02113	96.4	384	384	100.0	384	0.0	2e-104	1152	98	384	384	2e-104
MAG_CΩZ07_13	UniRef100_Z07_13~K02005	96.4	363	363	100.0	363	0.0	2e-104	1089	98	363	363	2e-104
MAG_CΩZ07_14	UniRef100_Z07_14~K11085	96.4	416	416	100.0	416	0.0	2e-104	1248	98	416	416	2e-104
MAG_CΩZ07_15	UniRef100_Z07_15~K00971	96.4	314	314	100.0	314	0.0	2e-104	942	98	314	314	2e-104
MAG_CΩZ07_16	UniRef100_Z07_16~K07011	96.4	288	288	100.0	288	0.0	2e-104	864	98	288	288	2e-104
MAG_CΩZ07_17	UniRef100_Z07_17~K04078	96.4	418	418	100.0	418	0.0	2e-104	1254	98	418	418	2e-104
MAG_CΩZ07_19	UniRef100_Z07_19~K01069	96.4	355	355	100.0	355	0.0	2e-104	1065	98	355	355	2e-104
MAG_CΩZ07_20	UniRef100_Z07_20~K17286	96.4	334	334	100.0	334	0.0	2e-104	1002	98	334	334	2e-104
MAG_CΩZ07_23	UniRef100_Z07_23~K07068	96.4	393	393	100.0	393	0.0	2e-104	1179	98	393	393	2e-104
MAG_CΩZ07_24	UniRef100_Z07_24~K03525	96.4	292	292	100.0	292	0.0	2e-104	876	98	292	292	2e-104
MAG_CΩZ07_25	UniRef100_Z07_25~K01087	96.4	346	346	100.0	346	0.0	2e-104	1038	98	346	346	2e-104
MAG_CΩZ07_28	UniRef100_Z07_28~K00057	96.4	330	330	100.0	330	0.0	2e-104	990	98	330	330	2e-104
MAG_CΩZ07_29	UniRef100_Z07_29~K01710	96.4	237	237	100.0	237	0.0	2e-104	711	98	237	237	2e-104
MAG_CΩZ07_30	UniRef100_Z07_30~K16091	96.4	338	338	100.0	338	0.0	2e-104	1014	98	338	338	2e-104
MAG_CΩZ07_31	UniRef100_Z07_31~K01703	96.4	345	345	100.0	345	0.0	2e-104	1035	98	345	345	2e-104
MAG_CΩZ07_32	UniRef100_Z07_32~K01783	96.4	291	291	100.0	291	0.0	2e-104	873	98	291	291	2e-104
MAG_CΩZ07_35	UniRef100_Z07_35~K16173	96.4	450	450	100.0	450	0.0	2e-104	1350	98	450	450	2e-104
MAG_CΩZ07_39	UniRef100_Z07_39~K13038	96.4	352	352	100.0	352	0.0	2e-104	1056	98	352	352	2e-104
MAG_CΩZ07_41	UniRef100_Z07_41~K03282	96.4	299	299	100.0	299	0.0	2e-104	897	98	299	299	2e-104
MAG_CΩZ07_42	UniRef100_Z07_42~K02904	96.4	318	318	100.0	318	0.0	2e-104	954	98	318	318	2e-104
MAG_CΩZ07_45	UniRef100_Z07_45~K13587	96.4	450	450	100.0	450	0.0	2e-104	1350	98	450	450	2e-104
MAG_CΩZ07_46	UniRef100_Z07_46~K01892	96.4	378	378	100.0	378	0.0	2e-104	1134	98	378	378	2e-104
MAG_CΩZ07_47	UniRef100_Z07_47~K07094	96.4	340	340	100.0	340	0.0	2e-104	1020	98	340	340	2e-104
MAG_CΩZ07_49	UniRef100_Z07_49~K03685	96.4	290	290	100.0	290	0.0	2e-104	870	98	290	290	2e-104
MAG_CΩZ07_50	UniRef100_Z07_50~K00053	96.4	291	291	100.0	291	0.0	2e-104	873	98	291	291	2e-104
MAG_CΩZ07_53	UniRef100_Z07_53~K03588	96.4	240	240	100.0	240	0.0	2e-104	720	98	240	240	2e-104
MAG_CΩZ07_56	UniRef100_Z07_56~K02954	96.4	329	329	100.0	329	0.0	2e-104	987	98	329	329	2e-104
MAG_CΩZ07_57	UniRef100_Z07_57~K02806	96.4	383	383	100.0	383	0.0	2e-104	1149	98	383	383	2e-104
MAG_CΩZ07_58	UniRef100_Z07_58~K00278	96.4	398	398	100.0	398	0.0	2e-104	1194	98	398	398	2e-104
MAG_CΩZ07_59	UniRef100_Z07_59~K02990	96.4	319	319	100.0	319	0.0	2e-104	957	98	319	319	2e-104
MAG_CΩZ07_60	UniRef100_Z07_60~K03789	96.4	325	325	100.0	325	0.0	2e-104	975	98	325	325	2e-104
MAG_CΩZ07_61	UniRef100_Z07_61~K17732	96.4	311	311	100.0	311	0.0	2e-104	933	98	311	311	2e-104
MAG_CΩZ07_62	UniRef100_Z07_62~K00995	96.4	449	449	100.0	449	0.0	2e-104	1347	98	449	449	2e-104
MAG_CΩZ07_64	UniRef100_Z07_64~K01778	96.4	412	412	100.0	412	0.0	2e-104	1236	98	412	412	2e-104
MAG_CΩZ07_65	UniRef100_Z07_65~K00331	96.4	283	283	100.0	283	0.0	2e-104	849	98	283	283	2e-104
MAG_CΩZ07_66	UniRef100_Z07_66~K00185	96.4	307	307	100.0	307	0.0	2e-104	921	98	307	307	2e-104
MAG_CΩZ07_67	UniRef100_Z07_67~K19302	96.4	269	269	100.0	269	0.0	2e-104	807	98	269	269	2e-104
MAG_CΩZ07_70	UniRef100_Z07_70~K00602	96.4	322	322	100.0	322	0.0	2e-104	966	98	322	322	2e-104
MAG_CΩZ07_71	UniRef100_Z07_71~K01929	96.4	326	326	100.0	326	0.0	2e-104	978	98	326	326	2e-104
MAG_CΩZ07_72	UniRef100_Z07_72~K03892	96.4	334	334	100.0	334	0.0	2e-104	1002	98	334	334	2e-104
MAG_CΩZ07_73	UniRef100_Z07_73~K01849	96.4	223	223	100.0	223	0.0	2e-104	669	98	223	223	2e-104
MAG_CΩZ07_74	UniRef100_Z07_74~K02259	96.4	363	363	100.0	363	0.0	2e-104	1089	98	363	363	2e-104
MAG_CΩZ07_75	UniRef100_Z07_75~K04771	96.4	293	293	100.0	293	0.0	2e-104	879	98	293	293	2e-104
MAG_CΩZ08_2	UniRef100_Z08_2~K03621	96.4	247	247	100.0	247	0.0	2e-104	741	98	247	247	2e-104
MAG_CΩZ08_5	UniRef100_Z08_5~K00334	96.4	345	345	100.0	345	0.0	2e-104	1035	98	345	345	2e-104
MAG_CΩZ08_8	UniRef100_Z08_8~K00303	96.4	306	306	100.0	306	0.0	2e-104	918	98	306	306	2e-104
MAG_CΩZ08_11	UniRef100_Z08_11~K09122	96.4	236	236	100.0	236	0.0	2e-104	708	98	236	236	2e-104
MAG_CΩZ08_12	UniRef100_Z08_12~K07011	96.4	349	349	100.0	349	0.0	2e-104	1047	98	349	349	2e-104
MAG_CΩZ08_16	UniRef100_Z08_16~K03664	96.4	471	471	100.0	471	0.0	2e-104	1413	98	471	471	2e-104
MAG_CΩZ08_18	UniRef100_Z08_18~K02114	96.4	313	313	100.0	313	0.0	2e-104	939	98	313	313	2e-104
MAG_CΩZ08_20	UniRef100_Z08_20~K01715	96.4	332	332	100.0	332	0.0	2e-104	996	98	332	332	2e-104
MAG_CΩZ08_23	UniRef100_Z08_23~K03325	96.4	218	218	100.0	218	0.0	2e-104	654	98	218	218	2e-104
MAG_CΩZ08_24	UniRef100_Z08_24~K03524	96.4	262	262	100.0	262	0.0	2e-104	786	98	262	262	2e-104
MAG_CΩZ08_28	UniRef100_Z08_28~K19405	96.4	318	318	100.0	318	0.0	2e-104	954	98	318	318	2e-104
MAG_CΩZ08_31	UniRef100_Z08_31~K09458	96.4	337	337	100.0	337	0.0	2e-104	1011	98	337	337	2e-104
MAG_CΩZ08_32	UniRef100_Z08_32~K01322	96.4	264	264	100.0	264	0.0	2e-104	792	98	264	264	2e-104
MAG_CΩZ08_33	UniRef100_Z08_33~K03650	96.4	351	351	100.0	351	0.0	2e-104	1053	98	351	351	2e-104
MAG_CΩZ08_34	UniRef100_Z08_34~K02115	96.4	362	362	100.0	362	0.0	2e-104	1086	98	362	362	2e-104
MAG_CΩZ08_36	UniRef100_Z08_36~K01262	96.4	332	332	100.0	332	0.0	2e-104	996	98	332	332	2e-104
MAG_CΩZ08_37	UniRef100_Z08_37~K00029	96.4	452	452	100.0	452	0.0	2e-104	1356	98	452	452	2e-104
MAG_CΩZ08_41	UniRef100_Z08_41~K00283	96.4	242	242	100.0	242	0.0	2e-104	726	98	242	242	2e-104
MAG_CΩZ08_42	UniRef100_Z08_42~K03217	96.4	304	304	100.0	304	0.0	2e-104	912	98	304	304	2e-104
MAG_CΩZ08_43	UniRef100_Z08_43~K07068	96.4	380	380	100.0	380	0.0	2e-104	1140	98	380	380	2e-104
MAG_CΩZ08_48	UniRef100_Z08_48~K02523	96.4	327	327	100.0	327	0.0	2e-104	981	98	327	327	2e-104
MAG_CΩZ08_49	UniRef100_Z08_49~K02794	96.4	238	238	100.0	238	0.0	2e-104	714	98	238	238	2e-104
MAG_CΩZ08_50	UniRef100_Z08_50~K02793	96.4	488	488	100.0	488	0.0	2e-104	1464	98	488	488	2e-104
MAG_CΩZ08_52	UniRef100_Z08_52~K02357	96.4	255	255	100.0	255	0.0	2e-104	765	98	255	255	2e-104
MAG_CΩZ08_53	UniRef100_Z08_53~K02994	96.4	255	255	100.0	255	0.0	2e-104	765	98	255	255	2e-104
MAG_CΩZ08_56	UniRef100_Z08_56~K02428	96.4	240	240	100.0	240	0.0	2e-104	720	98	240	240	2e-104
MAG_CΩZ08_60	UniRef100_Z08_60~K02065	96.4	267	267	100.0	267	0.0	2e-104	801	98	267	267	2e-104
MAG_CΩZ08_63	UniRef100_Z08_63~K07537	96.4	388	388	100.0	388	0.0	2e-104	1164	98	388	388	2e-104
MAG_CΩZ08_64	UniRef100_Z08_64~K00943	96.4	393	393	100.0	393	0.0	2e-104	1179	98	393	393	2e-104
MAG_CΩZ08_67	UniRef100_Z08_67~K00703	96.4	345	345	100.0	345	0.0	2e-104	1035	98	345	345	2e-104
MAG_CΩZ08_68	UniRef100_Z08_68~K01972	96.4	348	348	100.0	348	0.0	2e-104	1044	98	348	348	2e-104
MAG_CΩZ08_69	UniRef100_Z08_69~K00059	96.4	295	295	100.0	295	0.0	2e-104	885	98	295	295	2e-104
MAG_CΩZ08_70	UniRef100_Z08_70~K01151	96.4	258	258	100.0	258	0.0	2e-104	774	98	258	258	2e-104
MAG_CΩZ08_72	UniRef100_Z08_72~K01993	96.4	334	334	100.0	334	0.0	2e-104	1002	98	334	334	2e-104
MAG_CΩZ08_73	UniRef100_Z08_73~K01095	96.4	386	386	100.0	386	0.0	2e-104	1158	98	386	386	2e-104
MAG_CΩZ08_75	UniRef100_Z08_75~K01029	96.4	340	340	100.0	340	0.0	2e-104	1020	98	340	340	2e-104
MAG_CΩZ08_77	UniRef100_Z08_77~K01633	96.4	441	441	100.0	441	0.0	2e-104	1323	98	441	441	2e-104
MAG_CΩZ09_2	UniRef100_Z09_2~K00342	96.4	285	285	100.0	285	0.0	2e-104	855	98	285	285	2e-104
MAG_CΩZ09_5	UniRef100_Z09_5~K01928	96.4	196	196	100.0	196	0.0	2e-104	588	98	196	196	2e-104
MAG_CΩZ09_12	UniRef100_Z09_12~K03294	96.4	293	293	100.0	293	0.0	2e-104	879	98	293	293	2e-104
MAG_CΩZ09_19	UniRef100_Z09_19~K06881	96.4	347	347	100.0	347	0.0	2e-104	1041	98	347	347	2e-104
MAG_CΩZ09_21	UniRef100_Z09_21~K03437	96.4	411	411	100.0	411	0.0	2e-104	1233	98	411	411	2e-104
MAG_CΩZ09_24	UniRef100_Z09_24~K00088	96.4	385	385	100.0	385	0.0	2e-104	1155	98	385	385	2e-104
MAG_CΩZ09_27	UniRef100_Z09_27~K00973	96.4	430	430	100.0	430	0.0	2e-104	1290	98	430	430	2e-104
MAG_CΩZ10_2	UniRef100_Z10_2~K02067	96.4	261	261	100.0	261	0.0	2e-104	783	98	261	261	2e-104
MAG_CΩZ10_7	UniRef100_Z10_7~K02004	96.4	360	360	100.0	360	0.0	2e-104	1080	98	360	360	2e-104
MAG_CΩZ10_8	UniRef100_Z10_8~K07010	96.4	232	232	100.0	232	0.0	2e-104	696	98	232	232	2e-104
MAG_CΩZ10_11	UniRef100_Z10_11~K07011	96.4	367	367	100.0	367	0.0	2e-104	1101	98	367	367	2e-104
MAG_CΩZ10_15	UniRef100_Z10_15~K07007	96.4	304	304	100.0	304	0.0	2e-104	912	98	304	304	2e-104
MAG_CΩZ10_17	UniRef100_Z10_17~K02499	96.4	311	311	100.0	311	0.0	2e-104	933	98	311	311	2e-104
MAG_CΩZ10_22	UniRef100_Z10_22~K00343	96.4	381	381	100.0	381	0.0	2e-104	1143	98	381	381	2e-104
MAG_CΩZ10_23	UniRef100_Z10_23~K02110	96.4	295	295	100.0	295	0.0	2e-104	885	98	295	295	2e-104
MAG_CΩZ10_27	UniRef100_Z10_27~K03799	96.4	310	310	100.0	310	0.0	2e-104	930	98	310	310	2e-104
MAG_CΩZ10_28	UniRef100_Z10_28~K07790	96.4	283	283	100.0	283	0.0	2e-104	849	98	283	283	2e-104
MAG_CΩZ10_31	UniRef100_Z10_31~K02078	96.4	448	448	100.0	448	0.0	2e-104	1344	98	448	448	2e-104
MAG_CΩZ10_32	UniRef100_Z10_32~K17754	96.4	389	389	100.0	389	0.0	2e-104	1167	98	389	389	2e-104
MAG_CΩZ10_34	UniRef100_Z10_34~K00950	96.4	379	379	100.0	379	0.0	2e-104	1137	98	379	379	2e-104
MAG_CΩZ10_35	UniRef100_Z10_35~K04114	96.4	323	323	100.0	323	0.0	2e-104	969	98	323	323	2e-104
MAG_CΩZ10_36	UniRef100_Z10_36~K00074	96.4	409	409	100.0	409	0.0	2e-104	1227	98	409	409	2e-104
MAG_CΩZ10_38	UniRef100_Z10_38~K07238	96.4	333	333	100.0	333	0.0	2e-104	999	98	333	333	2e-104
MAG_CΩZ10_40	UniRef100_Z10_40~K03733	96.4	227	227	100.0	227	0.0	2e-104	681	98	227	227	2e-104
MAG_CΩZ10_41	UniRef100_Z10_41~K03637	96.4	402	402	100.0	402	0.0	2e-104	1206	98	402	402	2e-104
MAG_CΩZ10_44	UniRef100_Z10_44~K06974	96.4	308	308	100.0	308	0.0	2e-104	924	98	308	308	2e-104
MAG_CΩZ10_45	UniRef100_Z10_45~K00801	96.4	329	329	100.0	329	0.0	2e-104	987	98	329	329	2e-104
MAG_CΩZ10_46	UniRef100_Z10_46~K00612	96.4	273	273	100.0	273	0.0	2e-104	819	98	273	273	2e-104
MAG_CΩZ10_47	UniRef100_Z10_47~K03657	96.4	332	332	100.0	332	0.0	2e-104	996	98	332	332	2e-104
MAG_CΩZ10_49	UniRef100_Z10_49~K07262	96.4	403	403	100.0	403	0.0	2e-104	1209	98	403	403	2e-104
MAG_CΩZ10_50	UniRef100_Z10_50~K03752	96.4	241	241	100.0	241	0.0	2e-104	723	98	241	241	2e-104
MAG_CΩZ10_51	UniRef100_Z10_51~K01921	96.4	372	372	100.0	372	0.0	2e-104	1116	98	372	372	2e-104
MAG_CΩZ10_53	UniRef100_Z10_53~K02968	96.4	360	360	100.0	360	0.0	2e-104	1080	98	360	360	2e-104
MAG_CΩZ10_54	UniRef100_Z10_54~K02111	96.4	341	341	100.0	341	0.0	2e-104	1023	98	341	341	2e-104
MAG_CΩZ10_55	UniRef100_Z10_55~K02313	96.4	372	372	100.0	372	0.0	2e-104	1116	98	372	372	2e-104
MAG_CΩZ10_57	UniRef100_Z10_57~K08968	96.4	404	404	100.0	404	0.0	2e-104	1212	98	404	404	2e-104
MAG_CΩZ10_59	UniRef100_Z10_59~K00962	96.4	303	303	100.0	303	0.0	2e-104	909	98	303	303	2e-104
MAG_CΩZ10_63	UniRef100_Z10_63~K02907	96.4	343	343	100.0	343	0.0	2e-104	1029	98	343	343	2e-104
MAG_CΩZ10_65	UniRef100_Z10_65~K04487	96.4	372	372	100.0	372	0.0	2e-104	1116	98	372	372	2e-104
MAG_CΩZ11_1	UniRef100_Z11_1~K00266	96.4	368	368	100.0	368	0.0	2e-104	1104	98	368	368	2e-104
MAG_CΩZ11_2	UniRef100_Z11_2~K02992	96.4	243	243	100.0	243	0.0	2e-104	729	98	243	243	2e-104
MAG_CΩZ11_3	UniRef100_Z11_3~K00912	96.4	336	336	100.0	336	0.0	2e-104	1008	98	336	336	2e-104
MAG_CΩZ11_5	UniRef100_Z11_5~K07277	96.4	485	485	100.0	485	0.0	2e-104	1455	98	485	485	2e-104
MAG_CΩZ11_6	UniRef100_Z11_6~K06204	96.4	363	363	100.0	363	0.0	2e-104	1089	98	363	363	2e-104
MAG_CΩZ11_7	UniRef100_Z11_7~K10773	96.4	337	337	100.0	337	0.0	2e-104	1011	98	337	337	2e-104
MAG_CΩZ11_10	UniRef100_Z11_10~K02899	96.4	368	368	100.0	368	0.0	2e-104	1104	98	368	368	2e-104
MAG_CΩZ11_12	UniRef100_Z11_12~K10780	96.4	263	263	100.0	263	0.0	2e-104	789	98	263	263	2e-104
MAG_CΩZ11_13	UniRef100_Z11_13~K06888	96.4	422	422	100.0	422	0.0	2e-104	1266	98	422	422	2e-104
MAG_CΩZ11_16	UniRef100_Z11_16~K03711	96.4	345	345	100.0	345	0.0	2e-104	1035	98	345	345	2e-104
MAG_CΩZ11_17	UniRef100_Z11_17~K03797	96.4	393	393	100.0	393	0.0	2e-104	1179	98	393	393	2e-104
MAG_CΩZ11_20	UniRef100_Z11_20~K00588	96.4	398	398	100.0	398	0.0	2e-104	1194	98	398	398	2e-104
MAG_CΩZ11_21	UniRef100_Z11_21~K05794	96.4	386	386	100.0	386	0.0	2e-104	1158	98	386	386	2e-104
MAG_CΩZ11_23	UniRef100_Z11_23~K01914	96.4	330	330	100.0	330	0.0	2e-104	990	98	330	330	2e-104
MAG_CΩZ11_24	UniRef100_Z11_24~K02668	96.4	341	341	100.0	341	0.0	2e-104	1023	98	341	341	2e-104
MAG_CΩZ11_27	UniRef100_Z11_27~K05366	96.4	426	426	100.0	426	0.0	2e-104	1278	98	426	426	2e-104
MAG_CΩZ11_30	UniRef100_Z11_30~K03100	96.4	362	362	100.0	362	0.0	2e-104	1086	98	362	362	2e-104
MAG_CΩZ11_32	UniRef100_Z11_32~K01649	96.4	396	396	100.0	396	0.0	2e-104	1188	98	396	396	2e-104
MAG_CΩZ11_33	UniRef100_Z11_33~K01703	96.4	326	326	100.0	326	0.0	2e-104	978	98	326	326	2e-104
MAG_CΩZ11_35	UniRef100_Z11_35~K09013	96.4	419	419	100.0	419	0.0	2e-104	1257	98	419	419	2e-104
MAG_CΩZ11_36	UniRef100_Z11_36~K03070	96.4	316	316	100.0	316	0.0	2e-104	948	98	316	316	2e-104
MAG_CΩZ11_37	UniRef100_Z11_37~K00975	96.4	312	312	100.0	312	0.0	2e-104	936	98	312	312	2e-104
MAG_CΩZ11_44	UniRef100_Z11_44~K02482	96.4	355	355	100.0	355	0.0	2e-104	1065	98	355	355	2e-104
MAG_CΩZ11_46	UniRef100_Z11_46~K00806	96.4	297	297	100.0	297	0.0	2e-104	891	98	297	297	2e-104
MAG_CΩZ11_48	UniRef100_Z11_48~K11749	96.4	217	217	100.0	217	0.0	2e-104	651	98	217	217	2e-104
MAG_CΩZ11_56	UniRef100_Z11_56~K00340	96.4	330	330	100.0	330	0.0	2e-104	990	98	330	330	2e-104
MAG_CΩZ11_58	UniRef100_Z11_58~K00600	96.4	293	293	100.0	293	0.0	2e-104	879	98	293	293	2e-104
MAG_CΩZ11_59	UniRef100_Z11_59~K02963	96.4	291	291	100.0	291	0.0	2e-104	873	98	291	291	2e-104
MAG_CΩZ11_60	UniRef100_Z11_60~K02635	96.4	353	353	100.0	353	0.0	2e-104	1059	98	353	353	2e-104
MAG_CΩZ11_61	UniRef100_Z11_61~K03742	96.4	315	315	100.0	315	0.0	2e-104	945	98	315	315	2e-104
MAG_CΩZ11_64	UniRef100_Z11_64~K03466	96.4	365	365	100.0	365	0.0	2e-104	1095	98	365	365	2e-104
MAG_CΩZ11_66	UniRef100_Z11_66~K02886	96.4	332	332	100.0	332	0.0	2e-104	996	98	332	332	2e-104
MAG_CΩZ11_68	UniRef100_Z11_68~K03644	96.4	231	231	100.0	231	0.0	2e-104	693	98	231	231	2e-104
MAG_CΩZ11_69	UniRef100_Z11_69~K00333	96.4	295	295	100.0	295	0.0	2e-104	885	98	295	295	2e-104
MAG_CΩZ11_70	UniRef100_Z11_70~K03501	96.4	307	307	100.0	307	0.0	2e-104	921	98	307	307	2e-104
MAG_CΩZ11_71	UniRef100_Z11_71~K07460	96.4	467	467	100.0	467	0.0	2e-104	1401	98	467	467	2e-104
MAG_CΩZ11_73	UniRef100_Z11_73~K04075	96.4	343	343	100.0	343	0.0	2e-104	1029	98	343	343	2e-104
MAG_CΩZ11_76	UniRef100_Z11_76~K03980	96.4	351	351	100.0	351	0.0	2e-104	1053	98	351	351	2e-104
MAG_CΩZ11_78	UniRef100_Z11_78~K01000	96.4	421	421	100.0	421	0.0	2e-104	1263	98	421	421	2e-104
MAG_CΩZ11_79	UniRef100_Z11_79~K00059	96.4	452	452	100.0	452	0.0	2e-104	1356	98	452	452	2e-104
MAG_CΩZ11_82	UniRef100_Z11_82~K02198	96.4	446	446	100.0	446	0.0	2e-104	1338	98	446	446	2e-104
MAG_CΩZ11_83	UniRef100_Z11_83~K12994	96.4	231	231	100.0	231	0.0	2e-104	693	98	231	231	2e-104
MAG_CΩZ11_86	UniRef100_Z11_86~K01620	96.4	261	261	100.0	261	0.0	2e-104	783	98	261	261	2e-104
MAG_CΩZ11_87	UniRef100_Z11_87~K14128	96.4	311	311	100.0	311	0.0	2e-104	933	98	311	311	2e-104
MAG_CΩZ11_89	UniRef100_Z11_89~K00059	96.4	293	293	100.0	293	0.0	2e-104	879	98	293	293	2e-104
MAG_CΩZ11_90	UniRef100_Z11_90~K07712	96.4	446	446	100.0	446	0.0	2e-104	1338	98	446	446	2e-104
MAG_CΩZ11_92	UniRef100_Z11_92~K00363	96.4	315	315	100.0	315	0.0	2e-104	945	98	315	315	2e-104
MAG_CΩZ11_94	UniRef100_Z11_94~K01129	96.4	311	311	100.0	311	0.0	2e-104	933	98	311	311	2e-104
MAG_CΩZ11_95	UniRef100_Z11_95~K07238	96.4	424	424	100.0	424	0.0	2e-104	1272	98	424	424	2e-104
MAG_CΩZ11_97	UniRef100_Z11_97~K12267	96.4	300	300	100.0	300	0.0	2e-104	900	98	300	300	2e-104
MAG_CΩZ11_98	UniRef100_Z11_98~K00104	96.4	318	318	100.0	318	0.0	2e-104	954	98	318	318	2e-104
MAG_CΩZ12_1	UniRef100_Z12_1~K07491	96.4	334	334	100.0	334	0.0	2e-104	1002	98	334	334	2e-104
MAG_CΩZ12_3	UniRef100_Z12_3~K02434	96.4	372	372	100.0	372	0.0	2e-104	1116	98	372	372	2e-104
MAG_CΩZ12_4	UniRef100_Z12_4~K00052	96.4	166	166	100.0	166	0.0	2e-104	498	98	166	166	2e-104
MAG_CΩZ12_6	UniRef100_Z12_6~K01915	96.4	413	413	100.0	413	0.0	2e-104	1239	98	413	413	2e-104
MAG_CΩZ12_7	UniRef100_Z12_7~K07658	96.4	390	390	100.0	390	0.0	2e-104	1170	98	390	390	2e-104
MAG_CΩZ12_12	UniRef100_Z12_12~K02636	96.4	351	351	100.0	351	0.0	2e-104	1053	98	351	351	2e-104
MAG_CΩZ12_13	UniRef100_Z12_13~K14126	96.4	297	297	100.0	297	0.0	2e-104	891	98	297	297	2e-104
MAG_CΩZ12_15	UniRef100_Z12_15~K11754	96.4	347	347	100.0	347	0.0	2e-104	1041	98	347	347	2e-104
MAG_CΩZ12_17	UniRef100_Z12_17~K08307	96.4	381	381	100.0	381	0.0	2e-104	1143	98	381	381	2e-104
MAG_CΩZ12_18	UniRef100_Z12_18~K02493	96.4	376	376	100.0	376	0.0	2e-104	1128	98	376	376	2e-104
MAG_CΩZ12_20	UniRef100_Z12_20~K00652	96.4	316	316	100.0	316	0.0	2e-104	948	98	316	316	2e-104
MAG_CΩZ12_24	UniRef100_Z12_24~K04656	96.4	325	325	100.0	325	0.0	2e-104	975	98	325	325	2e-104
MAG_CΩZ12_28	UniRef100_Z12_28~K13015	96.4	257	257	100.0	257	0.0	2e-104	771	98	257	257	2e-104
MAG_CΩZ12_29	UniRef100_Z12_29~K02935	96.4	382	382	100.0	382	0.0	2e-104	1146	98	382	382	2e-104
MAG_CΩZ12_30	UniRef100_Z12_30~K01758	96.4	274	274	100.0	274	0.0	2e-104	822	98	274	274	2e-104
MAG_CΩZ12_33	UniRef100_Z12_33~K00184	96.4	440	440	100.0	440	0.0	2e-104	1320	98	440	440	2e-104
MAG_CΩZ12_34	UniRef100_Z12_34~K01462	96.4	215	215	100.0	215	0.0	2e-104	645	98	215	215	2e-104
MAG_CΩZ12_37	UniRef100_Z12_37~K03273	96.4	447	447	100.0	447	0.0	2e-104	1341	98	447	447	2e-104
MAG_CΩZ12_38	UniRef100_Z12_38~K03820	96.4	354	354	100.0	354	0.0	2e-104	1062	98	354	354	2e-104
MAG_CΩZ12_39	UniRef100_Z12_39~K02946	96.4	419	419	100.0	419	0.0	2e-104	1257	98	419	419	2e-104
MAG_CΩZ12_41	UniRef100_Z12_41~K00812	96.4	376	376	100.0	376	0.0	2e-104	1128	98	376	376	2e-104
MAG_CΩZ12_43	UniRef100_Z12_43~K02481	96.4	281	281	100.0	281	0.0	2e-104	843	98	281	281	2e-104
MAG_CΩZ12_45	UniRef100_Z12_45~K02906	96.4	290	290	100.0	290	0.0	2e-104	870	98	290	290	2e-104
MAG_CΩZ12_46	UniRef100_Z12_46~K02687	96.4	229	229	100.0	229	0.0	2e-104	687	98	229	229	2e-104
MAG_CΩZ13_1	UniRef100_Z13_1~K01791	96.4	217	217	100.0	217	0.0	2e-104	651	98	217	217	2e-104
MAG_CΩZ13_2	UniRef100_Z13_2~K00940	96.4	360	360	100.0	360	0.0	2e-104	1080	98	360	360	2e-104
MAG_CΩZ13_5	UniRef100_Z13_5~K00382	96.4	308	308	100.0	308	0.0	2e-104	924	98	308	308	2e-104
MAG_CΩZ13_8	UniRef100_Z13_8~K01056	96.4	254	254	100.0	254	0.0	2e-104	762	98	254	254	2e-104
MAG_CΩZ13_10	UniRef100_Z13_10~K02871	96.4	456	456	100.0	456	0.0	2e-104	1368	98	456	456	2e-104
MAG_CΩZ13_12	UniRef100_Z13_12~K01697	96.4	329	329	100.0	329	0.0	2e-104	987	98	329	329	2e-104
MAG_CΩZ13_13	UniRef100_Z13_13~K04773	96.4	240	240	100.0	240	0.0	2e-104	720	98	240	240	2e-104
MAG_CΩZ13_14	UniRef100_Z13_14~K12984	96.4	312	312	100.0	312	0.0	2e-104	936	98	312	312	2e-104
MAG_CΩZ13_20	UniRef100_Z13_20~K09791	96.4	355	355	100.0	355	0.0	2e-104	1065	98	355	355	2e-104
MAG_CΩZ13_21	UniRef100_Z13_21~K17103	96.4	437	437	100.0	437	0.0	2e-104	1311	98	437	437	2e-104
MAG_CΩZ13_22	UniRef100_Z13_22~K01619	96.4	346	346	100.0	346	0.0	2e-104	1038	98	346	346	2e-104
MAG_CΩZ13_26	UniRef100_Z13_26~K00067	96.4	356	356	100.0	356	0.0	2e-104	1068	98	356	356	2e-104
MAG_CΩZ13_27	UniRef100_Z13_27~K00169	96.4	383	383	100.0	383	0.0	2e-104	1149	98	383	383	2e-104
MAG_CΩZ13_31	UniRef100_Z13_31~K03605	96.4	465	465	100.0	465	0.0	2e-104	1395	98	465	465	2e-104
MAG_CΩZ13_32	UniRef100_Z13_32~K04757	96.4	201	201	100.0	201	0.0	2e-104	603	98	201	201	2e-104
MAG_CΩZ13_33	UniRef100_Z13_33~K15977	96.4	341	341	100.0	341	0.0	2e-104	1023	98	341	341	2e-104
MAG_CΩZ13_34	UniRef100_Z13_34~K00177	96.4	424	424	100.0	424	0.0	2e-104	1272	98	424	424	2e-104
MAG_CΩZ13_36	UniRef100_Z13_36~K00796	96.4	228	228	100.0	228	0.0	2e-104	684	98	228	228	2e-104
MAG_CΩZ13_38	UniRef100_Z13_38~K04771	96.4	388	388	100.0	388	0.0	2e-104	1164	98	388	388	2e-104
MAG_CΩZ13_39	UniRef100_Z13_39~K08316	96.4	284	284	100.0	284	0.0	2e-104	852	98	284	284	2e-104
MAG_CΩZ13_42	UniRef100_Z13_42~K07042	96.4	364	364	100.0	364	0.0	2e-104	1092	98	364	364	2e-104
MAG_CΩZ13_43	UniRef100_Z13_43~K03631	96.4	422	422	100.0	422	0.0	2e-104	1266	98	422	422	2e-104
MAG_CΩZ13_46	UniRef100_Z13_46~K06877	96.4	235	235	100.0	235	0.0	2e-104	705	98	235	235	2e-104
MAG_CΩZ13_47	UniRef100_Z13_47~K06196	96.4	426	426	100.0	426	0.0	2e-104	1278	98	426	426	2e-104
MAG_CΩZ13_48	UniRef100_Z13_48~K09825	96.4	261	261	100.0	261	0.0	2e-104	783	98	261	261	2e-104
MAG_CΩZ13_53	UniRef100_Z13_53~K01873	96.4	239	239	100.0	239	0.0	2e-104	717	98	239	239	2e-104
MAG_CΩZ13_54	UniRef100_Z13_54~K01992	96.4	383	383	100.0	383	0.0	2e-104	1149	98	383	383	2e-104
MAG_CΩZ13_57	UniRef100_Z13_57~K03559	96.4	338	338	100.0	338	0.0	2e-104	1014	98	338	338	2e-104
MAG_CΩZ13_59	UniRef100_Z13_59~K00549	96.4	295	295	100.0	295	0.0	2e-104	885	98	295	295	2e-104
MAG_CΩZ13_60	UniRef100_Z13_60~K17686	96.4	345	345	100.0	345	0.0	2e-104	1035	98	345	345	2e-104
MAG_CΩZ13_62	UniRef100_Z13_62~K11752	96.4	324	324	100.0	324	0.0	2e-104	972	98	324	324	2e-104
MAG_CΩZ13_63	UniRef100_Z13_63~K07056	96.4	308	308	100.0	308	0.0	2e-104	924	98	308	308	2e-104
MAG_CΩZ13_65	UniRef100_Z13_65~K03530	96.4	362	362	100.0	362	0.0	2e-104	1086	98	362	362	2e-104
MAG_CΩZ13_66	UniRef100_Z13_66~K09163	96.4	304	304	100.0	304	0.0	2e-104	912	98	304	304	2e-104
MAG_CΩZ13_67	UniRef100_Z13_67~K04655	96.4	326	326	100.0	326	0.0	2e-104	978	98	326	326	2e-104
MAG_CΩZ13_68	UniRef100_Z13_68~K00248	96.4	406	406	100.0	406	0.0	2e-104	1218	98	406	406	2e-104
MAG_CΩZ13_70	UniRef100_Z13_70~K00170	96.4	269	269	100.0	269	0.0	2e-104	807	98	269	269	2e-104
MAG_CΩZ13_71	UniRef100_Z13_71~K01599	96.4	316	316	100.0	316	0.0	2e-104	948	98	316	316	2e-104
MAG_CΩZ13_73	UniRef100_Z13_73~K00566	96.4	317	317	100.0	317	0.0	2e-104	951	98	317	317	2e-104
MAG_CΩZ13_76	UniRef100_Z13_76~K13643	96.4	343	343	100.0	343	0.0	2e-104	1029	98	343	343	2e-104
MAG_CΩZ13_77	UniRef100_Z13_77~K16554	96.4	308	308	100.0	308	0.0	2e-104	924	98	308	308	2e-104
MAG_CΩZ13_78	UniRef100_Z13_78~K02355	96.4	421	421	100.0	421	0.0	2e-104	1263	98	421	421	2e-104
MAG_CΩZ13_79	UniRef100_Z13_79~K01322	96.4	361	361	100.0	361	0.0	2e-104	1083	98	361	361	2e-104
MAG_CΩZ13_80	UniRef100_Z13_80~K01952	96.4	352	352	100.0	352	0.0	2e-104	1056	98	352	352	2e-104
MAG_CΩZ13_81	UniRef100_Z13_81~K02931	96.4	383	383	100.0	383	0.0	2e-104	1149	98	383	383	2e-104
MAG_CΩZ13_82	UniRef100_Z13_82~K01840	96.4	319	319	100.0	319	0.0	2e-104	957	98	319	319	2e-104
MAG_CΩZ13_83	UniRef100_Z13_83~K07714	96.4	453	453	100.0	453	0.0	2e-104	1359	98	453	453	2e-104
MAG_CΩZ13_84	UniRef100_Z13_84~K03527	96.4	414	414	100.0	414	0.0	2e-104	1242	98	414	414	2e-104
MAG_CΩZ13_85	UniRef100_Z13_85~K00794	96.4	435	435	100.0	435	0.0	2e-104	1305	98	435	435	2e-104
MAG_CΩZ13_88	UniRef100_Z13_88~K01876	96.4	362	362	100.0	362	0.0	2e-104	1086	98	362	362	2e-104
MAG_CΩZ13_89	UniRef100_Z13_89~K02967	96.4	440	440	100.0	440	0.0	2e-104	1320	98	440	440	2e-104
MAG_CΩZ13_90	UniRef100_Z13_90~K01955	96.4	306	306	100.0	306	0.0	2e-104	918	98	306	306	2e-104
MAG_CΩZ13_91	UniRef100_Z13_91~K00615	96.4	302	302	100.0	302	0.0	2e-104	906	98	302	302	2e-104
MAG_CΩZ13_97	UniRef100_Z13_97~K02004	96.4	312	312	100.0	312	0.0	2e-104	936	98	312	312	2e-104
MAG_CΩZ13_98	UniRef100_Z13_98~K03630	96.4	312	312	100.0	312	0.0	2e-104	936	98	312	312	2e-104
MAG_CΩZ13_102	UniRef100_Z13_102~K06915	96.4	296	296	100.0	296	0.0	2e-104	888	98	296	296	2e-104
MAG_CΩZ13_103	UniRef100_Z13_103~K16171	96.4	285	285	100.0	285	0.0	2e-104	855	98	285	285	2e-104
MAG_CΩZ13_105	UniRef100_Z13_105~K02834	96.4	404	404	100.0	404	0.0	2e-104	1212	98	404	404	2e-104
MAG_CΩZ13_107	UniRef100_Z13_107~K02909	96.4	278	278	100.0	278	0.0	2e-104	834	98	278	278	2e-104
MAG_CΩZ13_111	UniRef100_Z13_111~K01990	96.4	290	290	100.0	290	0.0	2e-104	870	98	290	290	2e-104
MAG_CΩZ13_114	UniRef100_Z13_114~K02933	96.4	494	494	100.0	494	0.0	2e-104	1482	98	494	494	2e-104
MAG_CΩZ13_115	UniRef100_Z13_115~K06864	96.4	263	263	100.0	263	0.0	2e-104	789	98	263	263	2e-104
MAG_CΩZ13_117	UniRef100_Z13_117~K02517	96.4	251	251	100.0	251	0.0	2e-104	753	98	251	251	2e-104
MAG_CΩZ13_119	UniRef100_Z13_119~K00626	96.4	305	305	100.0	305	0.0	2e-104	915	98	305	305	2e-104
MAG_CΩZ13_124	UniRef100_Z13_124~K01956	96.4	425	425	100.0	425	0.0	2e-104	1275	98	425	425	2e-104
MAG_CΩZ13_126	UniRef100_Z13_126~K03306	96.4	325	325	100.0	325	0.0	2e-104	975	98	325	325	2e-104
MAG_CΩZ13_128	UniRef100_Z13_128~K04115	96.4	360	360	100.0	360	0.0	2e-104	1080	98	360	360	2e-104
MAG_CΩZ13_129	UniRef100_Z13_129~K02193	96.4	368	368	100.0	368	0.0	2e-104	1104	98	368	368	2e-104
MAG_CΩZ13_130	UniRef100_Z13_130~K02341	96.4	243	243	100.0	243	0.0	2e-104	729	98	243	243	2e-104
MAG_CΩZ13_131	UniRef100_Z13_131~K02843	96.4	377	377	100.0	377	0.0	2e-104	1131	98	377	377	2e-104
MAG_CΩZ13_133	UniRef100_Z13_133~K05299	96.4	338	338	100.0	338	0.0	2e-104	1014	98	338	338	2e-104
MAG_CΩZ13_134	UniRef100_Z13_134~K00060	96.4	296	296	100.0	296	0.0	2e-104	888	98	296	296	2e-104
MAG_CΩZ13_135	UniRef100_Z13_135~K08359	96.4	336	336	100.0	336	0.0	2e-104	1008	98	336	336	2e-104
MAG_CΩZ13_137	UniRef100_Z13_137~K03892	96.4	215	215	100.0	215	0.0	2e-104	645	98	215	215	2e-104
MAG_CΩZ13_142	UniRef100_Z13_142~K02433	96.4	329	329	100.0	329	0.0	2e-104	987	98	329	329	2e-104
MAG_CΩZ13_143	UniRef100_Z13_143~K17218	96.4	262	262	100.0	262	0.0	2e-104	786	98	262	262	2e-104
MAG_CΩZ13_146	UniRef100_Z13_146~K04066	96.4	334	334	100.0	334	0.0	2e-104	1002	98	334	334	2e-104
MAG_CΩZ13_148	UniRef100_Z13_148~K03924	96.4	401	401	100.0	401	0.0	2e-104	1203	98	401	401	2e-104
MAG_CΩZ13_149	UniRef100_Z13_149~K01303	96.4	330	330	100.0	330	0.0	2e-104	990	98	330	330	2e-104
MAG_CΩZ13_151	UniRef100_Z13_151~K00995	96.4	365	365	100.0	365	0.0	2e-104	1095	98	365	365	2e-104
MAG_CΩZ13_152	UniRef100_Z13_152~K00384	96.4	292	292	100.0	292	0.0	2e-104	876	98	292	292	2e-104
MAG_CΩZ13_155	UniRef100_Z13_155~K03768	96.4	268	268	100.0	268	0.0	2e-104	804	98	268	268	2e-104
MAG_CΩZ13_157	UniRef100_Z13_157~K16363	96.4	428	428	100.0	428	0.0	2e-104	1284	98	428	428	2e-104
MAG_CΩZ13_160	UniRef100_Z13_160~K00826	96.4	372	372	100.0	372	0.0	2e-104	1116	98	372	372	2e-104
MAG_CΩZ13_162	UniRef100_Z13_162~K03111	96.4	450	450	100.0	450	0.0	2e-104	1350	98	450	450	2e-104
MAG_CΩZ13_164	UniRef100_Z13_164~K01610	96.4	358	358	100.0	358	0.0	2e-104	1074	98	358	358	2e-104
MAG_CΩZ13_165	UniRef100_Z13_165~K01874	96.4	377	377	100.0	377	0.0	2e-104	1131	98	377	377	2e-104
MAG_CΩZ13_166	UniRef100_Z13_166~K00991	96.4	249	249	100.0	249	0.0	2e-104	747	98	249	249	2e-104
MAG_CΩZ13_171	UniRef100_Z13_171~K02626	96.4	453	453	100.0	453	0.0	2e-104	1359	98	453	453	2e-104
MAG_CΩZ13_172	UniRef100_Z13_172~K03322	96.4	398	398	100.0	398	0.0	2e-104	1194	98	398	398	2e-104
MAG_CΩZ13_173	UniRef100_Z13_173~K03562	96.4	350	350	100.0	350	0.0	2e-104	1050	98	350	350	2e-104
MAG_CΩZ13_174	UniRef100_Z13_174~K04763	96.4	352	352	100.0	352	0.0	2e-104	1056	98	352	352	2e-104
MAG_CΩZ13_175	UniRef100_Z13_175~K03111	96.4	417	417	100.0	417	0.0	2e-104	1251	98	417	417	2e-104
MAG_CΩZ13_180	UniRef100_Z13_180~K03499	96.4	259	259	100.0	259	0.0	2e-104	777	98	259	259	2e-104
MAG_CΩZ13_185	UniRef100_Z13_185~K03040	96.4	317	317	100.0	317	0.0	2e-104	951	98	317	317	2e-104
MAG_CΩZ13_187	UniRef100_Z13_187~K02536	96.4	329	329	100.0	329	0.0	2e-104	987	98	329	329	2e-104
MAG_CΩZ13_188	UniRef100_Z13_188~K02823	96.4	300	300	100.0	300	0.0	2e-104	900	98	300	300	2e-104
MAG_CΩZ13_190	UniRef100_Z13_190~K02066	96.4	353	353	100.0	353	0.0	2e-104	1059	98	353	353	2e-104
MAG_CΩZ13_192	UniRef100_Z13_192~K00941	96.4	274	274	100.0	274	0.0	2e-104	822	98	274	274	2e-104
MAG_CΩZ13_194	UniRef100_Z13_194~K02669	96.4	376	376	100.0	376	0.0	2e-104	1128	98	376	376	2e-104
MAG_CΩZ13_195	UniRef100_Z13_195~K03116	96.4	451	451	100.0	451	0.0	2e-104	1353	98	451	451	2e-104
MAG_CΩZ13_196	UniRef100_Z13_196~K00809	96.4	296	296	100.0	296	0.0	2e-104	888	98	296	296	2e-104
MAG_CΩZ13_199	UniRef100_Z13_199~K14415	96.4	488	488	100.0	488	0.0	2e-104	1464	98	488	488	2e-104
MAG_CΩZ13_201	UniRef100_Z13_201~K02961	96.4	323	323	100.0	323	0.0	2e-104	969	98	323	323	2e-104
MAG_CΩZ13_202	UniRef100_Z13_202~K00259	96.4	298	298	100.0	298	0.0	2e-104	894	98	298	298	2e-104
MAG_CΩZ13_203	UniRef100_Z13_203~K00648	96.4	493	493	100.0	493	0.0	2e-104	1479	98	493	493	2e-104
MAG_CΩZ13_206	UniRef100_Z13_206~K03699	96.4	334	334	100.0	334	0.0	2e-104	1002	98	334	334	2e-104
MAG_CΩZ13_208	UniRef100_Z13_208~K06188	96.4	241	241	100.0	241	0.0	2e-104	723	98	241	241	2e-104
MAG_CΩZ13_213	UniRef100_Z13_213~K07027	96.4	378	378	100.0	378	0.0	2e-104	1134	98	378	378	2e-104
MAG_CΩZ13_217	UniRef100_Z13_217~K02982	96.4	368	368	100.0	368	0.0	2e-104	1104	98	368	368	2e-104
MAG_CΩZ13_221	UniRef100_Z13_221~K01356	96.4	421	421	100.0	421	0.0	2e-104	1263	98	421	421	2e-104
MAG_CΩZ13_222	UniRef100_Z13_222~K00571	96.4	338	338	100.0	338	0.0	2e-104	1014	98	338	338	2e-104
MAG_CΩZ13_223	UniRef100_Z13_223~K03709	96.4	249	249	100.0	249	0.0	2e-104	747	98	249	249	2e-104
MAG_CΩZ13_224	UniRef100_Z13_224~K06041	96.4	227	227	100.0	227	0.0	2e-104	681	98	227	227	2e-104
MAG_CΩZ13_228	UniRef100_Z13_228~K03529	96.4	371	371	100.0	371	0.0	2e-104	1113	98	371	371	2e-104
MAG_CΩZ13_229	UniRef100_Z13_229~K07053	96.4	285	285	100.0	285	0.0	2e-104	855	98	285	285	2e-104
MAG_CΩZ13_233	UniRef100_Z13_233~K02876	96.4	395	395	100.0	395	0.0	2e-104	1185	98	395	395	2e-104
MAG_CΩZ13_234	UniRef100_Z13_234~K13010	96.4	364	364	100.0	364	0.0	2e-104	1092	98	364	364	2e-104
MAG_CΩZ13_235	UniRef100_Z13_235~K03801	96.4	385	385	100.0	385	0.0	2e-104	1155	98	385	385	2e-104
MAG_CΩZ13_236	UniRef100_Z13_236~K00261	96.4	450	450	100.0	450	0.0	2e-104	1350	98	450	450	2e-104
MAG_CΩZ13_237	UniRef100_Z13_237~K04043	96.4	284	284	100.0	284	0.0	2e-104	852	98	284	284	2e-104
MAG_CΩZ13_238	UniRef100_Z13_238~K02077	96.4	314	314	100.0	314	0.0	2e-104	942	98	314	314	2e-104
MAG_CΩZ13_240	UniRef100_Z13_240~K01925	96.4	329	329	100.0	329	0.0	2e-104	987	98	329	329	2e-104
MAG_CΩZ13_243	UniRef100_Z13_243~K01678	96.4	348	348	100.0	348	0.0	2e-104	1044	98	348	348	2e-104
MAG_CΩZ13_244	UniRef100_Z13_244~K03771	96.4	359	359	100.0	359	0.0	2e-104	1077	98	359	359	2e-104
MAG_CΩZ13_245	UniRef100_Z13_245~K03272	96.4	366	366	100.0	366	0.0	2e-104	1098	98	366	366	2e-104
MAG_CΩZ14_6	UniRef100_Z14_6~K03118	96.4	320	320	100.0	320	0.0	2e-104	960	98	320	320	2e-104
MAG_CΩZ14_8	UniRef100_Z14_8~K01808	96.4	317	317	100.0	317	0.0	2e-104	951	98	317	317	2e-104
MAG_CΩZ14_10	UniRef100_Z14_10~K00451	96.4	349	349	100.0	349	0.0	2e-104	1047	98	349	349	2e-104
MAG_CΩZ14_11	UniRef100_Z14_11~K01042	96.4	349	349	100.0	349	0.0	2e-104	1047	98	349	349	2e-104
MAG_CΩZ14_12	UniRef100_Z14_12~K03750	96.4	408	408	100.0	408	0.0	2e-104	1224	98	408	408	2e-104
MAG_CΩZ14_13	UniRef100_Z14_13~K00626	96.4	307	307	100.0	307	0.0	2e-104	921	98	307	307	2e-104
MAG_CΩZ14_16	UniRef100_Z14_16~K00626	96.4	290	290	100.0	290	0.0	2e-104	870	98	290	290	2e-104
MAG_CΩZ14_17	UniRef100_Z14_17~K11927	96.4	329	329	100.0	329	0.0	2e-104	987	98	329	329	2e-104
MAG_CΩZ14_20	UniRef100_Z14_20~K09764	96.4	407	407	100.0	407	0.0	2e-104	1221	98	407	407	2e-104
MAG_CΩZ14_21	UniRef100_Z14_21~K03655	96.4	329	329	100.0	329	0.0	2e-104	987	98	329	329	2e-104
MAG_CΩZ14_22	UniRef100_Z14_22~K09121	96.4	370	370	100.0	370	0.0	2e-104	1110	98	370	370	2e-104
MAG_CΩZ14_25	UniRef100_Z14_25~K03704	96.4	415	415	100.0	415	0.0	2e-104	1245	98	415	415	2e-104
MAG_CΩZ14_27	UniRef100_Z14_27~K01358	96.4	313	313	100.0	313	0.0	2e-104	939	98	313	313	2e-104
MAG_CΩZ14_28	UniRef100_Z14_28~K03555	96.4	395	395	100.0	395	0.0	2e-104	1185	98	395	395	2e-104
MAG_CΩZ14_33	UniRef100_Z14_33~K06997	96.4	291	291	100.0	291	0.0	2e-104	873	98	291	291	2e-104
MAG_CΩZ14_34	UniRef100_Z14_34~K00845	96.4	424	424	100.0	424	0.0	2e-104	1272	98	424	424	2e-104
MAG_CΩZ14_38	UniRef100_Z14_38~K01512	96.4	430	430	100.0	430	0.0	2e-104	1290	98	430	430	2e-104
MAG_CΩZ14_41	UniRef100_Z14_41~K00764	96.4	351	351	100.0	351	0.0	2e-104	1053	98	351	351	2e-104
MAG_CΩZ14_43	UniRef100_Z14_43~K00823	96.4	316	316	100.0	316	0.0	2e-104	948	98	316	316	2e-104
MAG_CΩZ14_50	UniRef100_Z14_50~K01424	96.4	373	373	100.0	373	0.0	2e-104	1119	98	373	373	2e-104
MAG_CΩZ14_51	UniRef100_Z14_51~K01494	96.4	256	256	100.0	256	0.0	2e-104	768	98	256	256	2e-104
